Date,Time,Elapsed Seconds,Latitude,Longitude,Temperature Probe-Temperature (&#x2103;),Dew Point-Dew Point (&#x2103;),Heat Index-Heat Index (&#x2103;),Humidity-Humidity (%RH)
4/19/2026,6:06:16 PM,0,36.00097,-78.94516,21.4,3.9,21.4,29.9
4/19/2026,6:06:17 PM,1,36.00097,-78.94516,21.3,3.9,21.4,29.9
4/19/2026,6:06:18 PM,2,36.00097,-78.94516,21.3,3.9,21.4,29.9
4/19/2026,6:06:19 PM,3,36.00097,-78.94516,21.2,3.8,21.4,29.8
4/19/2026,6:06:20 PM,4,36.00097,-78.94517,21.2,3.8,21.4,29.7
4/19/2026,6:06:21 PM,5,36.00097,-78.94517,21.1,3.8,21.4,29.8
4/19/2026,6:06:22 PM,6,36.00097,-78.94517,21.1,3.8,21.4,29.8
4/19/2026,6:06:23 PM,7,36.00097,-78.94517,21,3.8,21.3,29.9
4/19/2026,6:06:24 PM,8,36.00097,-78.94517,20.9,3.9,21.4,29.9
4/19/2026,6:06:25 PM,9,36.00097,-78.94517,21,3.8,21.3,29.8
4/19/2026,6:06:26 PM,10,36.00097,-78.94517,20.7,3.8,21.3,29.8
4/19/2026,6:06:27 PM,11,36.00097,-78.94517,20.7,3.7,21.3,29.5
4/19/2026,6:06:28 PM,12,36.00097,-78.94517,20.8,3.7,21.3,29.6
4/19/2026,6:06:29 PM,13,36.00097,-78.94517,20.7,3.7,21.3,29.6
4/19/2026,6:06:30 PM,14,36.00097,-78.94517,20.6,3.6,21.3,29.4
4/19/2026,6:06:31 PM,15,36.00097,-78.94517,20.8,3.5,21.3,29.1
4/19/2026,6:06:32 PM,16,36.00097,-78.94517,20.8,3.5,21.3,29.2
4/19/2026,6:06:33 PM,17,36.00097,-78.94517,20.6,3.5,21.3,29.2
4/19/2026,6:06:34 PM,18,36.00097,-78.94517,20.6,3.5,21.3,29.3
4/19/2026,6:06:35 PM,19,36.00097,-78.94517,20.7,3.6,21.3,29.4
4/19/2026,6:06:36 PM,20,36.00097,-78.94517,20.7,3.6,21.3,29.5
4/19/2026,6:06:37 PM,21,36.00097,-78.94517,20.5,3.6,21.3,29.5
4/19/2026,6:06:38 PM,22,36.00097,-78.94517,20.5,3.6,21.3,29.5
4/19/2026,6:06:39 PM,23,36.00097,-78.94517,20.6,3.6,21.3,29.5
4/19/2026,6:06:40 PM,24,36.00097,-78.94517,20.6,3.6,21.2,29.5
4/19/2026,6:06:41 PM,25,36.00097,-78.94517,20.4,3.6,21.2,29.6
4/19/2026,6:06:42 PM,26,36.00097,-78.94517,20.6,3.6,21.2,29.6
4/19/2026,6:06:43 PM,27,36.00097,-78.94517,20.6,3.6,21.2,29.6
4/19/2026,6:06:44 PM,28,36.00097,-78.94517,20.6,3.6,21.2,29.5
4/19/2026,6:06:45 PM,29,36.00097,-78.94517,20.5,3.5,21.2,29.5
4/19/2026,6:06:46 PM,30,36.00097,-78.94517,20.6,3.4,21.2,29.3
4/19/2026,6:06:47 PM,31,36.00097,-78.94517,20.5,3.4,21.2,29.2
4/19/2026,6:06:48 PM,32,36.00097,-78.94517,20.3,3.4,21.2,29.2
4/19/2026,6:06:49 PM,33,36.00097,-78.94517,20.6,3.3,21.2,29
4/19/2026,6:06:50 PM,34,36.00097,-78.94517,20.5,3.3,21.2,28.9
4/19/2026,6:06:51 PM,35,36.00097,-78.94517,20.4,3.2,21.2,28.9
4/19/2026,6:06:52 PM,36,36.00097,-78.94517,20.5,3.2,21.1,28.9
4/19/2026,6:06:53 PM,37,36.00097,-78.94517,20.4,3,21.1,28.5
4/19/2026,6:06:54 PM,38,36.00097,-78.94517,20.5,2.9,21.1,28.3
4/19/2026,6:06:55 PM,39,36.00097,-78.94517,20.3,3,21.1,28.4
4/19/2026,6:06:56 PM,40,36.00097,-78.94517,20.5,3.1,21.1,28.7
4/19/2026,6:06:57 PM,41,36.00097,-78.94517,20.3,3.1,21.1,28.7
4/19/2026,6:06:58 PM,42,36.00097,-78.94517,20.5,3,21.1,28.5
4/19/2026,6:06:59 PM,43,36.00097,-78.94517,20.3,3,21.1,28.5
4/19/2026,6:07:00 PM,44,36.00097,-78.94517,20.3,3,21.1,28.5
4/19/2026,6:07:01 PM,45,36.00097,-78.94517,20.4,2.9,21.1,28.3
4/19/2026,6:07:02 PM,46,36.00097,-78.94517,20.1,2.9,21.1,28.3
4/19/2026,6:07:03 PM,47,36.00097,-78.94517,20.3,3,21.1,28.5
4/19/2026,6:07:04 PM,48,36.00097,-78.94517,20.1,3,21.1,28.5
4/19/2026,6:07:05 PM,49,36.00097,-78.94517,20.1,2.6,21,27.8
4/19/2026,6:07:06 PM,50,36.00097,-78.94517,20.1,2.3,21,27.3
4/19/2026,6:07:07 PM,51,36.00097,-78.94517,20.1,2.2,21,27
4/19/2026,6:07:08 PM,52,36.00097,-78.94517,20.1,2.1,21,26.9
4/19/2026,6:07:09 PM,53,36.00097,-78.94517,20.2,2.2,21,27
4/19/2026,6:07:10 PM,54,36.00097,-78.94517,20.1,2.3,21,27.2
4/19/2026,6:07:11 PM,55,36.00097,-78.94517,20,2.3,21,27.3
4/19/2026,6:07:12 PM,56,36.00097,-78.94517,20.1,2.3,21,27.2
4/19/2026,6:07:13 PM,57,36.00097,-78.94517,20,2.3,21,27.4
4/19/2026,6:07:14 PM,58,36.00097,-78.94517,20,2.4,21,27.6
4/19/2026,6:07:15 PM,59,36.00097,-78.94517,20,2.3,20.9,27.4
4/19/2026,6:07:16 PM,60,36.00097,-78.94517,20,2.3,20.9,27.3
4/19/2026,6:07:17 PM,61,36.00097,-78.94517,19.9,2.4,20.9,27.5
4/19/2026,6:07:18 PM,62,36.00097,-78.94517,19.7,2.3,20.9,27.3
4/19/2026,6:07:19 PM,63,36.00097,-78.94517,19.8,2.2,20.9,27.1
4/19/2026,6:07:20 PM,64,36.00097,-78.94517,19.8,2.2,20.9,27.2
4/19/2026,6:07:21 PM,65,36.00097,-78.94517,19.8,2.2,20.9,27.3
4/19/2026,6:07:22 PM,66,36.00097,-78.94517,19.7,2.2,20.9,27.3
4/19/2026,6:07:23 PM,67,36.00097,-78.94517,19.8,2.3,20.9,27.4
4/19/2026,6:07:24 PM,68,36.00097,-78.94517,19.6,2.3,20.9,27.4
4/19/2026,6:07:25 PM,69,36.00097,-78.94517,19.7,2.3,20.9,27.4
4/19/2026,6:07:26 PM,70,36.00097,-78.94517,19.7,2.3,20.9,27.6
4/19/2026,6:07:27 PM,71,36.00097,-78.94517,19.8,2.4,20.8,27.6
4/19/2026,6:07:28 PM,72,36.00097,-78.94517,19.6,2.4,20.8,27.7
4/19/2026,6:07:29 PM,73,36.00097,-78.94517,19.7,2.4,20.8,27.8
4/19/2026,6:07:30 PM,74,36.00097,-78.94517,19.7,2.4,20.8,27.8
4/19/2026,6:07:31 PM,75,36.00097,-78.94517,19.7,2.5,20.8,27.9
4/19/2026,6:07:32 PM,76,36.00097,-78.94517,19.6,2.5,20.8,27.9
4/19/2026,6:07:33 PM,77,36.00097,-78.94517,19.6,2.5,20.8,27.9
4/19/2026,6:07:34 PM,78,36.00097,-78.94517,19.6,2.5,20.8,28
4/19/2026,6:07:35 PM,79,36.00097,-78.94517,19.6,2.6,20.8,28.1
4/19/2026,6:07:36 PM,80,36.00097,-78.94517,19.5,2.5,20.8,28.1
4/19/2026,6:07:37 PM,81,36.00097,-78.94517,19.5,2.5,20.8,28.1
4/19/2026,6:07:38 PM,82,36.00097,-78.94517,19.7,2.5,20.8,28
4/19/2026,6:07:39 PM,83,36.00097,-78.94517,19.6,2.5,20.7,27.9
4/19/2026,6:07:40 PM,84,36.00097,-78.94517,19.5,2.5,20.7,28
4/19/2026,6:07:41 PM,85,36.00097,-78.94517,19.5,2.6,20.7,28.2
4/19/2026,6:07:42 PM,86,36.00097,-78.94517,19.5,2.6,20.7,28.2
4/19/2026,6:07:43 PM,87,36.00097,-78.94517,19.4,2.6,20.7,28.2
4/19/2026,6:07:44 PM,88,36.00097,-78.94517,19.5,2.6,20.7,28.3
4/19/2026,6:07:45 PM,89,36.00097,-78.94517,19.4,2.5,20.7,28.1
4/19/2026,6:07:46 PM,90,36.00097,-78.94517,19.5,2.5,20.7,28.1
4/19/2026,6:07:47 PM,91,36.00097,-78.94517,19.4,2.5,20.7,28.2
4/19/2026,6:07:48 PM,92,36.00097,-78.94517,19.1,2.5,20.7,28.2
4/19/2026,6:07:49 PM,93,36.00097,-78.94517,19.3,2.5,20.7,28.2
4/19/2026,6:07:50 PM,94,36.00097,-78.94517,19.5,2.5,20.6,28.2
4/19/2026,6:07:51 PM,95,36.00097,-78.94517,19.2,2.5,20.7,28.1
4/19/2026,6:07:52 PM,96,36.00097,-78.94517,19.2,2.4,20.6,28
4/19/2026,6:07:53 PM,97,36.00097,-78.94517,19.2,2.4,20.6,27.9
4/19/2026,6:07:54 PM,98,36.00097,-78.94517,19.4,2.3,20.6,27.9
4/19/2026,6:07:55 PM,99,36.00097,-78.94517,18.9,2.4,20.6,28
4/19/2026,6:07:56 PM,100,36.00097,-78.94517,19.1,2.4,20.6,28
4/19/2026,6:07:57 PM,101,36.00097,-78.94517,19.2,2.4,20.6,28.1
4/19/2026,6:07:58 PM,102,36.00097,-78.94517,19.1,2.4,20.6,28.2
4/19/2026,6:07:59 PM,103,36.00097,-78.94517,19.1,2.4,20.6,28.2
4/19/2026,6:08:00 PM,104,36.00097,-78.94517,19.2,2.4,20.6,28.1
4/19/2026,6:08:01 PM,105,36.00097,-78.94517,19.1,2.3,20.6,28
4/19/2026,6:08:02 PM,106,36.00097,-78.94517,19.1,2.3,20.5,28
4/19/2026,6:08:03 PM,107,36.00097,-78.94517,19,2.3,20.5,28
4/19/2026,6:08:04 PM,108,36.00097,-78.94517,19,2.3,20.5,27.9
4/19/2026,6:08:05 PM,109,36.00097,-78.94517,19.2,2.1,20.5,27.6
4/19/2026,6:08:06 PM,110,36.00097,-78.94517,19.1,1.8,20.5,27
4/19/2026,6:08:07 PM,111,36.00097,-78.94517,19,1.4,20.4,26.3
4/19/2026,6:08:08 PM,112,36.00097,-78.94517,18.9,1.2,20.4,25.9
4/19/2026,6:08:09 PM,113,36.00097,-78.94517,18.9,1.1,20.4,25.7
4/19/2026,6:08:10 PM,114,36.00097,-78.94517,19,1,20.4,25.6
4/19/2026,6:08:11 PM,115,36.00097,-78.94517,18.8,1,20.4,25.7
4/19/2026,6:08:12 PM,116,36.00097,-78.94517,18.7,1,20.3,25.7
4/19/2026,6:08:13 PM,117,36.00097,-78.94517,18.8,1,20.3,25.7
4/19/2026,6:08:14 PM,118,36.00097,-78.94517,19,1.1,20.3,25.8
4/19/2026,6:08:15 PM,119,36.00097,-78.94517,19,1.1,20.3,25.9
4/19/2026,6:08:16 PM,120,36.00097,-78.94517,19,1,20.3,25.7
4/19/2026,6:08:17 PM,121,36.00097,-78.94517,18.8,0.8,20.3,25.3
4/19/2026,6:08:18 PM,122,36.00097,-78.94517,18.8,0.6,20.2,25
4/19/2026,6:08:19 PM,123,36.00097,-78.94517,18.7,0.3,20.2,24.6
4/19/2026,6:08:20 PM,124,36.00097,-78.94517,18.9,0.3,20.2,24.6
4/19/2026,6:08:21 PM,125,36.00097,-78.94517,18.8,0.4,20.2,24.7
4/19/2026,6:08:22 PM,126,36.00097,-78.94517,18.7,0.4,20.2,24.7
4/19/2026,6:08:23 PM,127,36.00097,-78.94517,18.7,0.5,20.2,25
4/19/2026,6:08:24 PM,128,36.00097,-78.94517,18.6,0.6,20.2,25.2
4/19/2026,6:08:25 PM,129,36.00097,-78.94517,18.7,0.7,20.2,25.4
4/19/2026,6:08:26 PM,130,36.00097,-78.94517,18.8,0.7,20.2,25.4
4/19/2026,6:08:27 PM,131,36.00097,-78.94517,18.8,0.7,20.2,25.3
4/19/2026,6:08:28 PM,132,36.00097,-78.94517,18.6,0.6,20.2,25.2
4/19/2026,6:08:29 PM,133,36.00097,-78.94517,18.7,0.5,20.1,25.1
4/19/2026,6:08:30 PM,134,36.00097,-78.94517,18.7,0.4,20.1,25
4/19/2026,6:08:31 PM,135,36.00097,-78.94517,18.7,0.4,20.1,24.8
4/19/2026,6:08:32 PM,136,36.00097,-78.94517,18.6,0.4,20.1,24.9
4/19/2026,6:08:33 PM,137,36.00097,-78.94517,18.4,0.4,20.1,24.9
4/19/2026,6:08:34 PM,138,36.00097,-78.94517,18.6,0.4,20.1,25
4/19/2026,6:08:35 PM,139,36.00097,-78.94517,18.5,0.5,20.1,25.1
4/19/2026,6:08:36 PM,140,36.00097,-78.94517,18.7,0.5,20.1,25.2
4/19/2026,6:08:37 PM,141,36.00097,-78.94517,18.6,0.5,20.1,25.2
4/19/2026,6:08:38 PM,142,36.00097,-78.94517,18.6,0.6,20,25.4
4/19/2026,6:08:39 PM,143,36.00097,-78.94517,18.7,0.6,20,25.4
4/19/2026,6:08:40 PM,144,36.00097,-78.94517,18.4,0.6,20,25.4
4/19/2026,6:08:41 PM,145,36.00097,-78.94517,18.5,0.6,20,25.4
4/19/2026,6:08:42 PM,146,36.00097,-78.94517,18.4,0.6,20,25.5
4/19/2026,6:08:43 PM,147,36.00097,-78.94517,18.5,0.7,20,25.6
4/19/2026,6:08:44 PM,148,36.00097,-78.94517,18.4,0.8,20,25.7
4/19/2026,6:08:45 PM,149,36.00097,-78.94517,18.4,0.9,20,25.9
4/19/2026,6:08:46 PM,150,36.00097,-78.94517,18.6,0.9,20,26.1
4/19/2026,6:08:47 PM,151,36.00097,-78.94517,18.6,1,20,26.3
4/19/2026,6:08:48 PM,152,36.00097,-78.94517,18.6,1.1,20,26.4
4/19/2026,6:08:49 PM,153,36.00097,-78.94517,18.4,1.1,19.9,26.4
4/19/2026,6:08:50 PM,154,36.00097,-78.94517,18.5,1.1,19.9,26.6
4/19/2026,6:08:51 PM,155,36.00097,-78.94517,18.6,1.2,19.9,26.6
4/19/2026,6:08:52 PM,156,36.00097,-78.94517,18.4,1.2,19.9,26.7
4/19/2026,6:08:53 PM,157,36.00097,-78.94517,18.4,1.2,19.9,26.8
4/19/2026,6:08:54 PM,158,36.00097,-78.94517,18.8,1.2,19.9,26.8
4/19/2026,6:08:55 PM,159,36.00097,-78.94517,18.5,1.3,19.9,26.9
4/19/2026,6:08:56 PM,160,36.00097,-78.94517,18.8,1.3,19.9,26.9
4/19/2026,6:08:57 PM,161,36.00097,-78.94517,18.7,1.3,19.9,26.9
4/19/2026,6:08:58 PM,162,36.00097,-78.94517,18.6,1.3,19.9,26.9
4/19/2026,6:08:59 PM,163,36.00097,-78.94517,18.6,1.3,19.9,27
4/19/2026,6:09:00 PM,164,36.00097,-78.94517,18.5,1.2,19.9,26.9
4/19/2026,6:09:01 PM,165,36.00097,-78.94517,18.6,1.1,19.8,26.7
4/19/2026,6:09:02 PM,166,36.00097,-78.94517,18.7,1.1,19.8,26.6
4/19/2026,6:09:03 PM,167,36.00097,-78.94517,18.7,1,19.8,26.4
4/19/2026,6:09:04 PM,168,36.00097,-78.94517,18.6,0.9,19.8,26.2
4/19/2026,6:09:05 PM,169,36.00097,-78.94517,18.6,0.9,19.8,26.3
4/19/2026,6:09:06 PM,170,36.00097,-78.94517,18.5,0.9,19.8,26.3
4/19/2026,6:09:07 PM,171,36.00097,-78.94517,18.5,0.8,19.8,26.2
4/19/2026,6:09:08 PM,172,36.00097,-78.94517,18.6,0.9,19.7,26.5
4/19/2026,6:09:09 PM,173,36.00097,-78.94517,18.5,1,19.7,26.6
4/19/2026,6:09:10 PM,174,36.00097,-78.94517,18.6,1,19.7,26.6
4/19/2026,6:09:11 PM,175,36.00097,-78.94517,18.5,1,19.7,26.7
4/19/2026,6:09:12 PM,176,36.00097,-78.94517,18.4,0.9,19.7,26.5
4/19/2026,6:09:13 PM,177,36.00097,-78.94517,18.3,0.9,19.7,26.6
4/19/2026,6:09:14 PM,178,36.00097,-78.94517,18.6,1,19.7,26.7
4/19/2026,6:09:15 PM,179,36.00097,-78.94517,18.7,1,19.7,26.7
4/19/2026,6:09:16 PM,180,36.00097,-78.94517,18.4,1,19.7,26.7
4/19/2026,6:09:17 PM,181,36.00097,-78.94517,18.6,1.1,19.6,26.8
4/19/2026,6:09:18 PM,182,36.00097,-78.94517,18.5,1.1,19.6,26.9
4/19/2026,6:09:19 PM,183,36.00097,-78.94517,18.6,1.1,19.6,27
4/19/2026,6:09:20 PM,184,36.00097,-78.94517,18.4,1.2,19.6,27.1
4/19/2026,6:09:21 PM,185,36.00097,-78.94517,18.6,1.2,19.6,27.2
4/19/2026,6:09:22 PM,186,36.00097,-78.94517,18.5,1.2,19.6,27.2
4/19/2026,6:09:23 PM,187,36.00097,-78.94517,18.6,1.1,19.6,27.1
4/19/2026,6:09:24 PM,188,36.00097,-78.94517,18.6,1.2,19.6,27.1
4/19/2026,6:09:25 PM,189,36.00097,-78.94517,18.6,1.1,19.6,27.1
4/19/2026,6:09:26 PM,190,36.00097,-78.94517,18.6,1.1,19.6,27.1
4/19/2026,6:09:27 PM,191,36.00097,-78.94517,18.6,1,19.6,26.9
4/19/2026,6:09:28 PM,192,36.00097,-78.94517,18.5,1,19.5,26.9
4/19/2026,6:09:29 PM,193,36.00097,-78.94517,18.7,1,19.5,27
4/19/2026,6:09:30 PM,194,36.00097,-78.94517,18.6,1.1,19.5,27.1
4/19/2026,6:09:31 PM,195,36.00097,-78.94517,18.6,1.1,19.5,27.1
4/19/2026,6:09:32 PM,196,36.00097,-78.94517,18.6,1.1,19.5,27.2
4/19/2026,6:09:33 PM,197,36.00097,-78.94517,18.6,1.2,19.5,27.3
4/19/2026,6:09:34 PM,198,36.00097,-78.94517,18.6,1.2,19.5,27.3
4/19/2026,6:09:35 PM,199,36.00097,-78.94517,18.6,1.2,19.5,27.5
4/19/2026,6:09:36 PM,200,36.00097,-78.94517,18.7,1.3,19.5,27.5
4/19/2026,6:09:37 PM,201,36.00097,-78.94517,18.7,1.3,19.5,27.5
4/19/2026,6:09:38 PM,202,36.00097,-78.94517,18.5,1.3,19.5,27.5
4/19/2026,6:09:39 PM,203,36.00097,-78.94517,18.6,1.2,19.5,27.4
4/19/2026,6:09:40 PM,204,36.00097,-78.94517,18.6,1.2,19.4,27.4
4/19/2026,6:09:41 PM,205,36.00097,-78.94517,18.7,1.2,19.5,27.4
4/19/2026,6:09:42 PM,206,36.00097,-78.94517,18.8,1.1,19.4,27.3
4/19/2026,6:09:43 PM,207,36.00097,-78.94517,18.8,1.1,19.4,27.3
4/19/2026,6:09:44 PM,208,36.00097,-78.94517,18.8,1.1,19.4,27.3
4/19/2026,6:09:45 PM,209,36.00097,-78.94517,18.8,1.1,19.4,27.3
4/19/2026,6:09:46 PM,210,36.00097,-78.94517,18.9,1.1,19.4,27.3
4/19/2026,6:09:47 PM,211,36.00097,-78.94517,18.7,1.1,19.4,27.3
4/19/2026,6:09:48 PM,212,36.00097,-78.94517,18.6,1.1,19.4,27.4
4/19/2026,6:09:49 PM,213,36.00097,-78.94517,18.9,1.2,19.4,27.5
4/19/2026,6:09:50 PM,214,36.00097,-78.94517,18.9,1.2,19.4,27.5
4/19/2026,6:09:51 PM,215,36.00097,-78.94517,18.8,1.2,19.4,27.5
4/19/2026,6:09:52 PM,216,36.00097,-78.94517,18.8,1.2,19.4,27.5
4/19/2026,6:09:53 PM,217,36.00097,-78.94517,18.8,1.2,19.3,27.5
4/19/2026,6:09:54 PM,218,36.00097,-78.94517,19,1.2,19.3,27.6
4/19/2026,6:09:55 PM,219,36.00097,-78.94517,18.8,1.2,19.3,27.7
4/19/2026,6:09:56 PM,220,36.00097,-78.94517,18.9,1.2,19.3,27.6
4/19/2026,6:09:57 PM,221,36.00097,-78.94517,18.8,1.2,19.3,27.6
4/19/2026,6:09:58 PM,222,36.00097,-78.94517,19,1.1,19.3,27.5
4/19/2026,6:09:59 PM,223,36.00097,-78.94517,18.9,1.1,19.3,27.5
4/19/2026,6:10:00 PM,224,36.00097,-78.94517,19,1.1,19.3,27.6
4/19/2026,6:10:01 PM,225,36.00097,-78.94517,18.7,1.2,19.3,27.6
4/19/2026,6:10:02 PM,226,36.00097,-78.94517,18.7,1.2,19.3,27.7
4/19/2026,6:10:03 PM,227,36.00097,-78.94517,18.8,1.2,19.3,27.7
4/19/2026,6:10:04 PM,228,36.00097,-78.94517,18.8,1.2,19.3,27.7
4/19/2026,6:10:05 PM,229,36.00097,-78.94517,18.9,1.2,19.3,27.8
4/19/2026,6:10:06 PM,230,36.00097,-78.94517,18.8,1.2,19.3,27.6
4/19/2026,6:10:07 PM,231,36.00097,-78.94517,18.8,1.1,19.3,27.6
4/19/2026,6:10:08 PM,232,36.00097,-78.94517,18.8,1.2,19.3,27.7
4/19/2026,6:10:09 PM,233,36.00097,-78.94517,18.8,1.2,19.3,27.7
4/19/2026,6:10:10 PM,234,36.00097,-78.94517,18.8,1.1,19.2,27.6
4/19/2026,6:10:11 PM,235,36.00097,-78.94517,18.7,1,19.2,27.4
4/19/2026,6:10:12 PM,236,36.00097,-78.94517,18.6,1,19.2,27.4
4/19/2026,6:10:13 PM,237,36.00097,-78.94517,18.8,1,19.2,27.4
4/19/2026,6:10:14 PM,238,36.00097,-78.94517,18.8,0.9,19.2,27.2
4/19/2026,6:10:15 PM,239,36.00097,-78.94517,18.6,0.8,19.2,27
4/19/2026,6:10:16 PM,240,36.00097,-78.94517,18.7,0.8,19.2,27
4/19/2026,6:10:17 PM,241,36.00097,-78.94517,18.6,0.8,19.2,27.1
4/19/2026,6:10:18 PM,242,36.00097,-78.94517,18.6,0.9,19.2,27.2
4/19/2026,6:10:19 PM,243,36.00097,-78.94517,18.6,0.9,19.2,27.2
4/19/2026,6:10:20 PM,244,36.00097,-78.94517,18.6,0.9,19.2,27.3
4/19/2026,6:10:21 PM,245,36.00097,-78.94517,18.6,1,19.2,27.4
4/19/2026,6:10:22 PM,246,36.00097,-78.94517,18.5,1,19.2,27.5
4/19/2026,6:10:23 PM,247,36.00097,-78.94517,18.5,1,19.2,27.6
4/19/2026,6:10:24 PM,248,36.00097,-78.94517,18.6,1.1,19.1,27.7
4/19/2026,6:10:25 PM,249,36.00097,-78.94517,18.6,1,19.1,27.6
4/19/2026,6:10:26 PM,250,36.00097,-78.94517,18.6,1,19.1,27.5
4/19/2026,6:10:27 PM,251,36.00097,-78.94517,18.6,1,19.1,27.5
4/19/2026,6:10:28 PM,252,36.00097,-78.94517,18.7,0.9,19.1,27.4
4/19/2026,6:10:29 PM,253,36.00097,-78.94517,18.4,0.8,19.1,27.2
4/19/2026,6:10:30 PM,254,36.00097,-78.94517,18.6,0.7,19.1,27.1
4/19/2026,6:10:31 PM,255,36.00097,-78.94517,18.6,0.8,19.1,27.2
4/19/2026,6:10:32 PM,256,36.00097,-78.94517,18.8,0.8,19.1,27.3
4/19/2026,6:10:33 PM,257,36.00097,-78.94517,18.4,0.9,19.1,27.4
4/19/2026,6:10:34 PM,258,36.00097,-78.94517,18.7,0.9,19.1,27.5
4/19/2026,6:10:35 PM,259,36.00097,-78.94517,18.6,1,19.1,27.5
4/19/2026,6:10:36 PM,260,36.00097,-78.94517,18.6,1,19.1,27.6
4/19/2026,6:10:37 PM,261,36.00097,-78.94517,18.5,1,19.1,27.7
4/19/2026,6:10:38 PM,262,36.00097,-78.94517,18.7,1,19.1,27.7
4/19/2026,6:10:39 PM,263,36.00097,-78.94517,18.6,0.9,19,27.4
4/19/2026,6:10:40 PM,264,36.00097,-78.94517,18.6,0.8,19,27.3
4/19/2026,6:10:41 PM,265,36.00097,-78.94517,18.7,0.8,19,27.4
4/19/2026,6:10:42 PM,266,36.00097,-78.94517,18.6,0.9,19,27.4
4/19/2026,6:10:43 PM,267,36.00097,-78.94517,18.6,0.9,19,27.4
4/19/2026,6:10:44 PM,268,36.00097,-78.94517,18.6,0.8,19,27.3
4/19/2026,6:10:45 PM,269,36.00097,-78.94517,18.6,0.8,19,27.4
4/19/2026,6:10:46 PM,270,36.00097,-78.94517,18.6,0.9,19,27.5
4/19/2026,6:10:47 PM,271,36.00097,-78.94517,18.6,0.9,19,27.4
4/19/2026,6:10:48 PM,272,36.00097,-78.94517,18.5,0.8,19,27.4
4/19/2026,6:10:49 PM,273,36.00097,-78.94517,18.7,0.8,19,27.4
4/19/2026,6:10:50 PM,274,36.00097,-78.94517,18.8,0.8,19,27.4
4/19/2026,6:10:51 PM,275,36.00097,-78.94517,18.4,0.9,19,27.5
4/19/2026,6:10:52 PM,276,36.00097,-78.94517,18.7,0.9,19,27.5
4/19/2026,6:10:53 PM,277,36.00097,-78.94517,18.6,0.9,19,27.5
4/19/2026,6:10:54 PM,278,36.00097,-78.94517,18.6,0.9,19,27.5
4/19/2026,6:10:55 PM,279,36.00097,-78.94517,18.6,0.9,19,27.6
4/19/2026,6:10:56 PM,280,36.00097,-78.94517,18.7,0.9,19,27.7
4/19/2026,6:10:57 PM,281,36.00097,-78.94517,18.6,1,18.9,27.8
4/19/2026,6:10:58 PM,282,36.00097,-78.94517,18.5,1,19,27.7
4/19/2026,6:10:59 PM,283,36.00097,-78.94517,18.5,0.9,18.9,27.7
4/19/2026,6:11:00 PM,284,36.00097,-78.94517,18.6,0.9,18.9,27.7
4/19/2026,6:11:01 PM,285,36.00097,-78.94517,18.5,0.9,18.9,27.7
4/19/2026,6:11:02 PM,286,36.00097,-78.94517,18.4,1,18.9,27.8
4/19/2026,6:11:03 PM,287,36.00097,-78.94517,18.4,0.9,18.9,27.7
4/19/2026,6:11:04 PM,288,36.00097,-78.94517,18.6,1,18.9,27.8
4/19/2026,6:11:05 PM,289,36.00097,-78.94517,18.3,1,18.9,27.9
4/19/2026,6:11:06 PM,290,36.00097,-78.94517,18.3,1,18.9,27.9
4/19/2026,6:11:07 PM,291,36.00097,-78.94517,18.6,1.1,18.9,28
4/19/2026,6:11:08 PM,292,36.00097,-78.94517,18.4,1,18.9,28
4/19/2026,6:11:09 PM,293,36.00097,-78.94517,18.5,1,18.9,28
4/19/2026,6:11:10 PM,294,36.00097,-78.94517,18.3,1.1,18.9,28
4/19/2026,6:11:11 PM,295,36.00097,-78.94517,18.3,1,18.9,28
4/19/2026,6:11:12 PM,296,36.00097,-78.94517,18.4,1,18.9,28
4/19/2026,6:11:13 PM,297,36.00097,-78.94517,18.4,0.9,18.9,27.8
4/19/2026,6:11:14 PM,298,36.00097,-78.94517,18.5,0.9,18.9,27.8
4/19/2026,6:11:15 PM,299,36.00097,-78.94517,18.3,0.9,18.9,27.8
4/19/2026,6:11:16 PM,300,36.00097,-78.94517,18.4,0.9,18.9,27.8
4/19/2026,6:11:17 PM,301,36.00097,-78.94517,18.6,0.9,18.8,27.8
4/19/2026,6:11:18 PM,302,36.00097,-78.94517,18.3,0.8,18.8,27.7
4/19/2026,6:11:19 PM,303,36.00097,-78.94517,18.3,0.9,18.8,27.8
4/19/2026,6:11:20 PM,304,36.00097,-78.94517,18.6,0.9,18.8,27.8
4/19/2026,6:11:21 PM,305,36.00097,-78.94517,18.4,0.9,18.8,27.8
4/19/2026,6:11:22 PM,306,36.00097,-78.94517,18.3,0.9,18.8,27.8
4/19/2026,6:11:23 PM,307,36.00097,-78.94517,18.4,0.9,18.8,27.9
4/19/2026,6:11:24 PM,308,36.00097,-78.94517,18.3,0.9,18.8,27.9
4/19/2026,6:11:25 PM,309,36.00097,-78.94517,18.4,1,18.8,28
4/19/2026,6:11:26 PM,310,36.00097,-78.94517,18.3,1,18.8,28
4/19/2026,6:11:27 PM,311,36.00097,-78.94517,18.4,1,18.8,28.1
4/19/2026,6:11:28 PM,312,36.00097,-78.94517,18.3,1,18.8,28.1
4/19/2026,6:11:29 PM,313,36.00097,-78.94517,18.4,1,18.8,28.2
4/19/2026,6:11:30 PM,314,36.00097,-78.94517,18.4,1.1,18.8,28.3
4/19/2026,6:11:31 PM,315,36.00097,-78.94517,18.4,1.1,18.8,28.4
4/19/2026,6:11:32 PM,316,36.00097,-78.94517,18.4,1.1,18.8,28.4
4/19/2026,6:11:33 PM,317,36.00097,-78.94517,18.4,1.1,18.8,28.4
4/19/2026,6:11:34 PM,318,36.00097,-78.94517,18.3,1.1,18.8,28.5
4/19/2026,6:11:35 PM,319,36.00097,-78.94517,18.1,1.2,18.8,28.5
4/19/2026,6:11:36 PM,320,36.00097,-78.94517,18.5,1.2,18.8,28.6
4/19/2026,6:11:37 PM,321,36.00097,-78.94517,18.5,1.2,18.7,28.6
4/19/2026,6:11:38 PM,322,36.00097,-78.94517,18.4,1.2,18.7,28.6
4/19/2026,6:11:39 PM,323,36.00097,-78.94517,18.4,1.2,18.7,28.6
4/19/2026,6:11:40 PM,324,36.00097,-78.94517,18.6,1.2,18.7,28.6
4/19/2026,6:11:41 PM,325,36.00097,-78.94517,18.3,1.1,18.7,28.5
4/19/2026,6:11:42 PM,326,36.00097,-78.94517,18.6,1.2,18.7,28.6
4/19/2026,6:11:43 PM,327,36.00097,-78.94517,18.4,1.2,18.7,28.5
4/19/2026,6:11:44 PM,328,36.00097,-78.94517,18.6,1.2,18.7,28.6
4/19/2026,6:11:45 PM,329,36.00097,-78.94517,18.5,1.2,18.7,28.6
4/19/2026,6:11:46 PM,330,36.00097,-78.94517,18.4,1.2,18.7,28.7
4/19/2026,6:11:47 PM,331,36.00097,-78.94517,18.5,1.3,18.7,28.8
4/19/2026,6:11:48 PM,332,36.00097,-78.94517,18.4,1.3,18.7,28.8
4/19/2026,6:11:49 PM,333,36.00097,-78.94517,18.4,1.2,18.7,28.7
4/19/2026,6:11:50 PM,334,36.00097,-78.94517,18.4,1.3,18.7,28.8
4/19/2026,6:11:51 PM,335,36.00097,-78.94517,18.3,1.4,18.7,29.1
4/19/2026,6:11:52 PM,336,36.00097,-78.94517,18.3,1.5,18.7,29.2
4/19/2026,6:11:53 PM,337,36.00097,-78.94517,18.4,1.4,18.7,29.1
4/19/2026,6:11:54 PM,338,36.00097,-78.94517,18.4,1.3,18.7,29
4/19/2026,6:11:55 PM,339,36.00097,-78.94517,18.2,1.3,18.7,28.9
4/19/2026,6:11:56 PM,340,36.00097,-78.94517,18.2,1.3,18.7,28.8
4/19/2026,6:11:57 PM,341,36.00097,-78.94517,18.4,1.2,18.7,28.7
4/19/2026,6:11:58 PM,342,36.00097,-78.94517,18.3,1.2,18.7,28.7
4/19/2026,6:11:59 PM,343,36.00097,-78.94517,18.4,1.1,18.6,28.6
4/19/2026,6:12:00 PM,344,36.00097,-78.94517,18.3,1.1,18.6,28.6
4/19/2026,6:12:01 PM,345,36.00097,-78.94517,18.2,1.1,18.6,28.5
4/19/2026,6:12:02 PM,346,36.00097,-78.94517,18.3,1.1,18.6,28.5
4/19/2026,6:12:03 PM,347,36.00097,-78.94517,18.3,1,18.6,28.5
4/19/2026,6:12:04 PM,348,36.00097,-78.94517,18.2,1.1,18.6,28.5
4/19/2026,6:12:05 PM,349,36.00097,-78.94517,18.3,1.1,18.6,28.5
4/19/2026,6:12:06 PM,350,36.00097,-78.94517,18.3,1.1,18.6,28.6
4/19/2026,6:12:07 PM,351,36.00097,-78.94517,18.2,1.1,18.6,28.6
4/19/2026,6:12:08 PM,352,36.00097,-78.94517,18.3,1.1,18.6,28.6
4/19/2026,6:12:09 PM,353,36.00097,-78.94517,18.1,1.1,18.6,28.6
4/19/2026,6:12:10 PM,354,36.00097,-78.94517,18.2,1.1,18.6,28.7
4/19/2026,6:12:11 PM,355,36.00097,-78.94517,18,1.1,18.6,28.7
4/19/2026,6:12:12 PM,356,36.00097,-78.94517,18.1,1.1,18.6,28.6
4/19/2026,6:12:13 PM,357,36.00097,-78.94517,18.3,1,18.6,28.4
4/19/2026,6:12:14 PM,358,36.00097,-78.94517,18.2,0.9,18.5,28.3
4/19/2026,6:12:15 PM,359,36.00097,-78.94517,18.2,1,18.5,28.4
4/19/2026,6:12:16 PM,360,36.00097,-78.94517,18.1,1,18.5,28.5
4/19/2026,6:12:17 PM,361,36.00097,-78.94517,18.2,0.9,18.5,28.4
4/19/2026,6:12:18 PM,362,36.00097,-78.94517,18.2,1,18.5,28.5
4/19/2026,6:12:19 PM,363,36.00097,-78.94517,18.2,1,18.5,28.5
4/19/2026,6:12:20 PM,364,36.00097,-78.94517,18.3,1,18.5,28.6
4/19/2026,6:12:21 PM,365,36.00097,-78.94517,18.2,1,18.5,28.5
4/19/2026,6:12:22 PM,366,36.00097,-78.94517,18.3,1,18.5,28.5
4/19/2026,6:12:23 PM,367,36.00097,-78.94517,18.3,1,18.5,28.6
4/19/2026,6:12:24 PM,368,36.00097,-78.94517,18.3,1,18.5,28.7
4/19/2026,6:12:25 PM,369,36.00097,-78.94517,18.2,1,18.5,28.7
4/19/2026,6:12:26 PM,370,36.00097,-78.94517,18.3,1.1,18.5,28.7
4/19/2026,6:12:27 PM,371,36.00097,-78.94517,18.1,1,18.5,28.7
4/19/2026,6:12:28 PM,372,36.00097,-78.94517,18.2,1,18.5,28.7
4/19/2026,6:12:29 PM,373,36.00097,-78.94517,18.3,1,18.5,28.6
4/19/2026,6:12:30 PM,374,36.00097,-78.94517,18,1,18.5,28.6
4/19/2026,6:12:31 PM,375,36.00097,-78.94517,18.2,0.9,18.5,28.5
4/19/2026,6:12:32 PM,376,36.00097,-78.94517,18.2,1,18.4,28.6
4/19/2026,6:12:33 PM,377,36.00097,-78.94517,18,1,18.5,28.6
4/19/2026,6:12:34 PM,378,36.00097,-78.94517,18.2,0.9,18.4,28.5
4/19/2026,6:12:35 PM,379,36.00097,-78.94517,18.2,0.9,18.4,28.4
4/19/2026,6:12:36 PM,380,36.00097,-78.94517,18.1,0.9,18.4,28.4
4/19/2026,6:12:37 PM,381,36.00097,-78.94517,18.3,0.9,18.4,28.5
4/19/2026,6:12:38 PM,382,36.00097,-78.94517,18.2,0.9,18.4,28.5
4/19/2026,6:12:39 PM,383,36.00097,-78.94517,18.1,0.9,18.4,28.4
4/19/2026,6:12:40 PM,384,36.00097,-78.94517,18.2,0.9,18.4,28.4
4/19/2026,6:12:41 PM,385,36.00097,-78.94517,18.2,0.9,18.4,28.4
4/19/2026,6:12:42 PM,386,36.00097,-78.94517,18.2,0.8,18.4,28.4
4/19/2026,6:12:43 PM,387,36.00097,-78.94517,18.3,0.8,18.4,28.4
4/19/2026,6:12:44 PM,388,36.00097,-78.94517,18.2,0.7,18.4,28.2
4/19/2026,6:12:45 PM,389,36.00097,-78.94517,18.3,0.7,18.4,28.1
4/19/2026,6:12:46 PM,390,36.00097,-78.94517,18.2,0.7,18.4,28.1
4/19/2026,6:12:47 PM,391,36.00097,-78.94517,18.3,0.6,18.4,28
4/19/2026,6:12:48 PM,392,36.00097,-78.94517,18.3,0.6,18.4,27.9
4/19/2026,6:12:49 PM,393,36.00097,-78.94517,18.3,0.5,18.4,27.8
4/19/2026,6:12:50 PM,394,36.00097,-78.94517,18.3,0.4,18.3,27.6
4/19/2026,6:12:51 PM,395,36.00097,-78.94517,18.2,0.2,18.3,27.2
4/19/2026,6:12:52 PM,396,36.00097,-78.94517,18.1,0.2,18.3,27.1
4/19/2026,6:12:53 PM,397,36.00097,-78.94517,18.2,0,18.3,26.8
4/19/2026,6:12:54 PM,398,36.00097,-78.94517,18.2,0,18.3,26.8
4/19/2026,6:12:55 PM,399,36.00097,-78.94517,18.2,0,18.3,26.9
4/19/2026,6:12:56 PM,400,36.00097,-78.94517,18.3,0,18.3,26.9
4/19/2026,6:12:57 PM,401,36.00097,-78.94517,18.3,0,18.3,26.9
4/19/2026,6:12:58 PM,402,36.00097,-78.94517,18.3,0.1,18.3,27
4/19/2026,6:12:59 PM,403,36.00097,-78.94517,18.1,0.1,18.3,27.1
4/19/2026,6:13:00 PM,404,36.00097,-78.94517,18.2,0.1,18.3,27.1
4/19/2026,6:13:01 PM,405,36.00097,-78.94517,18.3,0.1,18.3,27.1
4/19/2026,6:13:02 PM,406,36.00097,-78.94517,18.2,0.1,18.3,27.1
4/19/2026,6:13:03 PM,407,36.00097,-78.94517,18.3,0.1,18.3,27.1
4/19/2026,6:13:04 PM,408,36.00097,-78.94517,18.2,0.2,18.3,27.2
4/19/2026,6:13:05 PM,409,36.00097,-78.94517,18.3,0.1,18.2,27.1
4/19/2026,6:13:06 PM,410,36.00097,-78.94517,18.2,0.1,18.2,27.1
4/19/2026,6:13:07 PM,411,36.00097,-78.94517,18.3,0.2,18.2,27.3
4/19/2026,6:13:08 PM,412,36.00097,-78.94517,18.1,0.3,18.3,27.4
4/19/2026,6:13:09 PM,413,36.00097,-78.94517,18.2,0.3,18.2,27.6
4/19/2026,6:13:10 PM,414,36.00097,-78.94517,18.3,0.3,18.2,27.6
4/19/2026,6:13:11 PM,415,36.00097,-78.94517,18.3,0.4,18.2,27.7
4/19/2026,6:13:12 PM,416,36.00097,-78.94517,18.1,0.4,18.2,27.8
4/19/2026,6:13:13 PM,417,36.00097,-78.94517,18.3,0.4,18.2,27.8
4/19/2026,6:13:14 PM,418,36.00097,-78.94517,18.3,0.4,18.2,27.9
4/19/2026,6:13:15 PM,419,36.00097,-78.94517,18.1,0.4,18.2,27.9
4/19/2026,6:13:16 PM,420,36.00097,-78.94517,18.3,0.5,18.2,28
4/19/2026,6:13:17 PM,421,36.00097,-78.94517,18.3,0.5,18.2,28
4/19/2026,6:13:18 PM,422,36.00097,-78.94517,18.3,0.6,18.2,28.1
4/19/2026,6:13:19 PM,423,36.00097,-78.94517,18.3,0.6,18.2,28.1
4/19/2026,6:13:20 PM,424,36.00097,-78.94517,18.3,0.6,18.2,28.2
4/19/2026,6:13:21 PM,425,36.00097,-78.94517,18.3,0.6,18.2,28.2
4/19/2026,6:13:22 PM,426,36.00097,-78.94517,18.1,0.5,18.2,28
4/19/2026,6:13:23 PM,427,36.00097,-78.94517,18.3,0.4,18.2,27.8
4/19/2026,6:13:24 PM,428,36.00097,-78.94517,18.3,0.3,18.2,27.7
4/19/2026,6:13:25 PM,429,36.00097,-78.94517,18.1,0.3,18.2,27.6
4/19/2026,6:13:26 PM,430,36.00097,-78.94517,18.3,0.3,18.2,27.7
4/19/2026,6:13:27 PM,431,36.00097,-78.94517,18.3,0.3,18.2,27.8
4/19/2026,6:13:28 PM,432,36.00097,-78.94517,18.3,0.4,18.2,27.8
4/19/2026,6:13:29 PM,433,36.00097,-78.94517,18.2,0.5,18.2,28
4/19/2026,6:13:30 PM,434,36.00097,-78.94517,18.1,0.4,18.1,28
4/19/2026,6:13:31 PM,435,36.00097,-78.94517,18.3,0.4,18.1,28
4/19/2026,6:13:32 PM,436,36.00097,-78.94517,18.3,0.4,18.1,27.9
4/19/2026,6:13:33 PM,437,36.00097,-78.94517,18.3,0.4,18.1,28
4/19/2026,6:13:34 PM,438,36.00097,-78.94517,18.3,0.5,18.1,28
4/19/2026,6:13:35 PM,439,36.00097,-78.94517,18.2,0.5,18.1,28.1
4/19/2026,6:13:36 PM,440,36.00097,-78.94517,18.3,0.5,18.1,28.1
4/19/2026,6:13:37 PM,441,36.00097,-78.94517,18.3,0.4,18.1,28
4/19/2026,6:13:38 PM,442,36.00097,-78.94517,18.3,0.4,18.1,28
4/19/2026,6:13:39 PM,443,36.00097,-78.94517,18.3,0.4,18.1,28
4/19/2026,6:13:40 PM,444,36.00097,-78.94517,18.3,0.4,18.1,27.9
4/19/2026,6:13:41 PM,445,36.00097,-78.94517,18.3,0.4,18.1,27.9
4/19/2026,6:13:42 PM,446,36.00097,-78.94517,18.1,0.5,18.1,28.1
4/19/2026,6:13:43 PM,447,36.00097,-78.94517,18.3,0.5,18.1,28.1
4/19/2026,6:13:44 PM,448,36.00097,-78.94517,18.2,0.4,18.1,28.1
4/19/2026,6:13:45 PM,449,36.00097,-78.94517,18.3,0.5,18.1,28.2
4/19/2026,6:13:46 PM,450,36.00097,-78.94517,18.3,0.5,18.1,28.2
4/19/2026,6:13:47 PM,451,36.00097,-78.94517,18.3,0.5,18.1,28.2
4/19/2026,6:13:48 PM,452,36.00097,-78.94517,18.1,0.5,18.1,28.2
4/19/2026,6:13:49 PM,453,36.00097,-78.94517,18.2,0.5,18.1,28.2
4/19/2026,6:13:50 PM,454,36.00097,-78.94517,18.1,0.5,18.1,28.3
4/19/2026,6:13:51 PM,455,36.00097,-78.94517,18.2,0.5,18.1,28.2
4/19/2026,6:13:52 PM,456,36.00097,-78.94517,18.2,0.5,18.1,28.3
4/19/2026,6:13:53 PM,457,36.00097,-78.94517,18,0.5,18.1,28.3
4/19/2026,6:13:54 PM,458,36.00097,-78.94517,18,0.5,18.1,28.3
4/19/2026,6:13:55 PM,459,36.00097,-78.94517,17.9,0.5,18.1,28.3
4/19/2026,6:13:56 PM,460,36.00097,-78.94517,18.3,0.5,18.1,28.3
4/19/2026,6:13:57 PM,461,36.00097,-78.94517,18.1,0.5,18,28.3
4/19/2026,6:13:58 PM,462,36.00097,-78.94517,18.1,0.5,18,28.3
4/19/2026,6:13:59 PM,463,36.00097,-78.94517,18.1,0.5,18,28.3
4/19/2026,6:14:00 PM,464,36.00097,-78.94517,17.9,0.5,18,28.3
4/19/2026,6:14:01 PM,465,36.00097,-78.94517,18.3,0.4,18,28.2
4/19/2026,6:14:02 PM,466,36.00097,-78.94517,18,0.4,18,28.1
4/19/2026,6:14:03 PM,467,36.00097,-78.94517,18.2,0.4,18,28.2
4/19/2026,6:14:04 PM,468,36.00097,-78.94517,18.2,0.5,18,28.2
4/19/2026,6:14:05 PM,469,36.00097,-78.94517,18.1,0.5,18,28.2
4/19/2026,6:14:06 PM,470,36.00097,-78.94517,18.1,0.4,18,28.1
4/19/2026,6:14:07 PM,471,36.00097,-78.94517,18.1,0.3,18,28
4/19/2026,6:14:08 PM,472,36.00097,-78.94517,18.1,0.2,18,27.7
4/19/2026,6:14:09 PM,473,36.00097,-78.94517,18,0.2,18,27.7
4/19/2026,6:14:10 PM,474,36.00097,-78.94517,18.3,0.1,18,27.6
4/19/2026,6:14:11 PM,475,36.00097,-78.94517,18.2,0.1,18,27.6
4/19/2026,6:14:12 PM,476,36.00097,-78.94517,18.1,0.2,18,27.8
4/19/2026,6:14:13 PM,477,36.00097,-78.94517,18.1,0.3,18,27.8
4/19/2026,6:14:14 PM,478,36.00097,-78.94517,18,0.3,18,27.9
4/19/2026,6:14:15 PM,479,36.00097,-78.94517,18,0.3,18,28
4/19/2026,6:14:16 PM,480,36.00097,-78.94517,18.1,0.3,18,28
4/19/2026,6:14:17 PM,481,36.00097,-78.94517,18.1,0.3,18,27.9
4/19/2026,6:14:18 PM,482,36.00097,-78.94517,18.2,0.2,18,27.8
4/19/2026,6:14:19 PM,483,36.00097,-78.94517,18.2,0.1,17.9,27.5
4/19/2026,6:14:20 PM,484,36.00097,-78.94517,18,0,17.9,27.5
4/19/2026,6:14:21 PM,485,36.00097,-78.94517,18.1,0.1,18,27.6
4/19/2026,6:14:22 PM,486,36.00097,-78.94517,18,0.2,17.9,27.7
4/19/2026,6:14:23 PM,487,36.00097,-78.94517,18.2,0.2,17.9,27.8
4/19/2026,6:14:24 PM,488,36.00097,-78.94517,18,0.3,17.9,27.9
4/19/2026,6:14:25 PM,489,36.00097,-78.94517,18,0.2,17.9,27.9
4/19/2026,6:14:26 PM,490,36.00097,-78.94517,18.2,0.1,17.9,27.7
4/19/2026,6:14:27 PM,491,36.00097,-78.94517,18.3,0.1,17.9,27.7
4/19/2026,6:14:28 PM,492,36.00097,-78.94517,18.2,0.1,17.9,27.7
4/19/2026,6:14:29 PM,493,36.00097,-78.94517,18.1,0.2,17.9,27.8
4/19/2026,6:14:30 PM,494,36.00097,-78.94517,18.2,0.2,17.9,27.9
4/19/2026,6:14:31 PM,495,36.00097,-78.94517,18.2,0.3,17.9,28.1
4/19/2026,6:14:32 PM,496,36.00097,-78.94517,18,0.3,17.9,28.1
4/19/2026,6:14:33 PM,497,36.00097,-78.94517,18.3,0.3,17.9,28.1
4/19/2026,6:14:34 PM,498,36.00097,-78.94517,18,0.3,17.9,28
4/19/2026,6:14:35 PM,499,36.00097,-78.94517,18.1,0.2,17.9,27.9
4/19/2026,6:14:36 PM,500,36.00097,-78.94517,18,0.1,17.9,27.7
4/19/2026,6:14:37 PM,501,36.00097,-78.94517,18.1,0.1,17.9,27.7
4/19/2026,6:14:38 PM,502,36.00097,-78.94517,18,0,17.9,27.5
4/19/2026,6:14:39 PM,503,36.00097,-78.94517,18,-0.1,17.9,27.3
4/19/2026,6:14:40 PM,504,36.00097,-78.94517,18,-0.2,17.8,27.1
4/19/2026,6:14:41 PM,505,35.99873,-78.94117,18,-0.2,17.8,27.2
4/19/2026,6:14:42 PM,506,35.99871,-78.94116,17.9,-0.1,17.8,27.3
4/19/2026,6:14:43 PM,507,35.99872,-78.94114,18.1,-0.1,17.8,27.4