Kestrel Name,Route Number,Time,Temperature,Wet Bulb Temp,Globe Temperature,Relative Humidity,Barometric Pressure,Altitude,Station Pressure,Wind Speed,Heat Index,Dew Point,Density Altitude,Crosswind,Headwind,Compass Magnetic Direction,NWB Temp,Compass True Direction,Thermal Work Limit,Wet Bulb Globe Temperature,Wind Chill,Probability of Ignition,Vapor Pressure Deficit,Data Type,Record name,Start time,Duration (H:M:S),Location description,Location address,Location coordinates,Notes
,,,°F,°F,°F,%,inHg,ft,inHg,mph,°F,°F,ft,mph,mph,Deg,°F,Deg,w/m2,°F,°F,%,inHg,,,,,,,,
FIRE - 3126788,0,2026-06-04 10:57:03 AM,84,77,102,73,30,-145,30,9,92,74,1784,,,,81,,204,85,84,30,0.31,session,"Session - Jun 4, 2026 10:57:03 AM",2026-06-04 10:57:03 AM 10:57:03 AM,00:05:53,,,,Enter Notes
HEAT - 3030480,17,2026-06-07 10:48:39 AM,86,78,108,68,30,-34,30,6,97,75,2087,,,,82,,174,88,86,,,session,"Session - Jun 7, 2026 10:48:39 AM",2026-06-07 10:48:39 AM 10:48:39 AM,00:16:18,,,,
HEAT - 3030480,17,2026-06-07 03:27:30 PM,88,78,106,66,30,-16,30,5,99,75,2193,,,,82,,182,87,88,,,session,"Session - Jun 7, 2026 3:27:30 PM",2026-06-07 03:27:30 PM 3:27:30 PM,00:06:32,,,,
HEAT - 3030480,17,2026-06-07 03:34:27 PM,86,78,101,68,30,-17,30,6,96,74,2095,,,,81,,206,85,86,,,session,"Session - Jun 7, 2026 3:34:27 PM",2026-06-07 03:34:27 PM 3:34:27 PM,00:09:02,,,,
FIRE - 3126787,20,2026-06-07 01:14:51 PM,87,78,110,67,30,27,30,5,98,75,2221,,,,83,,163,89,87,40,0.44,session,"Session - Jun 7, 2026 1:14:51 PM",2026-06-07 01:14:51 PM 1:14:51 PM,00:15:14,,,,Enter Notes
FIRE - 3126787,30,2026-06-08 10:26:48 AM,88,76,110,59,30,-148,30,5,96,72,1994,,,,81,,174,87,88,40,0.55,session,"Session - Jun 8, 2026 10:26:48 AM",2026-06-08 10:26:48 AM 10:26:48 AM,00:15:44,,,,Enter Notes
WBGT 1,30,2026-06-08 03:49:35 PM,88,78,108,63,30,-97,30,4,99,74,2112,,,,82,,173,88,88,,,session,"Session - Jun 8, 2026 3:49:35 PM",2026-06-08 03:49:35 PM 3:49:35 PM,00:19:58,,,,Enter Notes
WBGT 1,31,2026-06-08 12:20:22 PM,88,76,109,59,30,-180,30,4,95,71,1940,,,,81,,178,87,88,,,session,"Session - Jun 8, 2026 12:20:22 PM",2026-06-08 12:20:22 PM 12:20:22 PM,00:18:13,,,,Enter Notes
WBGT 1,31,2026-06-08 03:49:35 PM,88,78,108,63,30,-97,30,4,99,74,2112,,,,82,,173,88,88,,,session,"Session - Jun 8, 2026 3:49:35 PM",2026-06-08 03:49:35 PM 3:49:35 PM,00:19:58,,,,Enter Notes
FIRE - 3126787,10,2026-06-10 10:05:25 AM,86,75,98,59,30,-41,30,4,93,70,2007,,,,77,,223,82,86,40,0.51,session,"Session - Jun 10, 2026 10:05:25 AM",2026-06-10 10:05:25 AM 10:05:25 AM,00:15:00,,,,Enter Notes
FIRE - 3126787,10,2026-06-10 11:38:07 AM,85,76,94,69,30,-118,30,4,93,73,1857,,,,78,,225,82,85,34,0.37,session,"Session - Jun 10, 2026 11:38:07 AM",2026-06-10 11:38:07 AM 11:38:07 AM,00:15:07,,,,Enter Notes
FIRE - 3126787,10,2026-06-10 04:27:15 PM,84,75,87,66,30,8,30,3,91,72,1976,,,,75,,254,78,84,40,0.4,session,"Session - Jun 10, 2026 4:27:15 PM",2026-06-10 04:27:15 PM 4:27:15 PM,00:15:00,,,,Enter Notes
FIRE - 3126787,10,2026-06-10 02:53:36 PM,88,78,110,63,30,-71,30,3,98,74,2136,,,,82,,156,88,88,40,0.5,session,"Session - Jun 10, 2026 2:53:36 PM",2026-06-10 02:53:36 PM 2:53:36 PM,00:15:04,,,,Enter Notes
FIRE - 3126787,34,2026-06-14 11:34:26 AM,89,77,110,58,30,-116,30,3,98,72,2118,,,,81,,166,87,89,40,0.58,session,"Session - Jun 14, 2026 11:34:26 AM",2026-06-14 11:34:26 AM 11:34:26 AM,00:15:00,,,,Enter Notes
FIRE - 3126787,34,2026-06-14 02:59:01 PM,88,77,103,59,30,-72,30,3,97,72,2136,,,,79,,198,85,88,40,0.55,session,"Session - Jun 14, 2026 2:59:01 PM",2026-06-14 02:59:01 PM 2:59:01 PM,00:15:31,,,,Enter Notes
HEAT - 3030480,35,2026-06-14 10:39:16 AM,88,76,95,59,30,-177,30,8,95,71,1937,,,,77,,253,81,87,,,session,"Session - Jun 14, 2026 10:39:16 AM",2026-06-14 10:39:16 AM 10:39:16 AM,0:15:00,Bus Station,,"(17.757641, -64.622685)",
HEAT - 3030480,35,2026-06-14 03:35:41 PM,88,76,94,60,30,-134,30,6,96,72,2010,,,,77,,248,81,88,,,session,"Session - Jun 14, 2026 3:35:41 PM",2026-06-14 03:35:41 PM 3:35:41 PM,0:15:00,,,"(17.757641, -64.622685)",Enter Notes
FIRE - 3126788,6,2026-06-15 12:16:08 PM,91,76,96,50,30,-16,30,3,99,70,2345,,,,76,,226,81,91,50,0.74,session,"Session - Jun 15, 2026 12:16:08 PM",2026-06-15 12:16:08 PM 12:16:08 PM,00:07:03,,,,
FIRE - 3126788,6,2026-06-15 02:33:59 PM,94,77,103,45,30,9,30,4,103,70,2567,,,,78,,208,85,94,52,0.89,session,"Session - Jun 15, 2026 2:33:59 PM",2026-06-15 02:33:59 PM 2:33:59 PM,00:07:42,,,,
FIRE - 3126787,19,2026-06-17 11:09:15 AM,88,77,108,60,30,-110,30,7,97,72,2056,,,,81,,189,86,88,40,0.53,session,"Session - Jun 17, 2026 11:09:15 AM",2026-06-17 11:09:15 AM 11:09:15 AM,00:07:10,,"109 Sour Sop Ln, Christiansted, St Croix 00820, USVI","https://www.google.com/maps/search/?api=1&query=17.7482699,-64.7767575",Enter Notes
FIRE - 3126787,19,2026-06-17 03:43:16 PM,86,77,106,66,30,-57,30,6,96,74,2035,,,,81,,187,87,86,40,0.43,session,"Session - Jun 17, 2026 3:43:16 PM",2026-06-17 03:43:16 PM 3:43:16 PM,00:07:58,,,,
FIRE - 3126787,28,2026-06-21 11:31:55 AM,89,80,108,67,30,46,30,4,104,77,2393,,,,84,,158,89,89,40,0.46,session,"Session - Jun 21, 2026 11:31:55 AM",2026-06-21 11:31:55 AM 11:31:55 AM,00:15:00,,,,Enter Notes
HEAT - 3030480,8,2026-06-22 12:00:21 PM,85,76,95,67,30,-37,30,6,93,73,1981,,,,78,,238,82,85,,,session,"Session - Jun 22, 2026 12:00:21 PM",2026-06-22 12:00:21 PM 12:00:21 PM,00:10:00,,,,
HEAT - 3030480,8,2026-06-22 02:45:46 PM,86,76,99,65,30,-5,30,8,95,73,2084,,,,79,,224,84,86,,,session,"Session - Jun 22, 2026 2:45:46 PM",2026-06-22 02:45:46 PM 2:45:46 PM,00:07:46,,,,
FIRE - 3126788,1,2026-06-24 10:57:38 AM,87,77,95,66,30,-145,30,3,97,74,1973,,,,79,,210,83,87,40,0.44,session,"Session - Jun 24, 2026 10:57:38 AM",2026-06-24 10:57:38 AM 10:57:38 AM,00:08:01,,"81 Queen Cross St, Christiansted, St Croix 00820, USVI","https://www.google.com/maps/search/?api=1&query=17.7472506,-64.7051504",Enter Notes
FIRE - 3126788,1,2026-06-24 03:35:28 PM,88,78,100,63,30,-84,30,2,99,74,2124,,,,80,,193,85,88,40,0.49,session,"Session - Jun 24, 2026 3:35:28 PM",2026-06-24 03:35:28 PM 3:35:28 PM,00:07:46,,"81 Queen Cross St, Christiansted, St Croix 00820, USVI","https://www.google.com/maps/search/?api=1&query=17.7472506,-64.7051504",Enter Notes
WBGT 1,33,2026-07-01 12:02:15 PM,90,80,113,64,30,-103,30,3,104,76,2232,,,,85,,133,91,90,,,session,"Session - Jul 1, 2026 12:02:15 PM",2026-07-01 12:02:15 PM 12:02:15 PM,00:07:00,,"127A Estate, Frederiksted, St Croix 00840, USVI","https://www.google.com/maps/search/?api=1&query=17.7008871,-64.8862538",Enter Notes
WBGT 1,33,2026-07-01 02:53:27 PM,92,81,111,64,30,-71,30,2,108,77,2398,,,,85,,133,91,92,,,session,"Session - Jul 1, 2026 2:53:27 PM",2026-07-01 02:53:27 PM 2:53:27 PM,00:07:35,,"M4X7+V5F, Southwest, St Croix 00840, USVI","https://www.google.com/maps/search/?api=1&query=17.6996784,-64.8870885",Enter Notes
HEAT - 3030480,23,2026-07-02 12:02:27 PM,88,76,92,59,30,14,30,5,96,72,2200,,,,76,,252,80,88,,,session,"Session - Jul 2, 2026 12:02:27 PM",2026-07-02 12:02:27 PM 12:02:27 PM,00:07:08,,"4030 W St John Rd, Saint John, St Croix 00820, USVI","https://www.google.com/maps/search/?api=1&query=17.7588546,-64.7518564",Enter Notes
HEAT - 3030480,23,2026-07-02 02:22:18 PM,88,76,92,57,30,37,30,5,95,71,2222,,,,75,,255,80,88,,,session,"Session - Jul 2, 2026 2:22:18 PM",2026-07-02 02:22:18 PM 2:22:18 PM,00:08:38,,,,Enter Notes
HEAT - 3030480,15,2026-07-06 12:41:27 PM,89,78,101,61,30,-174,30,5,99,74,2053,,,,80,,207,85,89,,,session,"Session - Jul 6, 2026 12:41:27 PM",2026-07-06 12:41:27 PM 12:41:27 PM,00:07:04,,,,
HEAT - 3030480,15,2026-07-06 01:56:07 PM,88,77,95,62,30,-162,30,5,97,73,1999,,,,78,,233,82,88,,,session,"Session - Jul 6, 2026 1:56:07 PM",2026-07-06 01:56:07 PM 1:56:07 PM,00:10:30,,,,Enter Notes
WBGT 1,18,2026-07-06 10:40:56 AM,90,78,107,61,30,-146,30,3,101,75,2149,,,,81,,178,87,90,,,session,"Session - Jul 6, 2026 10:40:56 AM",2026-07-06 10:40:56 AM 10:40:56 AM,00:07:06,,"St Croix, Frederiksted Southeast, St Croix 00840, USVI","https://www.google.com/maps/search/?api=1&query=17.6958276,-64.8631163",Enter Notes
WBGT 1,18,2026-07-06 03:43:37 PM,87,77,93,65,30,-105,30,7,96,73,1993,,,,77,,250,81,86,,,session,"Session - Jul 6, 2026 3:43:37 PM",2026-07-06 03:43:37 PM 3:43:37 PM,00:07:41,,"St Croix, Frederiksted Southeast, St Croix 00840, USVI","https://www.google.com/maps/search/?api=1&query=17.6958276,-64.8631163",Enter Notes
FIRE - 3126787,11,2026-07-08 11:39:03 AM,88,80,103,71,30,-163,30,3,101,77,2042,,,,83,,170,87,88,30,0.38,session,"Session - Jul 8, 2026 11:39:03 AM",2026-07-08 11:39:03 AM 11:39:03 AM,00:07:30,,,,Enter Notes
FIRE - 3126787,11,2026-07-08 02:57:41 PM,90,80,110,66,30,-124,30,3,105,77,2230,,,,84,,144,90,90,40,0.49,session,"Session - Jul 8, 2026 2:57:41 PM",2026-07-08 02:57:41 PM 2:57:41 PM,00:07:30,,,,Enter Notes
HEAT - 3030480,12,2026-07-08 11:52:27 AM,86,77,100,67,30,-143,30,8,96,74,1941,,,,80,,216,85,86,,,session,"Session - Jul 8, 2026 11:52:27 AM",2026-07-08 11:52:27 AM 11:52:27 AM,00:07:01,,"Q794+9JX, Rte 751, Christiansted, St Croix 00820, USVI","https://www.google.com/maps/search/?api=1&query=17.7684990,-64.7434041",Enter Notes
HEAT - 3030480,12,2026-07-08 02:44:04 PM,87,78,102,66,30,-110,30,7,98,75,2055,,,,81,,205,86,87,,,session,"Session - Jul 8, 2026 2:44:04 PM",2026-07-08 02:44:04 PM 2:44:04 PM,00:07:02,,"Q794+9JX, Rte 751, Christiansted, St Croix 00820, USVI","https://www.google.com/maps/search/?api=1&query=17.7684990,-64.7434041",Enter Notes
FIRE - 3126788,16,2026-07-16 11:34:01 AM,89,78,108,61,30,-85,30,10,99,74,2171,,,,82,,184,87,89,40,0.54,session,"Session - Jul 16, 2026 11:34:01 AM",2026-07-16 11:34:01 AM 11:34:01 AM,00:07:14,,"784 Estate, Frederiksted, St Croix 00840, USVI","https://www.google.com/maps/search/?api=1&query=17.7044398,-64.8390493",Enter Notes
FIRE - 3126788,16,2026-07-16 02:23:02 PM,88,78,103,64,30,-53,30,9,98,74,2137,,,,81,,205,86,88,40,0.48,session,"Session - Jul 16, 2026 2:23:02 PM",2026-07-16 02:23:02 PM 2:23:02 PM,00:07:00,,"P546+5VH, 7th Ave, Frederiksted, St Croix 00840, USVI","https://www.google.com/maps/search/?api=1&query=17.7054380,-64.8377607",Enter Notes
FIRE - 3126788,26,2026-07-20 12:19:19 PM,93,78,114,53,30,-89,30,3,104,73,2384,,,,83,,147,90,93,46,0.73,session,"Session - Jul 20, 2026 12:19:19 PM",2026-07-20 12:19:19 PM 12:19:19 PM,00:07:00,,"Frederiksted, St Croix 00840, USVI","https://www.google.com/maps/search/?api=1&query=17.7294173,-64.8877356",Enter Notes
FIRE - 3126788,26,2026-07-20 02:07:20 PM,93,79,119,54,30,-60,30,3,106,74,2461,,,,85,,113,92,93,44,0.72,session,"Session - Jul 20, 2026 2:07:20 PM",2026-07-20 02:07:20 PM 2:07:20 PM,00:07:00,,"Frederiksted, St Croix 00840, USVI","https://www.google.com/maps/search/?api=1&query=17.7294173,-64.8877356",Enter Notes
FIRE - 3126788,,2026-07-12 01:09:33 PM,90,79,110,62,30,-6,30,6,102,75,2317,,,,83,,166,89,89,40,0.53,session,"Session - Jul 12, 2026 1:09:33 PM",2026-07-12 01:09:33 PM 1:09:33 PM,00:15:19,,,,Enter Notes
