Device Name,WBGT 1,,,,,,,,,,,,,,,,,,,,,,,,,,
Device Model,5400CL,,,,,,,,,,,,,,,,,,,,,,,,,,
Serial Number,3030083,,,,,,,,,,,,,,,,,,,,,,,,,,
FORMATTED DATE_TIME,Temperature,Wet Bulb Temp,Globe Temperature,Relative Humidity,Barometric Pressure,Altitude,Station Pressure,Wind Speed,Heat Index,Dew Point,Density Altitude,Crosswind,Headwind,Compass Magnetic Direction,NWB Temp,Compass True Direction,Thermal Work Limit,Wet Bulb Globe Temperature,Wind Chill,Data Type,Record name,Start time,Duration (H:M:S),Location description,Location address,Location coordinates,Notes
yyyy-MM-dd hh:mm:ss a,°F,°F,°F,%,inHg,ft,inHg,mph,°F,°F,ft,mph,mph,Deg,°F,Deg,w/m2,°F,°F,,,,,,,,
2026-06-08 12:20:25 PM,88.5,76.1,109.1,57.3,30.11,-183,30.11,4.1,96.4,71.5,1991,--,--,-,80.4,--,175.6,86.8,88.3,session,"Session - Jun 8, 2026 12:20:22 PM",2026-06-08 12:20:22 PM 12:20:22 PM,0:18:13,,,,Enter Notes
2026-06-08 12:20:30 PM,88.3,75.9,109.2,57.3,30.11,-183,30.11,2.3,95.9,71.2,1977,--,--,-,80.6,--,174.6,86.9,88.2,session,"Session - Jun 8, 2026 12:20:22 PM",2026-06-08 12:20:22 PM 12:20:22 PM,0:18:13,,,,Enter Notes
2026-06-08 12:20:35 PM,88.5,76.3,109,57.4,30.11,-183,30.11,1.8,96.4,71.5,1989,--,--,-,80.7,--,173.9,87,88.3,session,"Session - Jun 8, 2026 12:20:22 PM",2026-06-08 12:20:22 PM 12:20:22 PM,0:18:13,,,,Enter Notes
2026-06-08 12:20:40 PM,88,75.7,109.1,57.4,30.11,-183,30.11,5,95.7,71.1,1959,--,--,-,80.7,--,173.7,87,88,session,"Session - Jun 8, 2026 12:20:22 PM",2026-06-08 12:20:22 PM 12:20:22 PM,0:18:13,,,,Enter Notes
2026-06-08 12:20:45 PM,87.6,75.4,109.4,57.2,30.11,-181,30.11,5.2,94.5,70.6,1927,--,--,-,80.7,--,173.5,87.1,87.4,session,"Session - Jun 8, 2026 12:20:22 PM",2026-06-08 12:20:22 PM 12:20:22 PM,0:18:13,,,,Enter Notes
2026-06-08 12:20:50 PM,87.5,75.2,109.4,57.4,30.11,-183,30.11,3.9,94.6,70.6,1920,--,--,-,80.7,--,173.3,87.1,87.4,session,"Session - Jun 8, 2026 12:20:22 PM",2026-06-08 12:20:22 PM 12:20:22 PM,0:18:13,,,,Enter Notes
2026-06-08 12:20:55 PM,87.2,75,109.5,57.4,30.11,-183,30.11,5.1,93.9,70.2,1898,--,--,-,80.7,--,173.1,87.1,87.1,session,"Session - Jun 8, 2026 12:20:22 PM",2026-06-08 12:20:22 PM 12:20:22 PM,0:18:13,,,,Enter Notes
2026-06-08 12:21:00 PM,87.4,75,109.7,57.1,30.11,-181,30.11,2,94.5,70.4,1918,--,--,-,80.8,--,172.3,87.3,87.4,session,"Session - Jun 8, 2026 12:20:22 PM",2026-06-08 12:20:22 PM 12:20:22 PM,0:18:13,,,,Enter Notes
2026-06-08 12:21:05 PM,88,75.6,109.8,57.2,30.11,-181,30.11,4.5,95.5,70.9,1959,--,--,-,80.8,--,171.9,87.3,88,session,"Session - Jun 8, 2026 12:20:22 PM",2026-06-08 12:20:22 PM 12:20:22 PM,0:18:13,,,,Enter Notes
2026-06-08 12:21:10 PM,87.8,75.6,109.8,57.2,30.11,-181,30.11,4.7,94.8,70.7,1945,--,--,-,80.9,--,171.9,87.3,87.6,session,"Session - Jun 8, 2026 12:20:22 PM",2026-06-08 12:20:22 PM 12:20:22 PM,0:18:13,,,,Enter Notes
2026-06-08 12:21:15 PM,87.7,75.4,109.8,56.9,30.11,-181,30.11,3,94.6,70.5,1937,--,--,-,80.7,--,172.9,87.2,87.6,session,"Session - Jun 8, 2026 12:20:22 PM",2026-06-08 12:20:22 PM 12:20:22 PM,0:18:13,,,,Enter Notes
2026-06-08 12:21:20 PM,87.7,75.2,109.8,56.7,30.11,-187,30.11,9.3,94.3,70.3,1922,--,--,-,80.7,--,173.1,87.2,87.4,session,"Session - Jun 8, 2026 12:20:22 PM",2026-06-08 12:20:22 PM 12:20:22 PM,0:18:13,,,,Enter Notes
2026-06-08 12:21:25 PM,87.2,74.8,110,57.3,30.11,-183,30.11,4.7,93.9,70.2,1893,--,--,-,80.9,--,172.4,87.4,87.1,session,"Session - Jun 8, 2026 12:20:22 PM",2026-06-08 12:20:22 PM 12:20:22 PM,0:18:13,,,,Enter Notes
2026-06-08 12:21:30 PM,87.3,75.4,110,58,30.11,-183,30.11,4.1,94.5,70.7,1915,--,--,-,80.9,--,172.5,87.4,87.3,session,"Session - Jun 8, 2026 12:20:22 PM",2026-06-08 12:20:22 PM 12:20:22 PM,0:18:13,,,,Enter Notes
2026-06-08 12:21:35 PM,87.7,75.7,109.8,58.1,30.11,-181,30.11,1.2,95.2,71.2,1942,--,--,-,81,--,171.4,87.4,87.6,session,"Session - Jun 8, 2026 12:20:22 PM",2026-06-08 12:20:22 PM 12:20:22 PM,0:18:13,,,,Enter Notes
2026-06-08 12:21:40 PM,88.1,75.9,109.8,58,30.11,-181,30.11,1.4,95.9,71.4,1967,--,--,-,80.9,--,172.4,87.3,88,session,"Session - Jun 8, 2026 12:20:22 PM",2026-06-08 12:20:22 PM 12:20:22 PM,0:18:13,,,,Enter Notes
2026-06-08 12:21:45 PM,88.1,75.9,109.8,57.6,30.11,-181,30.11,3.4,95.7,71.3,1972,--,--,-,80.9,--,172.4,87.3,88,session,"Session - Jun 8, 2026 12:20:22 PM",2026-06-08 12:20:22 PM 12:20:22 PM,0:18:13,,,,Enter Notes
2026-06-08 12:21:50 PM,88.1,75.7,109.7,57.3,30.11,-181,30.11,3.2,95.5,71.1,1964,--,--,-,80.7,--,173.6,87.1,88,session,"Session - Jun 8, 2026 12:20:22 PM",2026-06-08 12:20:22 PM 12:20:22 PM,0:18:13,,,,Enter Notes
2026-06-08 12:21:55 PM,88.2,75.9,109.7,57.7,30.11,-181,30.11,2.9,96.1,71.4,1974,--,--,-,80.8,--,172.7,87.2,88.2,session,"Session - Jun 8, 2026 12:20:22 PM",2026-06-08 12:20:22 PM 12:20:22 PM,0:18:13,,,,Enter Notes
2026-06-08 12:22:00 PM,88.4,76.3,109.7,58,30.11,-183,30.11,1.9,96.6,71.8,1996,--,--,-,81,--,171.6,87.4,88.3,session,"Session - Jun 8, 2026 12:20:22 PM",2026-06-08 12:20:22 PM 12:20:22 PM,0:18:13,,,,Enter Notes
2026-06-08 12:22:05 PM,88.6,76.5,109.7,57.9,30.11,-183,30.11,3.1,97.2,71.9,2006,--,--,-,80.8,--,172.7,87.2,88.5,session,"Session - Jun 8, 2026 12:20:22 PM",2026-06-08 12:20:22 PM 12:20:22 PM,0:18:13,,,,Enter Notes
2026-06-08 12:22:10 PM,88.3,75.9,109.7,57.5,30.11,-183,30.11,4.7,95.7,71.2,1967,--,--,-,80.8,--,172.8,87.2,88,session,"Session - Jun 8, 2026 12:20:22 PM",2026-06-08 12:20:22 PM 12:20:22 PM,0:18:13,,,,Enter Notes
2026-06-08 12:22:15 PM,88.2,75.6,109.5,56.9,30.11,-181,30.11,1.8,95.7,71,1974,--,--,-,80.6,--,173.8,87,88.2,session,"Session - Jun 8, 2026 12:20:22 PM",2026-06-08 12:20:22 PM 12:20:22 PM,0:18:13,,,,Enter Notes
2026-06-08 12:22:20 PM,88.2,75.6,109.5,56.6,30.11,-183,30.11,4,95.7,70.8,1972,--,--,-,80.4,--,174.8,86.9,88.2,session,"Session - Jun 8, 2026 12:20:22 PM",2026-06-08 12:20:22 PM 12:20:22 PM,0:18:13,,,,Enter Notes
2026-06-08 12:22:25 PM,88.4,75.7,109.5,56.3,30.11,-181,30.11,3.2,95.9,70.8,1979,--,--,-,80.4,--,174.8,86.9,88.3,session,"Session - Jun 8, 2026 12:20:22 PM",2026-06-08 12:20:22 PM 12:20:22 PM,0:18:13,,,,Enter Notes
2026-06-08 12:22:30 PM,87.9,75.4,109.7,56.3,30.11,-183,30.11,6.3,94.8,70.4,1947,--,--,-,80.3,--,175.9,86.8,87.8,session,"Session - Jun 8, 2026 12:20:22 PM",2026-06-08 12:20:22 PM 12:20:22 PM,0:18:13,,,,Enter Notes
2026-06-08 12:22:36 PM,87.5,75,109.7,56.9,30.11,-183,30.11,3.3,94.5,70.4,1922,--,--,-,80.5,--,175,87,87.4,session,"Session - Jun 8, 2026 12:20:22 PM",2026-06-08 12:20:22 PM 12:20:22 PM,0:18:13,,,,Enter Notes
2026-06-08 12:22:40 PM,88.1,75.9,109.7,57.4,30.11,-183,30.11,5.8,95.7,71.2,1964,--,--,-,80.8,--,173,87.2,88,session,"Session - Jun 8, 2026 12:20:22 PM",2026-06-08 12:20:22 PM 12:20:22 PM,0:18:13,,,,Enter Notes
2026-06-08 12:22:45 PM,88.6,76.3,109.7,57.5,30.11,-181,30.11,5.1,97,71.6,1999,--,--,-,80.8,--,173,87.2,88.5,session,"Session - Jun 8, 2026 12:20:22 PM",2026-06-08 12:20:22 PM 12:20:22 PM,0:18:13,,,,Enter Notes
2026-06-08 12:22:50 PM,87.9,75.7,109.7,57.4,30.11,-183,30.11,6.6,95.4,71,1950,--,--,-,80.8,--,173.2,87.2,87.8,session,"Session - Jun 8, 2026 12:20:22 PM",2026-06-08 12:20:22 PM 12:20:22 PM,0:18:13,,,,Enter Notes
2026-06-08 12:22:55 PM,87.5,75.2,109.7,57,30.11,-183,30.11,6.4,94.5,70.4,1920,--,--,-,80.7,--,174.4,87.1,87.4,session,"Session - Jun 8, 2026 12:20:22 PM",2026-06-08 12:20:22 PM 12:20:22 PM,0:18:13,,,,Enter Notes
2026-06-08 12:23:00 PM,86.9,74.5,109.9,56.6,30.11,-181,30.11,6.4,93.2,69.7,1881,--,--,-,80.6,--,175,87.1,86.9,session,"Session - Jun 8, 2026 12:20:22 PM",2026-06-08 12:20:22 PM 12:20:22 PM,0:18:13,,,,Enter Notes
2026-06-08 12:23:05 PM,87,74.5,110.2,56.5,30.11,-181,30.11,4.9,93.2,69.6,1886,--,--,-,80.5,--,175.3,87,86.9,session,"Session - Jun 8, 2026 12:20:22 PM",2026-06-08 12:20:22 PM 12:20:22 PM,0:18:13,,,,Enter Notes
2026-06-08 12:23:10 PM,86.5,74.1,110.4,56.6,30.11,-183,30.11,8.2,92.1,69.2,1844,--,--,-,80.2,--,176,86.9,86.4,session,"Session - Jun 8, 2026 12:20:22 PM",2026-06-08 12:20:22 PM 12:20:22 PM,0:18:13,,,,Enter Notes
2026-06-08 12:23:15 PM,86.2,73.9,110.6,56.9,30.11,-183,30.11,11.5,91.8,69.1,1824,--,--,-,80.2,--,175.6,86.9,86.2,session,"Session - Jun 8, 2026 12:20:22 PM",2026-06-08 12:20:22 PM 12:20:22 PM,0:18:13,,,,Enter Notes
2026-06-08 12:23:20 PM,86.3,74.3,110.8,57.3,30.11,-183,30.11,8.4,92.1,69.5,1836,--,--,-,80.4,--,174.9,87.1,86.2,session,"Session - Jun 8, 2026 12:20:22 PM",2026-06-08 12:20:22 PM 12:20:22 PM,0:18:13,,,,Enter Notes
2026-06-08 12:23:25 PM,86.5,74.7,110.7,57.9,30.11,-183,30.11,9.1,92.7,69.9,1853,--,--,-,80.6,--,174.4,87.2,86.4,session,"Session - Jun 8, 2026 12:20:22 PM",2026-06-08 12:20:22 PM 12:20:22 PM,0:18:13,,,,Enter Notes
2026-06-08 12:23:30 PM,86.6,74.8,110.6,58.2,30.11,-181,30.11,8.2,93.2,70.2,1863,--,--,-,80.8,--,174.1,87.3,86.5,session,"Session - Jun 8, 2026 12:20:22 PM",2026-06-08 12:20:22 PM 12:20:22 PM,0:18:13,,,,Enter Notes
2026-06-08 12:23:35 PM,87,75.4,110.6,58.5,30.11,-183,30.11,7.2,93.9,70.7,1888,--,--,-,80.8,--,174.6,87.3,86.9,session,"Session - Jun 8, 2026 12:20:22 PM",2026-06-08 12:20:22 PM 12:20:22 PM,0:18:13,,,,Enter Notes
2026-06-08 12:23:40 PM,87.2,75.4,110.3,58.4,30.11,-181,30.11,1.9,94.3,70.8,1905,--,--,-,80.7,--,175.3,87.2,87.1,session,"Session - Jun 8, 2026 12:20:22 PM",2026-06-08 12:20:22 PM 12:20:22 PM,0:18:13,,,,Enter Notes
2026-06-08 12:23:45 PM,87.3,75.4,110.2,58.1,30.11,-181,30.11,3.4,94.5,70.7,1913,--,--,-,80.7,--,175.8,87.1,87.3,session,"Session - Jun 8, 2026 12:20:22 PM",2026-06-08 12:20:22 PM 12:20:22 PM,0:18:13,,,,Enter Notes
2026-06-08 12:23:50 PM,87.5,75.4,109.9,57.7,30.11,-181,30.11,2.3,94.6,70.7,1930,--,--,-,80.4,--,177.5,86.9,87.4,session,"Session - Jun 8, 2026 12:20:22 PM",2026-06-08 12:20:22 PM 12:20:22 PM,0:18:13,,,,Enter Notes
2026-06-08 12:23:55 PM,87.4,75.2,109.8,57.4,30.11,-181,30.11,2.9,94.3,70.5,1920,--,--,-,80.2,--,179,86.7,87.3,session,"Session - Jun 8, 2026 12:20:22 PM",2026-06-08 12:20:22 PM 12:20:22 PM,0:18:13,,,,Enter Notes
2026-06-08 12:24:00 PM,87.6,75.4,109.7,57.3,30.11,-183,30.11,2.6,94.6,70.6,1927,--,--,-,80.2,--,179.6,86.7,87.4,session,"Session - Jun 8, 2026 12:20:22 PM",2026-06-08 12:20:22 PM 12:20:22 PM,0:18:13,,,,Enter Notes
2026-06-08 12:24:05 PM,87.9,75.7,109.5,57.8,30.11,-181,30.11,1.5,95.5,71.3,1959,--,--,-,80.3,--,179,86.7,87.8,session,"Session - Jun 8, 2026 12:20:22 PM",2026-06-08 12:20:22 PM 12:20:22 PM,0:18:13,,,,Enter Notes
2026-06-08 12:24:10 PM,88.2,76.1,109.4,58.2,30.11,-183,30.11,1.2,96.3,71.7,1977,--,--,-,80.5,--,178.4,86.8,88.2,session,"Session - Jun 8, 2026 12:20:22 PM",2026-06-08 12:20:22 PM 12:20:22 PM,0:18:13,,,,Enter Notes
2026-06-08 12:24:15 PM,88.2,76.3,109.4,58.3,30.11,-183,30.11,2.5,96.4,71.7,1979,--,--,-,80.4,--,178.5,86.8,88.2,session,"Session - Jun 8, 2026 12:20:22 PM",2026-06-08 12:20:22 PM 12:20:22 PM,0:18:13,,,,Enter Notes
2026-06-08 12:24:20 PM,88.7,76.6,109.3,58.3,30.11,-183,30.11,3.6,97.3,72.1,2011,--,--,-,80.4,--,178.9,86.8,88.5,session,"Session - Jun 8, 2026 12:20:22 PM",2026-06-08 12:20:22 PM 12:20:22 PM,0:18:13,,,,Enter Notes
2026-06-08 12:24:25 PM,89,76.6,109.1,57.9,30.11,-183,30.11,1,97.9,72.2,2034,--,--,-,80.2,--,179.9,86.6,88.9,session,"Session - Jun 8, 2026 12:20:22 PM",2026-06-08 12:20:22 PM 12:20:22 PM,0:18:13,,,,Enter Notes
2026-06-08 12:24:30 PM,88.3,76.1,109.1,57.4,30.11,-183,30.11,8.5,96.4,71.4,1982,--,--,-,80,--,181,86.5,88.3,session,"Session - Jun 8, 2026 12:20:22 PM",2026-06-08 12:20:22 PM 12:20:22 PM,0:18:13,,,,Enter Notes
2026-06-08 12:24:35 PM,87.7,75.6,109.3,57,30.11,-183,30.11,3.6,94.8,70.6,1937,--,--,-,80.1,--,181.1,86.5,87.6,session,"Session - Jun 8, 2026 12:20:22 PM",2026-06-08 12:20:22 PM 12:20:22 PM,0:18:13,,,,Enter Notes
2026-06-08 12:24:40 PM,87.7,75.6,109.1,57.1,30.11,-181,30.11,3.3,94.8,70.7,1937,--,--,-,80,--,181,86.5,87.6,session,"Session - Jun 8, 2026 12:20:22 PM",2026-06-08 12:20:22 PM 12:20:22 PM,0:18:13,,,,Enter Notes
2026-06-08 12:24:45 PM,87.7,75.6,109.1,57.1,30.11,-183,30.11,2.6,94.8,70.6,1940,--,--,-,80,--,180.9,86.5,87.6,session,"Session - Jun 8, 2026 12:20:22 PM",2026-06-08 12:20:22 PM 12:20:22 PM,0:18:13,,,,Enter Notes
2026-06-08 12:24:50 PM,88,75.6,109.1,56.8,30.11,-181,30.11,1.5,95.4,70.7,1959,--,--,-,79.8,--,181.5,86.3,88,session,"Session - Jun 8, 2026 12:20:22 PM",2026-06-08 12:20:22 PM 12:20:22 PM,0:18:13,,,,Enter Notes
2026-06-08 12:24:55 PM,88.2,75.6,109.1,56.4,30.11,-181,30.11,1.2,95.5,70.7,1967,--,--,-,79.7,--,182.2,86.2,88.2,session,"Session - Jun 8, 2026 12:20:22 PM",2026-06-08 12:20:22 PM 12:20:22 PM,0:18:13,,,,Enter Notes
2026-06-08 12:25:00 PM,88.2,75.6,109.1,56.2,30.11,-183,30.11,2.4,95.5,70.6,1967,--,--,-,79.7,--,181.8,86.2,88.2,session,"Session - Jun 8, 2026 12:20:22 PM",2026-06-08 12:20:22 PM 12:20:22 PM,0:18:13,,,,Enter Notes
2026-06-08 12:25:05 PM,88.1,75.6,109.2,56.4,30.11,-181,30.11,2.1,95.4,70.7,1962,--,--,-,79.7,--,181.5,86.2,88,session,"Session - Jun 8, 2026 12:20:22 PM",2026-06-08 12:20:22 PM 12:20:22 PM,0:18:13,,,,Enter Notes
2026-06-08 12:25:10 PM,88.1,75.6,109.2,56.6,30.11,-181,30.11,0,95.4,70.7,1967,--,--,-,79.7,--,181.1,86.3,88,session,"Session - Jun 8, 2026 12:20:22 PM",2026-06-08 12:20:22 PM 12:20:22 PM,0:18:13,,,,Enter Notes
2026-06-08 12:25:15 PM,88.1,75.6,109.3,56.7,30.11,-183,30.11,5.9,95.4,70.8,1962,--,--,-,79.9,--,179.8,86.4,88,session,"Session - Jun 8, 2026 12:20:22 PM",2026-06-08 12:20:22 PM 12:20:22 PM,0:18:13,,,,Enter Notes
2026-06-08 12:25:20 PM,87.9,75.7,109.3,57.5,30.11,-183,30.11,2.5,95.4,71.2,1957,--,--,-,80.2,--,178.2,86.6,87.8,session,"Session - Jun 8, 2026 12:20:22 PM",2026-06-08 12:20:22 PM 12:20:22 PM,0:18:13,,,,Enter Notes
2026-06-08 12:25:25 PM,88.2,76.3,109.1,58.5,30.11,-183,30.11,1.1,96.4,71.7,1974,--,--,-,80.5,--,176.5,86.8,88.2,session,"Session - Jun 8, 2026 12:20:22 PM",2026-06-08 12:20:22 PM 12:20:22 PM,0:18:13,,,,Enter Notes
2026-06-08 12:25:30 PM,88.1,76.1,109.2,58.4,30.11,-181,30.11,5.8,96.1,71.6,1967,--,--,-,80.6,--,175.9,87,88,session,"Session - Jun 8, 2026 12:20:22 PM",2026-06-08 12:20:22 PM 12:20:22 PM,0:18:13,,,,Enter Notes
2026-06-08 12:25:35 PM,88.1,75.9,109,57.5,30.11,-183,30.11,1.6,95.7,71.2,1967,--,--,-,80.7,--,176,87,88,session,"Session - Jun 8, 2026 12:20:22 PM",2026-06-08 12:20:22 PM 12:20:22 PM,0:18:13,,,,Enter Notes
2026-06-08 12:25:40 PM,88.4,75.7,108.8,56.8,30.11,-183,30.11,1.7,96.1,71.1,1987,--,--,-,80.4,--,177.4,86.8,88.3,session,"Session - Jun 8, 2026 12:20:22 PM",2026-06-08 12:20:22 PM 12:20:22 PM,0:18:13,,,,Enter Notes
2026-06-08 12:25:45 PM,88.6,76.1,108.9,57,30.11,-183,30.11,2.3,96.8,71.4,1999,--,--,-,80.6,--,176.3,86.9,88.5,session,"Session - Jun 8, 2026 12:20:22 PM",2026-06-08 12:20:22 PM 12:20:22 PM,0:18:13,,,,Enter Notes
2026-06-08 12:25:50 PM,88.3,75.9,108.9,57.4,30.11,-178,30.11,4.7,96.1,71.2,1979,--,--,-,80.7,--,175.4,87.1,88.2,session,"Session - Jun 8, 2026 12:20:22 PM",2026-06-08 12:20:22 PM 12:20:22 PM,0:18:13,,,,Enter Notes
2026-06-08 12:25:55 PM,88.1,75.6,109,57.1,30.11,-183,30.11,0,95.5,70.9,1964,--,--,-,80.6,--,176,87,88,session,"Session - Jun 8, 2026 12:20:22 PM",2026-06-08 12:20:22 PM 12:20:22 PM,0:18:13,,,,Enter Notes
2026-06-08 12:26:00 PM,88.1,75.6,108.8,56.8,30.11,-183,30.11,5.4,95.4,70.8,1962,--,--,-,80.7,--,175.2,87,88,session,"Session - Jun 8, 2026 12:20:22 PM",2026-06-08 12:20:22 PM 12:20:22 PM,0:18:13,,,,Enter Notes
2026-06-08 12:26:05 PM,87.7,75.2,108.9,56.5,30.11,-183,30.11,5.1,94.6,70.2,1927,--,--,-,80.7,--,175.3,87,87.6,session,"Session - Jun 8, 2026 12:20:22 PM",2026-06-08 12:20:22 PM 12:20:22 PM,0:18:13,,,,Enter Notes
2026-06-08 12:26:10 PM,87.7,75,109.1,56.3,30.11,-181,30.11,3.3,94.5,70.2,1927,--,--,-,80.6,--,175.7,87,87.6,session,"Session - Jun 8, 2026 12:20:22 PM",2026-06-08 12:20:22 PM 12:20:22 PM,0:18:13,,,,Enter Notes
2026-06-08 12:26:15 PM,87.7,75.2,109.2,56.4,30.11,-183,30.11,4.4,94.6,70.2,1927,--,--,-,80.6,--,175.4,87,87.6,session,"Session - Jun 8, 2026 12:20:22 PM",2026-06-08 12:20:22 PM 12:20:22 PM,0:18:13,,,,Enter Notes
2026-06-08 12:26:20 PM,87.5,75.2,109.5,57,30.11,-181,30.11,6.5,94.5,70.4,1922,--,--,-,80.7,--,174.5,87.1,87.4,session,"Session - Jun 8, 2026 12:20:22 PM",2026-06-08 12:20:22 PM 12:20:22 PM,0:18:13,,,,Enter Notes
2026-06-08 12:26:25 PM,87.5,75.7,109.5,58.3,30.11,-181,30.11,3.2,95,71.2,1930,--,--,-,81.1,--,172.3,87.4,87.4,session,"Session - Jun 8, 2026 12:20:22 PM",2026-06-08 12:20:22 PM 12:20:22 PM,0:18:13,,,,Enter Notes
2026-06-08 12:26:30 PM,87.8,75.9,109.5,59,30.11,-183,30.11,5.8,95.5,71.7,1952,--,--,-,81.4,--,169.8,87.7,87.6,session,"Session - Jun 8, 2026 12:20:22 PM",2026-06-08 12:20:22 PM 12:20:22 PM,0:18:13,,,,Enter Notes
2026-06-08 12:26:35 PM,87.1,75.4,109.5,58.9,30.11,-181,30.11,6.7,94.5,70.9,1908,--,--,-,81.3,--,170.6,87.5,87.1,session,"Session - Jun 8, 2026 12:20:22 PM",2026-06-08 12:20:22 PM 12:20:22 PM,0:18:13,,,,Enter Notes
2026-06-08 12:26:40 PM,87,75.2,110,58.4,30.11,-181,30.11,4.4,93.9,70.6,1896,--,--,-,81.1,--,171,87.5,86.9,session,"Session - Jun 8, 2026 12:20:22 PM",2026-06-08 12:20:22 PM 12:20:22 PM,0:18:13,,,,Enter Notes
2026-06-08 12:26:45 PM,86.9,75,110,58.1,30.11,-178,30.11,2.7,93.7,70.4,1890,--,--,-,81,--,171.3,87.4,86.9,session,"Session - Jun 8, 2026 12:20:22 PM",2026-06-08 12:20:22 PM 12:20:22 PM,0:18:13,,,,Enter Notes
2026-06-08 12:26:50 PM,87.2,75.4,110,58.1,30.11,-181,30.11,1.7,94.1,70.6,1903,--,--,-,81,--,171.2,87.4,87.1,session,"Session - Jun 8, 2026 12:20:22 PM",2026-06-08 12:20:22 PM 12:20:22 PM,0:18:13,,,,Enter Notes
2026-06-08 12:26:55 PM,87.4,75.6,110,58.3,30.11,-183,30.11,3.9,94.6,71,1920,--,--,-,81,--,171.1,87.4,87.3,session,"Session - Jun 8, 2026 12:20:22 PM",2026-06-08 12:20:22 PM 12:20:22 PM,0:18:13,,,,Enter Notes
2026-06-08 12:27:00 PM,87.6,75.7,110,58.5,30.11,-181,30.11,3.3,95.4,71.3,1942,--,--,-,81.1,--,170.3,87.5,87.6,session,"Session - Jun 8, 2026 12:20:22 PM",2026-06-08 12:20:22 PM 12:20:22 PM,0:18:13,,,,Enter Notes
2026-06-08 12:27:05 PM,87.9,76.1,110,58.6,30.11,-183,30.11,1.5,95.7,71.6,1959,--,--,-,81.1,--,170.2,87.5,87.8,session,"Session - Jun 8, 2026 12:20:22 PM",2026-06-08 12:20:22 PM 12:20:22 PM,0:18:13,,,,Enter Notes
2026-06-08 12:27:10 PM,88.1,76.1,109.7,58.5,30.11,-181,30.11,1.1,96.1,71.7,1969,--,--,-,80.9,--,171.1,87.3,88,session,"Session - Jun 8, 2026 12:20:22 PM",2026-06-08 12:20:22 PM 12:20:22 PM,0:18:13,,,,Enter Notes
2026-06-08 12:27:15 PM,88,75.9,109.7,58.3,30.11,-183,30.11,9,96.1,71.5,1957,--,--,-,80.9,--,171.1,87.3,88,session,"Session - Jun 8, 2026 12:20:22 PM",2026-06-08 12:20:22 PM 12:20:22 PM,0:18:13,,,,Enter Notes
2026-06-08 12:27:20 PM,87.5,75.6,110,58.4,30.11,-183,30.11,5.3,95,71.1,1925,--,--,-,81,--,171.5,87.3,87.4,session,"Session - Jun 8, 2026 12:20:22 PM",2026-06-08 12:20:22 PM 12:20:22 PM,0:18:13,,,,Enter Notes
2026-06-08 12:27:25 PM,87.7,75.9,110,58.6,30.11,-181,30.11,1.1,95.4,71.4,1947,--,--,-,81.1,--,170.4,87.5,87.6,session,"Session - Jun 8, 2026 12:20:22 PM",2026-06-08 12:20:22 PM 12:20:22 PM,0:18:13,,,,Enter Notes
2026-06-08 12:27:30 PM,87.8,75.9,110,58.5,30.11,-183,30.11,3.9,95.7,71.5,1947,--,--,-,81.1,--,170.4,87.5,87.8,session,"Session - Jun 8, 2026 12:20:22 PM",2026-06-08 12:20:22 PM 12:20:22 PM,0:18:13,,,,Enter Notes
2026-06-08 12:27:35 PM,88,76.1,110,58.3,30.11,-183,30.11,3.7,96.1,71.6,1964,--,--,-,81,--,171.4,87.3,88,session,"Session - Jun 8, 2026 12:20:22 PM",2026-06-08 12:20:22 PM 12:20:22 PM,0:18:13,,,,Enter Notes
2026-06-08 12:27:40 PM,88,76.3,110,58.5,30.11,-181,30.11,2,96.1,71.7,1974,--,--,-,81.1,--,170.3,87.5,88,session,"Session - Jun 8, 2026 12:20:22 PM",2026-06-08 12:20:22 PM 12:20:22 PM,0:18:13,,,,Enter Notes
2026-06-08 12:27:45 PM,87.6,75.9,110,58.8,30.11,-181,30.11,10.1,95.5,71.4,1942,--,--,-,81.1,--,170.3,87.5,87.6,session,"Session - Jun 8, 2026 12:20:22 PM",2026-06-08 12:20:22 PM 12:20:22 PM,0:18:13,,,,Enter Notes
2026-06-08 12:27:50 PM,87.2,75.4,110,58.4,30.11,-181,30.11,3.6,94.3,70.8,1905,--,--,-,81,--,171.8,87.3,87.1,session,"Session - Jun 8, 2026 12:20:22 PM",2026-06-08 12:20:22 PM 12:20:22 PM,0:18:13,,,,Enter Notes
2026-06-08 12:27:55 PM,87.5,75.6,110,58,30.11,-181,30.11,3.6,94.8,70.8,1927,--,--,-,80.8,--,172.8,87.2,87.4,session,"Session - Jun 8, 2026 12:20:22 PM",2026-06-08 12:20:22 PM 12:20:22 PM,0:18:13,,,,Enter Notes
2026-06-08 12:28:00 PM,87.5,75.6,109.9,58,30.11,-181,30.11,1.6,94.8,70.9,1930,--,--,-,80.8,--,172.9,87.2,87.4,session,"Session - Jun 8, 2026 12:20:22 PM",2026-06-08 12:20:22 PM 12:20:22 PM,0:18:13,,,,Enter Notes
2026-06-08 12:28:05 PM,87.4,75.4,109.9,57.8,30.11,-181,30.11,7.7,94.5,70.8,1920,--,--,-,80.8,--,173.1,87.2,87.3,session,"Session - Jun 8, 2026 12:20:22 PM",2026-06-08 12:20:22 PM 12:20:22 PM,0:18:13,,,,Enter Notes
2026-06-08 12:28:10 PM,88.1,76.1,109.9,58.4,30.11,-183,30.11,4.6,96.1,71.6,1967,--,--,-,80.9,--,172.4,87.3,88,session,"Session - Jun 8, 2026 12:20:22 PM",2026-06-08 12:20:22 PM 12:20:22 PM,0:18:13,,,,Enter Notes
2026-06-08 12:28:15 PM,88.9,76.8,109.9,58.4,30.11,-183,30.11,3.4,98.2,72.3,2026,--,--,-,81.1,--,171.6,87.4,88.9,session,"Session - Jun 8, 2026 12:20:22 PM",2026-06-08 12:20:22 PM 12:20:22 PM,0:18:13,,,,Enter Notes
2026-06-08 12:28:20 PM,89.3,77,109.9,58,30.11,-181,30.11,2.8,99,72.6,2059,--,--,-,80.7,--,173.8,87.2,89.2,session,"Session - Jun 8, 2026 12:20:22 PM",2026-06-08 12:20:22 PM 12:20:22 PM,0:18:13,,,,Enter Notes
2026-06-08 12:28:25 PM,89.3,76.8,109.8,57.5,30.11,-181,30.11,1.9,98.8,72.3,2056,--,--,-,80.7,--,173.8,87.2,89.2,session,"Session - Jun 8, 2026 12:20:22 PM",2026-06-08 12:20:22 PM 12:20:22 PM,0:18:13,,,,Enter Notes
2026-06-08 12:28:30 PM,89.3,76.6,109.6,56.9,30.11,-178,30.11,2.7,98.4,72,2051,--,--,-,80.5,--,174.7,87,89.2,session,"Session - Jun 8, 2026 12:20:22 PM",2026-06-08 12:20:22 PM 12:20:22 PM,0:18:13,,,,Enter Notes
2026-06-08 12:28:35 PM,88.7,76.1,109.6,56.7,30.11,-181,30.11,6.3,97,71.4,2009,--,--,-,80.3,--,175.9,86.8,88.7,session,"Session - Jun 8, 2026 12:20:22 PM",2026-06-08 12:20:22 PM 12:20:22 PM,0:18:13,,,,Enter Notes
2026-06-08 12:28:40 PM,88.1,75.6,109.8,56.9,30.11,-181,30.11,5.4,95.5,70.9,1964,--,--,-,80.5,--,175.1,87,88,session,"Session - Jun 8, 2026 12:20:22 PM",2026-06-08 12:20:22 PM 12:20:22 PM,0:18:13,,,,Enter Notes
2026-06-08 12:28:45 PM,88,75.6,109.6,57.1,30.11,-181,30.11,3.9,95.5,71,1959,--,--,-,80.5,--,175.2,87,88,session,"Session - Jun 8, 2026 12:20:22 PM",2026-06-08 12:20:22 PM 12:20:22 PM,0:18:13,,,,Enter Notes
2026-06-08 12:28:50 PM,87.8,75.6,109.6,57.2,30.11,-181,30.11,7.2,94.8,70.8,1945,--,--,-,80.8,--,174.6,87.2,87.6,session,"Session - Jun 8, 2026 12:20:22 PM",2026-06-08 12:20:22 PM 12:20:22 PM,0:18:13,,,,Enter Notes
2026-06-08 12:28:55 PM,87.6,75.4,109.6,57.4,30.11,-183,30.11,6.3,94.6,70.6,1925,--,--,-,80.8,--,174.8,87.2,87.4,session,"Session - Jun 8, 2026 12:20:22 PM",2026-06-08 12:20:22 PM 12:20:22 PM,0:18:13,,,,Enter Notes
2026-06-08 12:29:00 PM,87.5,75.6,109.6,57.7,30.11,-183,30.11,6.6,94.6,70.8,1930,--,--,-,81,--,174.1,87.3,87.4,session,"Session - Jun 8, 2026 12:20:22 PM",2026-06-08 12:20:22 PM 12:20:22 PM,0:18:13,,,,Enter Notes
2026-06-08 12:29:05 PM,87.5,75.6,109.5,58.4,30.11,-181,30.11,5.5,95,71.1,1930,--,--,-,81,--,174.3,87.3,87.4,session,"Session - Jun 8, 2026 12:20:22 PM",2026-06-08 12:20:22 PM 12:20:22 PM,0:18:13,,,,Enter Notes
2026-06-08 12:29:10 PM,87.3,75.4,109.5,58.4,30.11,-181,30.11,4,94.6,70.9,1913,--,--,-,81.1,--,173.7,87.4,87.3,session,"Session - Jun 8, 2026 12:20:22 PM",2026-06-08 12:20:22 PM 12:20:22 PM,0:18:13,,,,Enter Notes
2026-06-08 12:29:15 PM,87.3,75.6,109.5,58.7,30.11,-178,30.11,2.6,94.8,71.1,1922,--,--,-,81.1,--,173.8,87.4,87.3,session,"Session - Jun 8, 2026 12:20:22 PM",2026-06-08 12:20:22 PM 12:20:22 PM,0:18:13,,,,Enter Notes
2026-06-08 12:29:20 PM,87.2,75.4,109.4,58.7,30.11,-181,30.11,11.8,94.5,70.9,1908,--,--,-,81.3,--,173.3,87.5,87.1,session,"Session - Jun 8, 2026 12:20:22 PM",2026-06-08 12:20:22 PM 12:20:22 PM,0:18:13,,,,Enter Notes
2026-06-08 12:29:25 PM,86.8,75,109.6,58.5,30.11,-183,30.11,9.6,93.6,70.5,1878,--,--,-,80.9,--,175.4,87.2,86.7,session,"Session - Jun 8, 2026 12:20:22 PM",2026-06-08 12:20:22 PM 12:20:22 PM,0:18:13,,,,Enter Notes
2026-06-08 12:29:30 PM,86.7,74.8,109.8,58.3,30.11,-181,30.11,8.1,93.6,70.3,1871,--,--,-,80.8,--,176.3,87.2,86.7,session,"Session - Jun 8, 2026 12:20:22 PM",2026-06-08 12:20:22 PM 12:20:22 PM,0:18:13,,,,Enter Notes
2026-06-08 12:29:35 PM,86.9,75.4,109.7,58.6,30.11,-181,30.11,3.1,93.9,70.8,1900,--,--,-,80.9,--,175.6,87.3,86.9,session,"Session - Jun 8, 2026 12:20:22 PM",2026-06-08 12:20:22 PM 12:20:22 PM,0:18:13,,,,Enter Notes
2026-06-08 12:29:40 PM,87.5,75.7,109.4,58.7,30.11,-181,30.11,0.9,95.2,71.3,1932,--,--,-,80.9,--,176.1,87.2,87.4,session,"Session - Jun 8, 2026 12:20:22 PM",2026-06-08 12:20:22 PM 12:20:22 PM,0:18:13,,,,Enter Notes
2026-06-08 12:29:45 PM,87.9,76.3,109.4,58.8,30.11,-181,30.11,1.4,95.9,71.7,1959,--,--,-,80.9,--,176.4,87.2,87.8,session,"Session - Jun 8, 2026 12:20:22 PM",2026-06-08 12:20:22 PM 12:20:22 PM,0:18:13,,,,Enter Notes
2026-06-08 12:29:50 PM,88.1,76.3,109.1,59,30.11,-183,30.11,4.6,96.3,71.9,1972,--,--,-,81,--,175.9,87.2,88,session,"Session - Jun 8, 2026 12:20:22 PM",2026-06-08 12:20:22 PM 12:20:22 PM,0:18:13,,,,Enter Notes
2026-06-08 12:29:55 PM,87.5,75.7,109,58.9,30.11,-181,30.11,7,95.2,71.3,1932,--,--,-,81,--,176.3,87.1,87.4,session,"Session - Jun 8, 2026 12:20:22 PM",2026-06-08 12:20:22 PM 12:20:22 PM,0:18:13,,,,Enter Notes
2026-06-08 12:30:00 PM,87.2,75.4,109,58.7,30.11,-181,30.11,6.6,94.3,70.9,1913,--,--,-,80.8,--,178,87,87.1,session,"Session - Jun 8, 2026 12:20:22 PM",2026-06-08 12:20:22 PM 12:20:22 PM,0:18:13,,,,Enter Notes
2026-06-08 12:30:05 PM,87.1,75.6,108.9,58.9,30.11,-181,30.11,3.5,94.5,71,1908,--,--,-,80.7,--,178.4,87,87.1,session,"Session - Jun 8, 2026 12:20:22 PM",2026-06-08 12:20:22 PM 12:20:22 PM,0:18:13,,,,Enter Notes
2026-06-08 12:30:10 PM,87,75.6,108.9,59.3,30.11,-181,30.11,7.3,94.3,71.1,1896,--,--,-,80.9,--,178,87.1,86.9,session,"Session - Jun 8, 2026 12:20:22 PM",2026-06-08 12:20:22 PM 12:20:22 PM,0:18:13,,,,Enter Notes
2026-06-08 12:30:15 PM,86.9,75.6,108.8,59.4,30.11,-181,30.11,1.7,94.3,71.1,1896,--,--,-,80.9,--,178.4,87.1,86.9,session,"Session - Jun 8, 2026 12:20:22 PM",2026-06-08 12:20:22 PM 12:20:22 PM,0:18:13,,,,Enter Notes
2026-06-08 12:30:20 PM,87.2,75.7,108.5,59.4,30.11,-178,30.11,1.1,95,71.4,1922,--,--,-,80.8,--,178.7,87,87.3,session,"Session - Jun 8, 2026 12:20:22 PM",2026-06-08 12:20:22 PM 12:20:22 PM,0:18:13,,,,Enter Notes
2026-06-08 12:30:25 PM,87.5,75.9,108.5,59.3,30.11,-178,30.11,2.8,95.4,71.5,1932,--,--,-,80.8,--,178.9,86.9,87.4,session,"Session - Jun 8, 2026 12:20:22 PM",2026-06-08 12:20:22 PM 12:20:22 PM,0:18:13,,,,Enter Notes
2026-06-08 12:30:30 PM,87.5,75.7,108.4,59,30.11,-181,30.11,1.5,95.2,71.4,1932,--,--,-,80.8,--,179.2,86.9,87.4,session,"Session - Jun 8, 2026 12:20:22 PM",2026-06-08 12:20:22 PM 12:20:22 PM,0:18:13,,,,Enter Notes
2026-06-08 12:30:35 PM,87.8,75.9,108.4,58.6,30.11,-181,30.11,2,95.4,71.4,1952,--,--,-,80.6,--,180.3,86.8,87.6,session,"Session - Jun 8, 2026 12:20:22 PM",2026-06-08 12:20:22 PM 12:20:22 PM,0:18:13,,,,Enter Notes
2026-06-08 12:30:40 PM,88.1,76.1,108.1,58.3,30.11,-181,30.11,1.2,96.1,71.6,1972,--,--,-,80.4,--,181.4,86.6,88,session,"Session - Jun 8, 2026 12:20:22 PM",2026-06-08 12:20:22 PM 12:20:22 PM,0:18:13,,,,Enter Notes
2026-06-08 12:30:45 PM,88.2,76.1,108.1,58.1,30.11,-181,30.11,8.6,96.3,71.6,1974,--,--,-,80.4,--,181.5,86.5,88.2,session,"Session - Jun 8, 2026 12:20:22 PM",2026-06-08 12:20:22 PM 12:20:22 PM,0:18:13,,,,Enter Notes
2026-06-08 12:30:50 PM,88,75.9,108.1,58.2,30.11,-178,30.11,4.5,96.1,71.5,1964,--,--,-,80.4,--,181.8,86.5,88,session,"Session - Jun 8, 2026 12:20:22 PM",2026-06-08 12:20:22 PM 12:20:22 PM,0:18:13,,,,Enter Notes
2026-06-08 12:30:55 PM,88.4,76.6,108.1,58.8,30.11,-178,30.11,3.1,97.2,72.2,2004,--,--,-,80.5,--,180.8,86.7,88.3,session,"Session - Jun 8, 2026 12:20:22 PM",2026-06-08 12:20:22 PM 12:20:22 PM,0:18:13,,,,Enter Notes
2026-06-08 12:31:00 PM,89.1,77.2,108.1,59,30.11,-178,30.11,1.1,99,72.9,2054,--,--,-,80.7,--,179.5,86.8,89.1,session,"Session - Jun 8, 2026 12:20:22 PM",2026-06-08 12:20:22 PM 12:20:22 PM,0:18:13,,,,Enter Notes
2026-06-08 12:31:05 PM,89.6,77.5,108.1,58.9,30.11,-181,30.11,2.5,99.9,73.2,2086,--,--,-,80.7,--,179.3,86.8,89.4,session,"Session - Jun 8, 2026 12:20:22 PM",2026-06-08 12:20:22 PM 12:20:22 PM,0:18:13,,,,Enter Notes
2026-06-08 12:31:10 PM,89.5,77.2,108.1,58.3,30.11,-178,30.11,6.4,99.5,72.9,2074,--,--,-,80.4,--,181,86.6,89.4,session,"Session - Jun 8, 2026 12:20:22 PM",2026-06-08 12:20:22 PM 12:20:22 PM,0:18:13,,,,Enter Notes
2026-06-08 12:31:15 PM,88.2,76.1,108.1,58.1,30.11,-181,30.11,6.4,96.3,71.5,1979,--,--,-,80.4,--,181.1,86.6,88.2,session,"Session - Jun 8, 2026 12:20:22 PM",2026-06-08 12:20:22 PM 12:20:22 PM,0:18:13,,,,Enter Notes
2026-06-08 12:31:20 PM,87.7,75.6,108.4,57.8,30.11,-181,30.11,5,95,71,1945,--,--,-,80.3,--,182,86.5,87.6,session,"Session - Jun 8, 2026 12:20:22 PM",2026-06-08 12:20:22 PM 12:20:22 PM,0:18:13,,,,Enter Notes
2026-06-08 12:31:25 PM,87.3,75.4,108.4,58,30.11,-178,30.11,4.7,94.5,70.8,1920,--,--,-,80.4,--,180.9,86.7,87.3,session,"Session - Jun 8, 2026 12:20:22 PM",2026-06-08 12:20:22 PM 12:20:22 PM,0:18:13,,,,Enter Notes
2026-06-08 12:31:30 PM,87.4,75.7,108.5,58.8,30.11,-178,30.11,3.5,94.8,71.3,1930,--,--,-,80.6,--,179.8,86.8,87.3,session,"Session - Jun 8, 2026 12:20:22 PM",2026-06-08 12:20:22 PM 12:20:22 PM,0:18:13,,,,Enter Notes
2026-06-08 12:31:35 PM,87.8,76.5,108.3,59.4,30.11,-178,30.11,4.1,96.1,72.1,1974,--,--,-,80.7,--,179,86.8,87.8,session,"Session - Jun 8, 2026 12:20:22 PM",2026-06-08 12:20:22 PM 12:20:22 PM,0:18:13,,,,Enter Notes
2026-06-08 12:31:40 PM,88.4,76.6,108.3,59.4,30.11,-181,30.11,5.3,97.3,72.4,1996,--,--,-,80.9,--,177.8,87,88.3,session,"Session - Jun 8, 2026 12:20:22 PM",2026-06-08 12:20:22 PM 12:20:22 PM,0:18:13,,,,Enter Notes
2026-06-08 12:31:45 PM,88.1,76.3,108.5,58.9,30.11,-181,30.11,5.7,96.3,71.8,1977,--,--,-,80.8,--,178.9,87,88,session,"Session - Jun 8, 2026 12:20:22 PM",2026-06-08 12:20:22 PM 12:20:22 PM,0:18:13,,,,Enter Notes
2026-06-08 12:31:50 PM,87.9,75.9,108.6,58.6,30.11,-181,30.11,9.2,95.7,71.5,1959,--,--,-,80.6,--,179.9,86.8,87.8,session,"Session - Jun 8, 2026 12:20:22 PM",2026-06-08 12:20:22 PM 12:20:22 PM,0:18:13,,,,Enter Notes
2026-06-08 12:31:55 PM,87.6,75.9,108.6,58.8,30.11,-181,30.11,5,95.2,71.4,1945,--,--,-,80.8,--,179,87,87.4,session,"Session - Jun 8, 2026 12:20:22 PM",2026-06-08 12:20:22 PM 12:20:22 PM,0:18:13,,,,Enter Notes
2026-06-08 12:32:00 PM,87.4,75.7,108.6,59,30.11,-181,30.11,9.9,94.8,71.3,1927,--,--,-,80.8,--,179.1,87,87.3,session,"Session - Jun 8, 2026 12:20:22 PM",2026-06-08 12:20:22 PM 12:20:22 PM,0:18:13,,,,Enter Notes
2026-06-08 12:32:05 PM,87.3,75.6,108.8,59,30.11,-181,30.11,5.2,94.8,71.2,1922,--,--,-,80.9,--,179.1,87.1,87.3,session,"Session - Jun 8, 2026 12:20:22 PM",2026-06-08 12:20:22 PM 12:20:22 PM,0:18:13,,,,Enter Notes
2026-06-08 12:32:10 PM,86.9,75.2,108.8,58.8,30.11,-181,30.11,4.9,93.9,70.7,1896,--,--,-,80.9,--,179.3,87,86.9,session,"Session - Jun 8, 2026 12:20:22 PM",2026-06-08 12:20:22 PM 12:20:22 PM,0:18:13,,,,Enter Notes
2026-06-08 12:32:15 PM,86.6,74.8,108.8,58.2,30.11,-181,30.11,8.6,93,70.1,1863,--,--,-,80.5,--,181.3,86.8,86.5,session,"Session - Jun 8, 2026 12:20:22 PM",2026-06-08 12:20:22 PM 12:20:22 PM,0:18:13,,,,Enter Notes
2026-06-08 12:32:20 PM,86,74.1,109.2,57.9,30.11,-181,30.11,5.4,91.9,69.5,1826,--,--,-,80.1,--,181.4,86.5,86,session,"Session - Jun 8, 2026 12:20:22 PM",2026-06-08 12:20:22 PM 12:20:22 PM,0:18:13,,,,Enter Notes
2026-06-08 12:32:25 PM,86,74.3,109.4,58.1,30.11,-181,30.11,7.5,92.1,69.6,1824,--,--,-,80.2,--,181.2,86.6,86,session,"Session - Jun 8, 2026 12:20:22 PM",2026-06-08 12:20:22 PM 12:20:22 PM,0:18:13,,,,Enter Notes
2026-06-08 12:32:30 PM,86.1,74.7,109.4,58.8,30.11,-181,30.11,8.2,92.3,70.1,1839,--,--,-,80.3,--,180.7,86.7,86,session,"Session - Jun 8, 2026 12:20:22 PM",2026-06-08 12:20:22 PM 12:20:22 PM,0:18:13,,,,Enter Notes
2026-06-08 12:32:35 PM,86.2,74.8,109.3,59.1,30.11,-181,30.11,9.2,92.5,70.3,1841,--,--,-,80.5,--,180.2,86.8,86,session,"Session - Jun 8, 2026 12:20:22 PM",2026-06-08 12:20:22 PM 12:20:22 PM,0:18:13,,,,Enter Notes
2026-06-08 12:32:40 PM,86.5,75.2,109.3,59.8,30.11,-178,30.11,4.9,93.2,70.9,1868,--,--,-,80.7,--,179.8,86.9,86.4,session,"Session - Jun 8, 2026 12:20:22 PM",2026-06-08 12:20:22 PM 12:20:22 PM,0:18:13,,,,Enter Notes
2026-06-08 12:32:45 PM,86.8,75.7,109,60.3,30.11,-178,30.11,0.9,94.1,71.5,1896,--,--,-,80.8,--,179.2,86.9,86.7,session,"Session - Jun 8, 2026 12:20:22 PM",2026-06-08 12:20:22 PM 12:20:22 PM,0:18:13,,,,Enter Notes
2026-06-08 12:32:50 PM,87.1,75.7,108.9,60.3,30.11,-178,30.11,1.9,94.8,71.7,1915,--,--,-,80.9,--,178.7,87,87.1,session,"Session - Jun 8, 2026 12:20:22 PM",2026-06-08 12:20:22 PM 12:20:22 PM,0:18:13,,,,Enter Notes
2026-06-08 12:32:55 PM,87.4,76.3,108.6,60.2,30.11,-178,30.11,3.6,95.2,71.9,1935,--,--,-,80.7,--,180.1,86.8,87.3,session,"Session - Jun 8, 2026 12:20:22 PM",2026-06-08 12:20:22 PM 12:20:22 PM,0:18:13,,,,Enter Notes
2026-06-08 12:33:00 PM,87.7,76.3,108.6,60.3,30.11,-181,30.11,2.4,95.9,72.2,1950,--,--,-,80.7,--,180.7,86.8,87.6,session,"Session - Jun 8, 2026 12:20:22 PM",2026-06-08 12:20:22 PM 12:20:22 PM,0:18:13,,,,Enter Notes
2026-06-08 12:33:05 PM,87.9,76.6,108.5,60.2,30.11,-178,30.11,1,96.3,72.4,1977,--,--,-,80.7,--,180.9,86.8,87.8,session,"Session - Jun 8, 2026 12:20:22 PM",2026-06-08 12:20:22 PM 12:20:22 PM,0:18:13,,,,Enter Notes
2026-06-08 12:33:10 PM,88.2,76.8,108.2,59.6,30.11,-178,30.11,2.8,97,72.4,1999,--,--,-,80.4,--,182.2,86.5,88.2,session,"Session - Jun 8, 2026 12:20:22 PM",2026-06-08 12:20:22 PM 12:20:22 PM,0:18:13,,,,Enter Notes
2026-06-08 12:33:15 PM,88.7,76.8,108.2,59.1,30.11,-178,30.11,1.6,97.5,72.5,2021,--,--,-,80.2,--,183.4,86.4,88.5,session,"Session - Jun 8, 2026 12:20:22 PM",2026-06-08 12:20:22 PM 12:20:22 PM,0:18:13,,,,Enter Notes
2026-06-08 12:33:20 PM,88.4,76.5,108.2,58.7,30.11,-178,30.11,4.1,97,72.1,2001,--,--,-,80,--,184.6,86.2,88.3,session,"Session - Jun 8, 2026 12:20:22 PM",2026-06-08 12:20:22 PM 12:20:22 PM,0:18:13,,,,Enter Notes
2026-06-08 12:33:25 PM,88.2,76.3,108.1,58.5,30.11,-178,30.11,2.2,96.4,71.7,1979,--,--,-,80,--,184.6,86.2,88.2,session,"Session - Jun 8, 2026 12:20:22 PM",2026-06-08 12:20:22 PM 12:20:22 PM,0:18:13,,,,Enter Notes
2026-06-08 12:33:30 PM,88.1,76.1,108.1,58.3,30.11,-178,30.11,3.2,96.1,71.6,1974,--,--,-,80,--,184.4,86.2,88,session,"Session - Jun 8, 2026 12:20:22 PM",2026-06-08 12:20:22 PM 12:20:22 PM,0:18:13,,,,Enter Notes
2026-06-08 12:33:35 PM,87.8,75.7,108.1,58.2,30.11,-178,30.11,5.6,95.7,71.3,1952,--,--,-,80,--,184.5,86.2,87.8,session,"Session - Jun 8, 2026 12:20:22 PM",2026-06-08 12:20:22 PM 12:20:22 PM,0:18:13,,,,Enter Notes
2026-06-08 12:33:40 PM,88.3,76.3,108.1,58.4,30.11,-181,30.11,6.8,96.4,71.8,1987,--,--,-,80,--,184.6,86.2,88.2,session,"Session - Jun 8, 2026 12:20:22 PM",2026-06-08 12:20:22 PM 12:20:22 PM,0:18:13,,,,Enter Notes
2026-06-08 12:33:45 PM,88.8,76.8,108.1,58.3,30.11,-174,30.11,1.6,97.7,72.2,2026,--,--,-,80,--,184.6,86.2,88.7,session,"Session - Jun 8, 2026 12:20:22 PM",2026-06-08 12:20:22 PM 12:20:22 PM,0:18:13,,,,Enter Notes
2026-06-08 12:33:50 PM,88.9,76.8,108.2,58.1,30.11,-178,30.11,2.5,98.1,72.2,2036,--,--,-,79.8,--,185.2,86.1,88.9,session,"Session - Jun 8, 2026 12:20:22 PM",2026-06-08 12:20:22 PM 12:20:22 PM,0:18:13,,,,Enter Notes
2026-06-08 12:33:55 PM,88.9,76.6,108.2,57.9,30.11,-178,30.11,2.3,98.1,72.1,2029,--,--,-,79.8,--,185,86.1,88.9,session,"Session - Jun 8, 2026 12:20:22 PM",2026-06-08 12:20:22 PM 12:20:22 PM,0:18:13,,,,Enter Notes
2026-06-08 12:34:00 PM,88.6,76.5,108.2,57.7,30.11,-181,30.11,2.3,97,71.8,2011,--,--,-,79.7,--,185.6,86,88.5,session,"Session - Jun 8, 2026 12:20:22 PM",2026-06-08 12:20:22 PM 12:20:22 PM,0:18:13,,,,Enter Notes
2026-06-08 12:34:05 PM,88,75.7,108.2,57.4,30.11,-178,30.11,5.4,95.4,71.1,1962,--,--,-,79.7,--,185.4,86,87.8,session,"Session - Jun 8, 2026 12:20:22 PM",2026-06-08 12:20:22 PM 12:20:22 PM,0:18:13,,,,Enter Notes
2026-06-08 12:34:10 PM,87.7,75.7,108.2,57.9,30.11,-178,30.11,3.4,95.2,71,1942,--,--,-,79.9,--,184.2,86.1,87.6,session,"Session - Jun 8, 2026 12:20:22 PM",2026-06-08 12:20:22 PM 12:20:22 PM,0:18:13,,,,Enter Notes
2026-06-08 12:34:15 PM,87.5,75.6,108.3,58.2,30.11,-178,30.11,4.1,94.8,71,1935,--,--,-,79.9,--,184,86.2,87.4,session,"Session - Jun 8, 2026 12:20:22 PM",2026-06-08 12:20:22 PM 12:20:22 PM,0:18:13,,,,Enter Notes
2026-06-08 12:34:20 PM,87.5,75.7,108.3,58.4,30.11,-178,30.11,6.3,95,71.2,1937,--,--,-,80.1,--,182.8,86.3,87.4,session,"Session - Jun 8, 2026 12:20:22 PM",2026-06-08 12:20:22 PM 12:20:22 PM,0:18:13,,,,Enter Notes
2026-06-08 12:34:25 PM,87.4,75.7,108.3,58.9,30.11,-178,30.11,6.1,94.8,71.2,1930,--,--,-,80.2,--,182.1,86.4,87.3,session,"Session - Jun 8, 2026 12:20:22 PM",2026-06-08 12:20:22 PM 12:20:22 PM,0:18:13,,,,Enter Notes
2026-06-08 12:34:30 PM,87.1,75.4,108.4,58.7,30.11,-178,30.11,4.8,93.9,70.8,1908,--,--,-,80.2,--,182.5,86.4,86.9,session,"Session - Jun 8, 2026 12:20:22 PM",2026-06-08 12:20:22 PM 12:20:22 PM,0:18:13,,,,Enter Notes
2026-06-08 12:34:35 PM,87.1,75.4,108.4,58.6,30.11,-178,30.11,5.3,94.3,70.9,1908,--,--,-,80.2,--,182.6,86.4,87.1,session,"Session - Jun 8, 2026 12:20:22 PM",2026-06-08 12:20:22 PM 12:20:22 PM,0:18:13,,,,Enter Notes
2026-06-08 12:34:40 PM,86.9,75.4,108.2,59,30.11,-178,30.11,5.2,94.1,70.9,1896,--,--,-,80.6,--,181.5,86.7,86.9,session,"Session - Jun 8, 2026 12:20:22 PM",2026-06-08 12:20:22 PM 12:20:22 PM,0:18:13,,,,Enter Notes
2026-06-08 12:34:45 PM,86.9,75.4,108,59.2,30.11,-178,30.11,4.9,94.1,70.9,1896,--,--,-,80.7,--,182,86.7,86.9,session,"Session - Jun 8, 2026 12:20:22 PM",2026-06-08 12:20:22 PM 12:20:22 PM,0:18:13,,,,Enter Notes
2026-06-08 12:34:50 PM,86.7,75.2,108,59.2,30.11,-178,30.11,4.1,93.6,70.8,1881,--,--,-,80.7,--,181.3,86.7,86.5,session,"Session - Jun 8, 2026 12:20:22 PM",2026-06-08 12:20:22 PM 12:20:22 PM,0:18:13,,,,Enter Notes
2026-06-08 12:34:55 PM,87,75.6,108,59.3,30.11,-178,30.11,2.2,94.3,71.1,1903,--,--,-,80.7,--,181.2,86.7,86.9,session,"Session - Jun 8, 2026 12:20:22 PM",2026-06-08 12:20:22 PM 12:20:22 PM,0:18:13,,,,Enter Notes
2026-06-08 12:35:00 PM,87.4,75.9,107.9,59.4,30.11,-178,30.11,1.1,95,71.6,1930,--,--,-,80.7,--,181.1,86.7,87.3,session,"Session - Jun 8, 2026 12:20:22 PM",2026-06-08 12:20:22 PM 12:20:22 PM,0:18:13,,,,Enter Notes
2026-06-08 12:35:05 PM,87.6,76.1,107.9,59.5,30.11,-181,30.11,6.2,95.4,71.7,1947,--,--,-,80.7,--,181,86.7,87.4,session,"Session - Jun 8, 2026 12:20:22 PM",2026-06-08 12:20:22 PM 12:20:22 PM,0:18:13,,,,Enter Notes
2026-06-08 12:35:10 PM,87.3,75.9,107.9,59.7,30.11,-181,30.11,7.5,95,71.6,1925,--,--,-,80.9,--,180.3,86.9,87.3,session,"Session - Jun 8, 2026 12:20:22 PM",2026-06-08 12:20:22 PM 12:20:22 PM,0:18:13,,,,Enter Notes
2026-06-08 12:35:15 PM,87.1,75.7,107.9,59.8,30.11,-178,30.11,3.9,94.6,71.4,1910,--,--,-,80.9,--,180.4,86.8,87.1,session,"Session - Jun 8, 2026 12:20:22 PM",2026-06-08 12:20:22 PM 12:20:22 PM,0:18:13,,,,Enter Notes
2026-06-08 12:35:20 PM,87,75.7,107.9,59.9,30.11,-178,30.11,5,94.3,71.3,1905,--,--,-,80.9,--,180.4,86.8,86.9,session,"Session - Jun 8, 2026 12:20:22 PM",2026-06-08 12:20:22 PM 12:20:22 PM,0:18:13,,,,Enter Notes
2026-06-08 12:35:25 PM,86.8,75.6,107.9,59.7,30.11,-178,30.11,6,93.9,71.1,1896,--,--,-,80.9,--,180.5,86.8,86.7,session,"Session - Jun 8, 2026 12:20:22 PM",2026-06-08 12:20:22 PM 12:20:22 PM,0:18:13,,,,Enter Notes
2026-06-08 12:35:30 PM,86.8,75.6,107.9,60,30.11,-178,30.11,3.5,93.9,71.2,1896,--,--,-,80.9,--,180.8,86.8,86.7,session,"Session - Jun 8, 2026 12:20:22 PM",2026-06-08 12:20:22 PM 12:20:22 PM,0:18:13,,,,Enter Notes
2026-06-08 12:35:35 PM,86.9,75.7,107.9,60.2,30.11,-178,30.11,5.5,94.1,71.5,1898,--,--,-,80.9,--,180.9,86.8,86.7,session,"Session - Jun 8, 2026 12:20:22 PM",2026-06-08 12:20:22 PM 12:20:22 PM,0:18:13,,,,Enter Notes
2026-06-08 12:35:40 PM,87.1,76.1,107.9,60.9,30.11,-178,30.11,2.8,94.8,72,1915,--,--,-,81,--,179.9,87,86.9,session,"Session - Jun 8, 2026 12:20:22 PM",2026-06-08 12:20:22 PM 12:20:22 PM,0:18:13,,,,Enter Notes
2026-06-08 12:35:45 PM,87.4,76.6,107.9,61.4,30.11,-178,30.11,2.3,95.7,72.5,1940,--,--,-,81.2,--,178.9,87.1,87.3,session,"Session - Jun 8, 2026 12:20:22 PM",2026-06-08 12:20:22 PM 12:20:22 PM,0:18:13,,,,Enter Notes
2026-06-08 12:35:50 PM,87.6,76.6,107.6,61.3,30.11,-178,30.11,1.7,96.4,72.6,1955,--,--,-,81.1,--,178.8,87,87.6,session,"Session - Jun 8, 2026 12:20:22 PM",2026-06-08 12:20:22 PM 12:20:22 PM,0:18:13,,,,Enter Notes
2026-06-08 12:35:55 PM,87.8,76.8,107.6,61.2,30.11,-178,30.11,1.6,96.8,72.8,1972,--,--,-,81.1,--,178.6,87,87.8,session,"Session - Jun 8, 2026 12:20:22 PM",2026-06-08 12:20:22 PM 12:20:22 PM,0:18:13,,,,Enter Notes
2026-06-08 12:36:00 PM,87.9,76.8,107.6,61.2,30.11,-174,30.11,4.3,96.6,72.8,1977,--,--,-,81.1,--,178.6,87,87.8,session,"Session - Jun 8, 2026 12:20:22 PM",2026-06-08 12:20:22 PM 12:20:22 PM,0:18:13,,,,Enter Notes
2026-06-08 12:36:05 PM,88.2,77,107.6,61,30.11,-178,30.11,2.2,97.5,73,1999,--,--,-,80.9,--,179.7,86.8,88.2,session,"Session - Jun 8, 2026 12:20:22 PM",2026-06-08 12:20:22 PM 12:20:22 PM,0:18:13,,,,Enter Notes
2026-06-08 12:36:10 PM,88.4,77.2,107.6,60.6,30.11,-178,30.11,2,97.9,73.1,2014,--,--,-,80.9,--,179.5,86.8,88.3,session,"Session - Jun 8, 2026 12:20:22 PM",2026-06-08 12:20:22 PM 12:20:22 PM,0:18:13,,,,Enter Notes
2026-06-08 12:36:15 PM,88.1,76.8,107.6,60.3,30.11,-178,30.11,3.4,96.8,72.6,1987,--,--,-,80.9,--,179.5,86.8,88,session,"Session - Jun 8, 2026 12:20:22 PM",2026-06-08 12:20:22 PM 12:20:22 PM,0:18:13,,,,Enter Notes
2026-06-08 12:36:20 PM,88.1,76.6,107.6,60,30.11,-178,30.11,6.5,96.6,72.3,1979,--,--,-,80.8,--,180.6,86.7,88,session,"Session - Jun 8, 2026 12:20:22 PM",2026-06-08 12:20:22 PM 12:20:22 PM,0:18:13,,,,Enter Notes
2026-06-08 12:36:25 PM,87.5,76.3,107.6,59.9,30.11,-178,30.11,7.7,95.4,71.9,1942,--,--,-,80.8,--,180.7,86.7,87.4,session,"Session - Jun 8, 2026 12:20:22 PM",2026-06-08 12:20:22 PM 12:20:22 PM,0:18:13,,,,Enter Notes
2026-06-08 12:36:30 PM,87,75.6,107.6,60,30.11,-178,30.11,4.6,94.3,71.3,1900,--,--,-,80.8,--,180.9,86.7,86.9,session,"Session - Jun 8, 2026 12:20:22 PM",2026-06-08 12:20:22 PM 12:20:22 PM,0:18:13,,,,Enter Notes
2026-06-08 12:36:35 PM,86.6,75.4,107.6,59.8,30.11,-181,30.11,4.1,93.6,71,1878,--,--,-,80.8,--,180.9,86.7,86.5,session,"Session - Jun 8, 2026 12:20:22 PM",2026-06-08 12:20:22 PM 12:20:22 PM,0:18:13,,,,Enter Notes
2026-06-08 12:36:40 PM,86.7,75.6,107.8,60,30.11,-178,30.11,3.4,94.1,71.2,1888,--,--,-,80.9,--,180.4,86.8,86.7,session,"Session - Jun 8, 2026 12:20:22 PM",2026-06-08 12:20:22 PM 12:20:22 PM,0:18:13,,,,Enter Notes
2026-06-08 12:36:45 PM,87,75.7,107.8,60.4,30.11,-178,30.11,3.3,94.6,71.6,1908,--,--,-,80.9,--,180.4,86.8,86.9,session,"Session - Jun 8, 2026 12:20:22 PM",2026-06-08 12:20:22 PM 12:20:22 PM,0:18:13,,,,Enter Notes
2026-06-08 12:36:50 PM,87.1,75.9,107.8,60.4,30.11,-178,30.11,5.1,95,71.7,1915,--,--,-,80.9,--,180.4,86.8,87.1,session,"Session - Jun 8, 2026 12:20:22 PM",2026-06-08 12:20:22 PM 12:20:22 PM,0:18:13,,,,Enter Notes
2026-06-08 12:36:55 PM,87,75.9,107.8,60.4,30.11,-174,30.11,4.7,94.6,71.7,1913,--,--,-,80.9,--,180.6,86.8,86.9,session,"Session - Jun 8, 2026 12:20:22 PM",2026-06-08 12:20:22 PM 12:20:22 PM,0:18:13,,,,Enter Notes
2026-06-08 12:37:00 PM,86.8,75.7,107.8,60.4,30.11,-174,30.11,5.9,94.1,71.5,1898,--,--,-,80.8,--,180.9,86.8,86.7,session,"Session - Jun 8, 2026 12:20:22 PM",2026-06-08 12:20:22 PM 12:20:22 PM,0:18:13,,,,Enter Notes
2026-06-08 12:37:05 PM,86.6,75.4,107.7,60.1,30.11,-178,30.11,5.7,93.7,71.1,1878,--,--,-,80.8,--,181.1,86.8,86.5,session,"Session - Jun 8, 2026 12:20:22 PM",2026-06-08 12:20:22 PM 12:20:22 PM,0:18:13,,,,Enter Notes
2026-06-08 12:37:10 PM,86.6,75.6,107.7,60.5,30.11,-178,30.11,3.6,93.9,71.3,1883,--,--,-,80.9,--,180.9,86.8,86.5,session,"Session - Jun 8, 2026 12:20:22 PM",2026-06-08 12:20:22 PM 12:20:22 PM,0:18:13,,,,Enter Notes
2026-06-08 12:37:15 PM,87,76.1,107.7,60.9,30.11,-178,30.11,1.8,94.8,71.9,1908,--,--,-,81,--,180,86.9,86.9,session,"Session - Jun 8, 2026 12:20:22 PM",2026-06-08 12:20:22 PM 12:20:22 PM,0:18:13,,,,Enter Notes
2026-06-08 12:37:20 PM,87.2,76.5,107.4,61.3,30.11,-178,30.11,3.7,95.4,72.3,1932,--,--,-,81,--,180,86.8,87.1,session,"Session - Jun 8, 2026 12:20:22 PM",2026-06-08 12:20:22 PM 12:20:22 PM,0:18:13,,,,Enter Notes
2026-06-08 12:37:25 PM,87.5,76.6,107.4,61.4,30.11,-181,30.11,5.8,96.1,72.6,1947,--,--,-,81,--,180.2,86.8,87.4,session,"Session - Jun 8, 2026 12:20:22 PM",2026-06-08 12:20:22 PM 12:20:22 PM,0:18:13,,,,Enter Notes
2026-06-08 12:37:30 PM,87.7,76.8,107.4,61.4,30.11,-178,30.11,6.7,96.4,72.8,1964,--,--,-,80.9,--,180.6,86.8,87.6,session,"Session - Jun 8, 2026 12:20:22 PM",2026-06-08 12:20:22 PM 12:20:22 PM,0:18:13,,,,Enter Notes
2026-06-08 12:37:35 PM,87.6,76.5,107.3,61,30.11,-178,30.11,4.7,95.9,72.3,1955,--,--,-,80.9,--,180.9,86.8,87.4,session,"Session - Jun 8, 2026 12:20:22 PM",2026-06-08 12:20:22 PM 12:20:22 PM,0:18:13,,,,Enter Notes
2026-06-08 12:37:40 PM,87.5,76.3,107.3,60.2,30.11,-178,30.11,2.8,95.5,71.9,1945,--,--,-,80.7,--,182.1,86.6,87.4,session,"Session - Jun 8, 2026 12:20:22 PM",2026-06-08 12:20:22 PM 12:20:22 PM,0:18:13,,,,Enter Notes
2026-06-08 12:37:45 PM,87.5,75.9,107.3,59.5,30.11,-178,30.11,5.4,95.4,71.5,1932,--,--,-,80.6,--,183.2,86.5,87.4,session,"Session - Jun 8, 2026 12:20:22 PM",2026-06-08 12:20:22 PM 12:20:22 PM,0:18:13,,,,Enter Notes
2026-06-08 12:37:50 PM,87.1,75.6,107.3,59.1,30.11,-181,30.11,8.4,94.1,71.1,1905,--,--,-,80.4,--,184.6,86.4,86.9,session,"Session - Jun 8, 2026 12:20:22 PM",2026-06-08 12:20:22 PM 12:20:22 PM,0:18:13,,,,Enter Notes
2026-06-08 12:37:55 PM,86.5,75.2,107.3,59.4,30.11,-178,30.11,8.4,93.2,70.7,1866,--,--,-,80.4,--,185,86.4,86.4,session,"Session - Jun 8, 2026 12:20:22 PM",2026-06-08 12:20:22 PM 12:20:22 PM,0:18:13,,,,Enter Notes
2026-06-08 12:38:00 PM,86.5,75.2,107.3,59.6,30.11,-178,30.11,4.2,93.2,70.8,1871,--,--,-,80.4,--,185,86.4,86.4,session,"Session - Jun 8, 2026 12:20:22 PM",2026-06-08 12:20:22 PM 12:20:22 PM,0:18:13,,,,Enter Notes
2026-06-08 12:38:05 PM,86.5,75.4,107.2,60,30.11,-181,30.11,5.7,93.4,71,1868,--,--,-,80.6,--,184.1,86.5,86.4,session,"Session - Jun 8, 2026 12:20:22 PM",2026-06-08 12:20:22 PM 12:20:22 PM,0:18:13,,,,Enter Notes
2026-06-08 12:38:10 PM,86.6,75.6,107.2,60.6,30.11,-178,30.11,4.7,93.9,71.4,1878,--,--,-,80.7,--,183.2,86.6,86.5,session,"Session - Jun 8, 2026 12:20:22 PM",2026-06-08 12:20:22 PM 12:20:22 PM,0:18:13,,,,Enter Notes
2026-06-08 12:38:15 PM,87,76.1,107.2,61.3,30.11,-178,30.11,3.3,95,72.1,1908,--,--,-,80.9,--,182.3,86.7,86.9,session,"Session - Jun 8, 2026 12:20:22 PM",2026-06-08 12:20:22 PM 12:20:22 PM,0:18:13,,,,Enter Notes
2026-06-08 12:38:20 PM,87.2,76.5,107.2,61.5,30.11,-178,30.11,2.9,95.5,72.3,1930,--,--,-,80.9,--,182.4,86.7,87.1,session,"Session - Jun 8, 2026 12:20:22 PM",2026-06-08 12:20:22 PM 12:20:22 PM,0:18:13,,,,Enter Notes
2026-06-08 12:38:25 PM,87,75.9,107.1,61,30.11,-178,30.11,2.1,94.6,71.8,1913,--,--,-,80.9,--,182.5,86.7,86.9,session,"Session - Jun 8, 2026 12:20:22 PM",2026-06-08 12:20:22 PM 12:20:22 PM,0:18:13,,,,Enter Notes
2026-06-08 12:38:30 PM,87.4,76.3,107.1,60.1,30.11,-178,30.11,0.8,95.5,71.9,1947,--,--,-,80.7,--,183.4,86.6,87.4,session,"Session - Jun 8, 2026 12:20:22 PM",2026-06-08 12:20:22 PM 12:20:22 PM,0:18:13,,,,Enter Notes
2026-06-08 12:38:35 PM,87.6,76.3,107.1,60,30.11,-178,30.11,5.7,95.9,72.1,1955,--,--,-,80.5,--,184.6,86.4,87.6,session,"Session - Jun 8, 2026 12:20:22 PM",2026-06-08 12:20:22 PM 12:20:22 PM,0:18:13,,,,Enter Notes