Device Name,FIRE - 3126787
Device Model,5400FWCL
Serial Number,3126787
FORMATTED DATE_TIME,Temperature,Wet Bulb Temp,Globe Temperature,Relative Humidity,Barometric Pressure,Altitude,Station Pressure,Wind Speed,Heat Index,Dew Point,Density Altitude,Crosswind,Headwind,Compass Magnetic Direction,NWB Temp,Compass True Direction,Thermal Work Limit,Wet Bulb Globe Temperature,Wind Chill,Probability of Ignition,Vapor Pressure Deficit,Data Type,Record name,Start time,Duration (H:M:S),Location description,Location address,Location coordinates,Notes
yyyy-MM-dd hh:mm:ss a,°F,°F,°F,%,inHg,ft,inHg,mph,°F,°F,ft,mph,mph,Deg,°F,Deg,w/m2,°F,°F,%,inHg
2026-06-14 02:59:04 PM,88.3,76.6,105.8,59.1,29.99,-70,29.99,5.7,96.8,72.2,2129,--,--,--,80.3,--,188.0,86.1,88.2,40.0,0.55,session,"Session - Jun 14, 2026 2:59:01 PM",2026-06-14 02:59:01 PM 2:59:01 PM,00:15:31,,,,Enter Notes
2026-06-14 02:59:09 PM,89.1,77.4,105.9,59.1,29.99,-68,29.99,2.1,99.1,73.0,2186,--,--,--,80.3,--,187.4,86.1,89.1,40.0,0.56,session,"Session - Jun 14, 2026 2:59:01 PM",2026-06-14 02:59:01 PM 2:59:01 PM,00:15:31,,,,Enter Notes
2026-06-14 02:59:14 PM,90.1,78.1,106.0,59.0,29.99,-70,29.99,1.1,101.1,73.8,2256,--,--,--,80.3,--,186.2,86.1,90.0,40.0,0.58,session,"Session - Jun 14, 2026 2:59:01 PM",2026-06-14 02:59:01 PM 2:59:01 PM,00:15:31,,,,Enter Notes
2026-06-14 02:59:19 PM,90.8,78.6,106.3,58.6,29.99,-70,29.99,2.0,102.7,74.2,2301,--,--,--,80.4,--,185.3,86.2,90.7,40.0,0.60,session,"Session - Jun 14, 2026 2:59:01 PM",2026-06-14 02:59:01 PM 2:59:01 PM,00:15:31,,,,Enter Notes
2026-06-14 02:59:24 PM,90.4,78.1,106.4,58.0,29.99,-70,29.99,3.1,101.7,73.6,2271,--,--,--,80.1,--,186.2,86.0,90.3,40.0,0.60,session,"Session - Jun 14, 2026 2:59:01 PM",2026-06-14 02:59:01 PM 2:59:01 PM,00:15:31,,,,Enter Notes
2026-06-14 02:59:30 PM,90.1,77.5,106.5,57.5,29.99,-73,29.99,2.1,100.6,73.1,2249,--,--,--,80.1,--,185.4,86.1,90.0,40.0,0.61,session,"Session - Jun 14, 2026 2:59:01 PM",2026-06-14 02:59:01 PM 2:59:01 PM,00:15:31,,,,Enter Notes
2026-06-14 02:59:35 PM,90.6,77.9,106.9,57.2,29.99,-73,29.99,4.6,101.7,73.4,2279,--,--,--,79.8,--,186.2,85.9,90.5,40.0,0.62,session,"Session - Jun 14, 2026 2:59:01 PM",2026-06-14 02:59:01 PM 2:59:01 PM,00:15:31,,,,Enter Notes
2026-06-14 02:59:40 PM,90.1,77.4,107.0,56.9,29.99,-73,29.99,7.2,100.0,72.7,2241,--,--,--,79.8,--,185.7,86.0,90.0,40.0,0.61,session,"Session - Jun 14, 2026 2:59:01 PM",2026-06-14 02:59:01 PM 2:59:01 PM,00:15:31,,,,Enter Notes
2026-06-14 02:59:45 PM,89.6,76.8,107.4,56.6,29.99,-73,29.99,5.6,98.8,72.1,2204,--,--,--,79.9,--,185.0,86.1,89.4,40.0,0.61,session,"Session - Jun 14, 2026 2:59:01 PM",2026-06-14 02:59:01 PM 2:59:01 PM,00:15:31,,,,Enter Notes
2026-06-14 02:59:50 PM,89.0,76.3,107.5,56.6,29.99,-70,29.99,3.4,97.5,71.6,2161,--,--,--,80.0,--,184.2,86.2,88.9,40.0,0.60,session,"Session - Jun 14, 2026 2:59:01 PM",2026-06-14 02:59:01 PM 2:59:01 PM,00:15:31,,,,Enter Notes
2026-06-14 02:59:55 PM,89.2,76.6,107.9,56.8,29.99,-68,29.99,5.2,98.4,71.9,2184,--,--,--,80.1,--,182.9,86.3,89.2,40.0,0.60,session,"Session - Jun 14, 2026 2:59:01 PM",2026-06-14 02:59:01 PM 2:59:01 PM,00:15:31,,,,Enter Notes
2026-06-14 03:00:00 PM,89.5,77.0,108.0,56.9,29.99,-68,29.99,3.8,99.0,72.2,2206,--,--,--,80.1,--,182.1,86.4,89.4,40.0,0.60,session,"Session - Jun 14, 2026 2:59:01 PM",2026-06-14 02:59:01 PM 2:59:01 PM,00:15:31,,,,Enter Notes
2026-06-14 03:00:04 PM,90.2,77.4,108.4,56.9,29.99,-73,29.99,2.3,100.8,72.9,2251,--,--,--,80.2,--,180.8,86.5,90.1,40.0,0.61,session,"Session - Jun 14, 2026 2:59:01 PM",2026-06-14 02:59:01 PM 2:59:01 PM,00:15:31,,,,Enter Notes
2026-06-14 03:00:10 PM,90.6,77.7,108.5,56.8,30.00,-73,30.00,4.7,101.5,73.2,2279,--,--,--,80.2,--,179.7,86.6,90.5,40.0,0.63,session,"Session - Jun 14, 2026 2:59:01 PM",2026-06-14 02:59:01 PM 2:59:01 PM,00:15:31,,,,Enter Notes
2026-06-14 03:00:15 PM,90.5,77.5,108.9,56.6,29.99,-73,29.99,3.1,100.9,72.9,2269,--,--,--,80.3,--,178.5,86.7,90.3,40.0,0.63,session,"Session - Jun 14, 2026 2:59:01 PM",2026-06-14 02:59:01 PM 2:59:01 PM,00:15:31,,,,Enter Notes
2026-06-14 03:00:20 PM,90.9,77.7,109.0,56.4,30.00,-73,30.00,1.2,102.2,73.3,2291,--,--,--,80.2,--,178.5,86.6,90.9,40.0,0.63,session,"Session - Jun 14, 2026 2:59:01 PM",2026-06-14 02:59:01 PM 2:59:01 PM,00:15:31,,,,Enter Notes
2026-06-14 03:00:25 PM,90.6,77.5,109.2,56.3,30.00,-77,30.00,4.2,101.1,72.9,2271,--,--,--,80.2,--,177.0,86.7,90.5,40.0,0.63,session,"Session - Jun 14, 2026 2:59:01 PM",2026-06-14 02:59:01 PM 2:59:01 PM,00:15:31,,,,Enter Notes
2026-06-14 03:00:29 PM,90.7,77.5,109.5,56.0,29.99,-73,29.99,2.3,101.1,72.8,2276,--,--,--,80.3,--,176.3,86.8,90.5,40.0,0.64,session,"Session - Jun 14, 2026 2:59:01 PM",2026-06-14 02:59:01 PM 2:59:01 PM,00:15:31,,,,Enter Notes
2026-06-14 03:00:35 PM,90.8,77.5,109.4,55.9,29.99,-70,29.99,2.2,101.5,72.9,2286,--,--,--,80.2,--,176.4,86.7,90.7,40.0,0.64,session,"Session - Jun 14, 2026 2:59:01 PM",2026-06-14 02:59:01 PM 2:59:01 PM,00:15:31,,,,Enter Notes
2026-06-14 03:00:40 PM,90.4,77.4,109.1,55.8,29.99,-73,29.99,1.9,100.6,72.5,2259,--,--,--,80.7,--,175.0,87.1,90.3,40.0,0.63,session,"Session - Jun 14, 2026 2:59:01 PM",2026-06-14 02:59:01 PM 2:59:01 PM,00:15:31,,,,Enter Notes
2026-06-14 03:00:44 PM,89.9,76.8,109.1,55.8,30.00,-73,30.00,3.5,99.3,72.0,2219,--,--,--,80.7,--,174.1,87.1,89.8,40.0,0.63,session,"Session - Jun 14, 2026 2:59:01 PM",2026-06-14 02:59:01 PM 2:59:01 PM,00:15:31,,,,Enter Notes
2026-06-14 03:00:50 PM,89.1,76.3,109.2,55.9,29.99,-73,29.99,3.1,97.5,71.3,2166,--,--,--,80.7,--,173.8,87.1,89.1,40.0,0.61,session,"Session - Jun 14, 2026 2:59:01 PM",2026-06-14 02:59:01 PM 2:59:01 PM,00:15:31,,,,Enter Notes
2026-06-14 03:00:54 PM,88.9,76.1,109.2,56.2,30.00,-73,30.00,5.5,97.3,71.3,2149,--,--,--,80.7,--,173.5,87.1,88.9,40.0,0.60,session,"Session - Jun 14, 2026 2:59:01 PM",2026-06-14 02:59:01 PM 2:59:01 PM,00:15:31,,,,Enter Notes
2026-06-14 03:01:00 PM,89.1,76.3,109.2,56.5,29.99,-73,29.99,4.1,97.9,71.6,2164,--,--,--,80.9,--,173.1,87.2,89.1,40.0,0.60,session,"Session - Jun 14, 2026 2:59:01 PM",2026-06-14 02:59:01 PM 2:59:01 PM,00:15:31,,,,Enter Notes
2026-06-14 03:01:05 PM,89.1,76.5,109.0,56.7,29.99,-73,29.99,3.0,97.9,71.7,2169,--,--,--,81.2,--,171.9,87.5,89.1,40.0,0.60,session,"Session - Jun 14, 2026 2:59:01 PM",2026-06-14 02:59:01 PM 2:59:01 PM,00:15:31,,,,Enter Notes
2026-06-14 03:01:09 PM,88.9,76.3,108.5,57.0,30.00,-73,30.00,2.2,97.7,71.6,2151,--,--,--,81.4,--,171.7,87.5,88.9,40.0,0.59,session,"Session - Jun 14, 2026 2:59:01 PM",2026-06-14 02:59:01 PM 2:59:01 PM,00:15:31,,,,Enter Notes
2026-06-14 03:01:15 PM,88.8,76.5,108.5,57.2,30.00,-73,30.00,1.7,97.2,71.7,2146,--,--,--,81.2,--,172.7,87.4,88.7,40.0,0.58,session,"Session - Jun 14, 2026 2:59:01 PM",2026-06-14 02:59:01 PM 2:59:01 PM,00:15:31,,,,Enter Notes
2026-06-14 03:01:20 PM,88.8,76.6,108.4,57.4,29.99,-73,29.99,6.3,97.3,71.9,2154,--,--,--,81.4,--,171.9,87.5,88.7,40.0,0.58,session,"Session - Jun 14, 2026 2:59:01 PM",2026-06-14 02:59:01 PM 2:59:01 PM,00:15:31,,,,Enter Notes
2026-06-14 03:01:24 PM,87.2,75.2,109.2,57.7,29.99,-70,29.99,7.6,93.9,70.5,2039,--,--,--,81.0,--,172.9,87.3,87.1,40.0,0.55,session,"Session - Jun 14, 2026 2:59:01 PM",2026-06-14 02:59:01 PM 2:59:01 PM,00:15:31,,,,Enter Notes
2026-06-14 03:01:30 PM,86.4,74.7,110.0,58.3,29.99,-73,29.99,3.3,92.8,70.0,1979,--,--,--,80.5,--,173.1,87.0,86.4,40.0,0.53,session,"Session - Jun 14, 2026 2:59:01 PM",2026-06-14 02:59:01 PM 2:59:01 PM,00:15:31,,,,Enter Notes
2026-06-14 03:01:34 PM,86.7,75.2,109.9,58.9,29.99,-73,29.99,3.7,93.4,70.6,2009,--,--,--,80.7,--,172.7,87.1,86.5,40.0,0.53,session,"Session - Jun 14, 2026 2:59:01 PM",2026-06-14 02:59:01 PM 2:59:01 PM,00:15:31,,,,Enter Notes
2026-06-14 03:01:40 PM,86.8,75.4,109.6,59.6,30.00,-73,30.00,5.1,93.9,71.0,2019,--,--,--,80.8,--,172.6,87.1,86.7,40.0,0.52,session,"Session - Jun 14, 2026 2:59:01 PM",2026-06-14 02:59:01 PM 2:59:01 PM,00:15:31,,,,Enter Notes
2026-06-14 03:01:45 PM,87.3,75.9,109.4,60.0,30.00,-73,30.00,3.0,95.2,71.7,2056,--,--,--,81.0,--,172.9,87.2,87.3,40.0,0.52,session,"Session - Jun 14, 2026 2:59:01 PM",2026-06-14 02:59:01 PM 2:59:01 PM,00:15:31,,,,Enter Notes
2026-06-14 03:01:50 PM,87.6,76.3,109.1,60.2,29.99,-73,29.99,2.9,95.5,72.1,2076,--,--,--,80.9,--,173.8,87.1,87.4,40.0,0.52,session,"Session - Jun 14, 2026 2:59:01 PM",2026-06-14 02:59:01 PM 2:59:01 PM,00:15:31,,,,Enter Notes
2026-06-14 03:01:55 PM,87.5,76.3,108.9,60.4,29.99,-73,29.99,2.5,95.7,72.1,2071,--,--,--,81.0,--,174.2,87.1,87.4,40.0,0.52,session,"Session - Jun 14, 2026 2:59:01 PM",2026-06-14 02:59:01 PM 2:59:01 PM,00:15:31,,,,Enter Notes
2026-06-14 03:01:59 PM,88.1,76.8,108.5,60.6,29.99,-70,29.99,2.5,97.0,72.7,2119,--,--,--,80.9,--,175.1,87.0,88.0,40.0,0.53,session,"Session - Jun 14, 2026 2:59:01 PM",2026-06-14 02:59:01 PM 2:59:01 PM,00:15:31,,,,Enter Notes
2026-06-14 03:02:05 PM,87.7,76.5,108.1,60.6,29.99,-70,29.99,4.4,96.1,72.4,2091,--,--,--,80.8,--,176.7,86.8,87.6,40.0,0.52,session,"Session - Jun 14, 2026 2:59:01 PM",2026-06-14 02:59:01 PM 2:59:01 PM,00:15:31,,,,Enter Notes
2026-06-14 03:02:10 PM,87.7,76.5,107.9,60.6,29.99,-70,29.99,3.2,96.1,72.4,2094,--,--,--,80.8,--,177.8,86.8,87.6,40.0,0.52,session,"Session - Jun 14, 2026 2:59:01 PM",2026-06-14 02:59:01 PM 2:59:01 PM,00:15:31,,,,Enter Notes
2026-06-14 03:02:14 PM,87.6,76.5,107.5,60.7,29.99,-73,29.99,4.2,95.7,72.3,2086,--,--,--,80.8,--,178.2,86.7,87.4,40.0,0.52,session,"Session - Jun 14, 2026 2:59:01 PM",2026-06-14 02:59:01 PM 2:59:01 PM,00:15:31,,,,Enter Notes
2026-06-14 03:02:20 PM,87.6,76.5,107.4,60.7,29.99,-73,29.99,1.7,96.1,72.4,2086,--,--,--,80.8,--,179.2,86.7,87.6,40.0,0.52,session,"Session - Jun 14, 2026 2:59:01 PM",2026-06-14 02:59:01 PM 2:59:01 PM,00:15:31,,,,Enter Notes
2026-06-14 03:02:25 PM,88.2,77.0,107.0,60.7,29.99,-73,29.99,1.6,97.3,72.9,2126,--,--,--,80.7,--,180.3,86.5,88.2,40.0,0.53,session,"Session - Jun 14, 2026 2:59:01 PM",2026-06-14 02:59:01 PM 2:59:01 PM,00:15:31,,,,Enter Notes
2026-06-14 03:02:29 PM,88.5,77.2,106.6,60.6,30.00,-73,30.00,2.3,98.2,73.1,2149,--,--,--,80.6,--,181.1,86.4,88.5,40.0,0.53,session,"Session - Jun 14, 2026 2:59:01 PM",2026-06-14 02:59:01 PM 2:59:01 PM,00:15:31,,,,Enter Notes
2026-06-14 03:02:35 PM,88.4,77.2,106.4,60.5,30.00,-73,30.00,4.1,97.9,73.0,2136,--,--,--,80.4,--,183.4,86.2,88.3,40.0,0.53,session,"Session - Jun 14, 2026 2:59:01 PM",2026-06-14 02:59:01 PM 2:59:01 PM,00:15:31,,,,Enter Notes
2026-06-14 03:02:39 PM,88.0,76.6,106.0,60.3,30.00,-77,30.00,4.0,96.3,72.5,2104,--,--,--,80.3,--,184.5,86.1,87.8,40.0,0.53,session,"Session - Jun 14, 2026 2:59:01 PM",2026-06-14 02:59:01 PM 2:59:01 PM,00:15:31,,,,Enter Notes
2026-06-14 03:02:45 PM,87.9,76.5,105.8,60.3,30.00,-73,30.00,2.8,96.3,72.4,2096,--,--,--,80.2,--,186.0,86.0,87.8,40.0,0.53,session,"Session - Jun 14, 2026 2:59:01 PM",2026-06-14 02:59:01 PM 2:59:01 PM,00:15:31,,,,Enter Notes
2026-06-14 03:02:50 PM,88.2,76.8,105.5,60.3,30.00,-77,30.00,3.4,97.2,72.6,2116,--,--,--,80.2,--,186.8,85.8,88.2,40.0,0.53,session,"Session - Jun 14, 2026 2:59:01 PM",2026-06-14 02:59:01 PM 2:59:01 PM,00:15:31,,,,Enter Notes
2026-06-14 03:02:54 PM,88.3,76.8,105.3,60.2,30.00,-77,30.00,3.7,97.2,72.7,2125,--,--,--,79.9,--,189.4,85.6,88.2,40.0,0.53,session,"Session - Jun 14, 2026 2:59:01 PM",2026-06-14 02:59:01 PM 2:59:01 PM,00:15:31,,,,Enter Notes
2026-06-14 03:03:00 PM,88.4,76.8,104.9,60.1,30.00,-73,30.00,3.5,97.7,72.8,2131,--,--,--,79.8,--,190.4,85.5,88.3,40.0,0.54,session,"Session - Jun 14, 2026 2:59:01 PM",2026-06-14 02:59:01 PM 2:59:01 PM,00:15:31,,,,Enter Notes
2026-06-14 03:03:04 PM,88.5,77.0,104.5,60.0,29.99,-73,29.99,1.0,98.1,72.9,2146,--,--,--,79.7,--,191.7,85.3,88.5,40.0,0.54,session,"Session - Jun 14, 2026 2:59:01 PM",2026-06-14 02:59:01 PM 2:59:01 PM,00:15:31,,,,Enter Notes
2026-06-14 03:03:10 PM,89.0,77.4,104.4,59.9,30.00,-73,30.00,1.4,98.8,73.2,2174,--,--,--,79.7,--,192.2,85.3,88.9,40.0,0.55,session,"Session - Jun 14, 2026 2:59:01 PM",2026-06-14 02:59:01 PM 2:59:01 PM,00:15:31,,,,Enter Notes
2026-06-14 03:03:15 PM,89.2,77.5,103.9,59.6,30.00,-73,30.00,1.4,99.3,73.3,2194,--,--,--,79.6,--,193.3,85.1,89.1,40.0,0.56,session,"Session - Jun 14, 2026 2:59:01 PM",2026-06-14 02:59:01 PM 2:59:01 PM,00:15:31,,,,Enter Notes
2026-06-14 03:03:19 PM,89.5,77.5,103.6,59.4,30.00,-73,30.00,1.2,100.0,73.5,2209,--,--,--,79.3,--,195.0,84.9,89.4,40.0,0.57,session,"Session - Jun 14, 2026 2:59:01 PM",2026-06-14 02:59:01 PM 2:59:01 PM,00:15:31,,,,Enter Notes
2026-06-14 03:03:25 PM,89.8,77.7,103.4,59.0,29.99,-73,29.99,0.9,100.8,73.5,2234,--,--,--,79.1,--,196.9,84.7,89.8,40.0,0.58,session,"Session - Jun 14, 2026 2:59:01 PM",2026-06-14 02:59:01 PM 2:59:01 PM,00:15:31,,,,Enter Notes
2026-06-14 03:03:30 PM,89.8,77.7,103.0,58.7,29.99,-70,29.99,2.4,100.0,73.4,2231,--,--,--,79.0,--,197.4,84.5,89.6,40.0,0.58,session,"Session - Jun 14, 2026 2:59:01 PM",2026-06-14 02:59:01 PM 2:59:01 PM,00:15:31,,,,Enter Notes
2026-06-14 03:03:34 PM,89.0,77.0,102.4,58.5,30.00,-73,30.00,2.2,98.2,72.5,2166,--,--,--,79.1,--,198.1,84.5,88.9,40.0,0.57,session,"Session - Jun 14, 2026 2:59:01 PM",2026-06-14 02:59:01 PM 2:59:01 PM,00:15:31,,,,Enter Notes
2026-06-14 03:03:40 PM,88.5,76.5,102.2,58.4,30.00,-73,30.00,1.6,97.3,72.1,2131,--,--,--,79.1,--,199.1,84.5,88.5,40.0,0.56,session,"Session - Jun 14, 2026 2:59:01 PM",2026-06-14 02:59:01 PM 2:59:01 PM,00:15:31,,,,Enter Notes
2026-06-14 03:03:45 PM,88.8,76.8,101.4,58.5,30.00,-73,30.00,1.3,97.9,72.4,2156,--,--,--,79.2,--,199.5,84.5,88.7,40.0,0.57,session,"Session - Jun 14, 2026 2:59:01 PM",2026-06-14 02:59:01 PM 2:59:01 PM,00:15:31,,,,Enter Notes
2026-06-14 03:03:50 PM,88.9,76.8,101.0,58.5,29.99,-73,29.99,1.5,97.9,72.4,2164,--,--,--,79.1,--,199.9,84.3,88.7,40.0,0.57,session,"Session - Jun 14, 2026 2:59:01 PM",2026-06-14 02:59:01 PM 2:59:01 PM,00:15:31,,,,Enter Notes
2026-06-14 03:03:55 PM,89.0,77.0,100.9,58.6,29.99,-73,29.99,1.6,98.2,72.6,2176,--,--,--,79.1,--,200.4,84.3,88.9,40.0,0.57,session,"Session - Jun 14, 2026 2:59:01 PM",2026-06-14 02:59:01 PM 2:59:01 PM,00:15:31,,,,Enter Notes
2026-06-14 03:03:59 PM,87.7,75.9,100.5,58.6,30.00,-73,30.00,9.7,95.4,71.4,2079,--,--,--,79.0,--,202.2,84.1,87.6,40.0,0.55,session,"Session - Jun 14, 2026 2:59:01 PM",2026-06-14 02:59:01 PM 2:59:01 PM,00:15:31,,,,Enter Notes
2026-06-14 03:04:05 PM,86.7,75.2,100.8,58.9,29.99,-73,29.99,4.1,93.7,70.6,2011,--,--,--,78.9,--,204.1,84.1,86.7,40.0,0.53,session,"Session - Jun 14, 2026 2:59:01 PM",2026-06-14 02:59:01 PM 2:59:01 PM,00:15:31,,,,Enter Notes
2026-06-14 03:04:09 PM,86.8,75.4,100.7,59.5,30.00,-73,30.00,2.9,93.9,71.0,2011,--,--,--,78.9,--,204.4,84.0,86.7,40.0,0.52,session,"Session - Jun 14, 2026 2:59:01 PM",2026-06-14 02:59:01 PM 2:59:01 PM,00:15:31,,,,Enter Notes
2026-06-14 03:04:15 PM,86.9,75.7,100.5,59.9,29.99,-73,29.99,3.1,94.3,71.3,2031,--,--,--,79.0,--,204.5,84.1,86.9,40.0,0.52,session,"Session - Jun 14, 2026 2:59:01 PM",2026-06-14 02:59:01 PM 2:59:01 PM,00:15:31,,,,Enter Notes
2026-06-14 03:04:20 PM,87.0,75.7,100.2,60.3,30.00,-77,30.00,2.9,94.5,71.6,2034,--,--,--,78.9,--,205.4,83.9,86.9,40.0,0.51,session,"Session - Jun 14, 2026 2:59:01 PM",2026-06-14 02:59:01 PM 2:59:01 PM,00:15:31,,,,Enter Notes
2026-06-14 03:04:25 PM,87.7,76.5,100.0,60.5,29.99,-73,29.99,1.4,96.1,72.3,2091,--,--,--,79.1,--,205.0,84.0,87.6,40.0,0.52,session,"Session - Jun 14, 2026 2:59:01 PM",2026-06-14 02:59:01 PM 2:59:01 PM,00:15:31,,,,Enter Notes
2026-06-14 03:04:30 PM,88.5,77.2,99.7,60.5,29.99,-70,29.99,1.3,97.9,73.1,2151,--,--,--,79.0,--,205.3,83.9,88.3,40.0,0.53,session,"Session - Jun 14, 2026 2:59:01 PM",2026-06-14 02:59:01 PM 2:59:01 PM,00:15:31,,,,Enter Notes
2026-06-14 03:04:35 PM,88.1,76.8,99.5,60.4,30.00,-73,30.00,6.0,96.8,72.7,2114,--,--,--,78.9,--,206.5,83.8,88.0,40.0,0.53,session,"Session - Jun 14, 2026 2:59:01 PM",2026-06-14 02:59:01 PM 2:59:01 PM,00:15:31,,,,Enter Notes
2026-06-14 03:04:39 PM,87.3,76.1,99.4,60.4,29.99,-73,29.99,3.5,95.4,71.9,2054,--,--,--,78.9,--,207.7,83.8,87.3,40.0,0.51,session,"Session - Jun 14, 2026 2:59:01 PM",2026-06-14 02:59:01 PM 2:59:01 PM,00:15:31,,,,Enter Notes
2026-06-14 03:04:45 PM,87.0,75.9,99.1,60.6,30.00,-73,30.00,3.7,94.6,71.7,2036,--,--,--,78.8,--,208.8,83.7,86.9,40.0,0.51,session,"Session - Jun 14, 2026 2:59:01 PM",2026-06-14 02:59:01 PM 2:59:01 PM,00:15:31,,,,Enter Notes
2026-06-14 03:04:49 PM,87.0,75.9,99.0,60.9,30.00,-73,30.00,2.6,94.8,71.8,2036,--,--,--,78.8,--,209.3,83.6,86.9,40.0,0.50,session,"Session - Jun 14, 2026 2:59:01 PM",2026-06-14 02:59:01 PM 2:59:01 PM,00:15:31,,,,Enter Notes
2026-06-14 03:04:54 PM,87.3,76.3,98.9,61.1,30.00,-77,30.00,2.7,95.5,72.2,2059,--,--,--,78.8,--,210.0,83.6,87.3,40.0,0.51,session,"Session - Jun 14, 2026 2:59:01 PM",2026-06-14 02:59:01 PM 2:59:01 PM,00:15:31,,,,Enter Notes
2026-06-14 03:05:00 PM,87.5,76.6,98.9,61.1,30.00,-73,30.00,5.5,95.9,72.5,2076,--,--,--,78.9,--,209.3,83.7,87.4,40.0,0.51,session,"Session - Jun 14, 2026 2:59:01 PM",2026-06-14 02:59:01 PM 2:59:01 PM,00:15:31,,,,Enter Notes
2026-06-14 03:05:04 PM,87.4,76.5,98.5,61.1,30.00,-73,30.00,6.2,95.5,72.3,2066,--,--,--,78.9,--,211.0,83.6,87.3,40.0,0.51,session,"Session - Jun 14, 2026 2:59:01 PM",2026-06-14 02:59:01 PM 2:59:01 PM,00:15:31,,,,Enter Notes
2026-06-14 03:05:10 PM,86.5,75.6,98.5,61.1,30.00,-77,30.00,7.9,93.7,71.5,1999,--,--,--,78.9,--,212.7,83.6,86.4,40.0,0.49,session,"Session - Jun 14, 2026 2:59:01 PM",2026-06-14 02:59:01 PM 2:59:01 PM,00:15:31,,,,Enter Notes
2026-06-14 03:05:14 PM,86.1,75.4,98.8,61.3,30.00,-77,30.00,6.6,93.0,71.2,1972,--,--,--,78.5,--,215.2,83.4,86.0,40.0,0.48,session,"Session - Jun 14, 2026 2:59:01 PM",2026-06-14 02:59:01 PM 2:59:01 PM,00:15:31,,,,Enter Notes
2026-06-14 03:05:19 PM,86.4,75.6,98.8,61.6,30.00,-73,30.00,2.5,94.1,71.6,1999,--,--,--,78.5,--,215.7,83.3,86.4,40.0,0.49,session,"Session - Jun 14, 2026 2:59:01 PM",2026-06-14 02:59:01 PM 2:59:01 PM,00:15:31,,,,Enter Notes
2026-06-14 03:05:25 PM,86.8,76.1,98.7,61.8,30.00,-77,30.00,1.7,94.8,72.1,2031,--,--,--,78.7,--,214.9,83.4,86.7,40.0,0.49,session,"Session - Jun 14, 2026 2:59:01 PM",2026-06-14 02:59:01 PM 2:59:01 PM,00:15:31,,,,Enter Notes
2026-06-14 03:05:29 PM,87.2,76.5,98.4,61.8,30.00,-73,30.00,1.5,95.5,72.4,2056,--,--,--,78.6,--,215.0,83.3,87.1,40.0,0.50,session,"Session - Jun 14, 2026 2:59:01 PM",2026-06-14 02:59:01 PM 2:59:01 PM,00:15:31,,,,Enter Notes
2026-06-14 03:05:35 PM,87.3,76.6,98.3,61.8,30.00,-73,30.00,2.9,95.9,72.6,2066,--,--,--,78.6,--,215.2,83.3,87.3,40.0,0.50,session,"Session - Jun 14, 2026 2:59:01 PM",2026-06-14 02:59:01 PM 2:59:01 PM,00:15:31,,,,Enter Notes
2026-06-14 03:05:40 PM,86.5,75.7,98.2,61.7,30.00,-77,30.00,10.7,94.5,71.9,2011,--,--,--,78.6,--,216.7,83.2,86.5,40.0,0.49,session,"Session - Jun 14, 2026 2:59:01 PM",2026-06-14 02:59:01 PM 2:59:01 PM,00:15:31,,,,Enter Notes
2026-06-14 03:05:44 PM,86.1,75.6,98.1,61.9,30.00,-73,30.00,5.2,93.4,71.5,1979,--,--,--,78.5,--,218.9,83.2,86.0,40.0,0.48,session,"Session - Jun 14, 2026 2:59:01 PM",2026-06-14 02:59:01 PM 2:59:01 PM,00:15:31,,,,Enter Notes
2026-06-14 03:05:50 PM,86.6,75.9,98.0,62.1,30.00,-73,30.00,3.1,94.6,72.1,2016,--,--,--,78.5,--,219.4,83.2,86.5,40.0,0.48,session,"Session - Jun 14, 2026 2:59:01 PM",2026-06-14 02:59:01 PM 2:59:01 PM,00:15:31,,,,Enter Notes
2026-06-14 03:05:54 PM,87.2,76.6,97.6,62.2,29.99,-73,29.99,1.1,95.7,72.7,2061,--,--,--,78.4,--,219.8,83.0,87.1,40.0,0.49,session,"Session - Jun 14, 2026 2:59:01 PM",2026-06-14 02:59:01 PM 2:59:01 PM,00:15:31,,,,Enter Notes
2026-06-14 03:05:59 PM,87.7,77.0,97.6,62.0,29.99,-70,29.99,3.8,96.8,73.1,2096,--,--,--,78.4,--,220.0,83.0,87.6,40.0,0.50,session,"Session - Jun 14, 2026 2:59:01 PM",2026-06-14 02:59:01 PM 2:59:01 PM,00:15:31,,,,Enter Notes
2026-06-14 03:06:05 PM,87.4,76.6,97.2,61.8,30.00,-73,30.00,3.9,95.9,72.7,2071,--,--,--,78.3,--,220.8,82.9,87.3,40.0,0.50,session,"Session - Jun 14, 2026 2:59:01 PM",2026-06-14 02:59:01 PM 2:59:01 PM,00:15:31,,,,Enter Notes
2026-06-14 03:06:09 PM,87.1,76.3,97.2,61.7,30.00,-73,30.00,4.0,95.5,72.3,2049,--,--,--,78.3,--,221.3,82.9,87.1,40.0,0.50,session,"Session - Jun 14, 2026 2:59:01 PM",2026-06-14 02:59:01 PM 2:59:01 PM,00:15:31,,,,Enter Notes
2026-06-14 03:06:15 PM,86.9,76.1,97.1,61.7,29.99,-70,29.99,3.1,95.2,72.2,2041,--,--,--,78.3,--,221.9,82.8,86.9,40.0,0.49,session,"Session - Jun 14, 2026 2:59:01 PM",2026-06-14 02:59:01 PM 2:59:01 PM,00:15:31,,,,Enter Notes
2026-06-14 03:06:20 PM,86.8,76.1,97.0,61.7,29.99,-70,29.99,2.8,94.8,72.1,2036,--,--,--,78.3,--,222.0,82.8,86.7,40.0,0.49,session,"Session - Jun 14, 2026 2:59:01 PM",2026-06-14 02:59:01 PM 2:59:01 PM,00:15:31,,,,Enter Notes
2026-06-14 03:06:24 PM,86.8,76.1,96.7,61.8,29.99,-70,29.99,2.6,94.8,72.1,2029,--,--,--,78.2,--,222.3,82.7,86.7,40.0,0.49,session,"Session - Jun 14, 2026 2:59:01 PM",2026-06-14 02:59:01 PM 2:59:01 PM,00:15:31,,,,Enter Notes
2026-06-14 03:06:30 PM,86.9,76.1,96.7,61.8,30.00,-73,30.00,1.6,94.8,72.2,2034,--,--,--,78.2,--,222.3,82.7,86.7,40.0,0.49,session,"Session - Jun 14, 2026 2:59:01 PM",2026-06-14 02:59:01 PM 2:59:01 PM,00:15:31,,,,Enter Notes
2026-06-14 03:06:34 PM,87.3,76.6,96.6,61.8,30.00,-73,30.00,2.1,95.9,72.6,2069,--,--,--,78.2,--,222.0,82.7,87.3,40.0,0.50,session,"Session - Jun 14, 2026 2:59:01 PM",2026-06-14 02:59:01 PM 2:59:01 PM,00:15:31,,,,Enter Notes
2026-06-14 03:06:39 PM,87.7,76.8,96.6,61.7,29.99,-70,29.99,3.1,96.6,72.9,2096,--,--,--,78.2,--,222.2,82.7,87.6,40.0,0.50,session,"Session - Jun 14, 2026 2:59:01 PM",2026-06-14 02:59:01 PM 2:59:01 PM,00:15:31,,,,Enter Notes
2026-06-14 03:06:45 PM,87.9,77.0,96.5,61.6,29.99,-70,29.99,2.3,97.0,73.0,2114,--,--,--,78.2,--,222.3,82.6,87.8,40.0,0.51,session,"Session - Jun 14, 2026 2:59:01 PM",2026-06-14 02:59:01 PM 2:59:01 PM,00:15:31,,,,Enter Notes
2026-06-14 03:06:49 PM,88.1,77.0,96.3,61.3,29.99,-64,29.99,1.5,97.3,73.1,2125,--,--,--,77.9,--,223.2,82.4,88.0,40.0,0.52,session,"Session - Jun 14, 2026 2:59:01 PM",2026-06-14 02:59:01 PM 2:59:01 PM,00:15:31,,,,Enter Notes
2026-06-14 03:06:55 PM,87.9,76.8,96.3,61.1,29.98,-64,29.98,2.1,96.6,72.9,2121,--,--,--,77.9,--,222.9,82.4,87.8,40.0,0.52,session,"Session - Jun 14, 2026 2:59:01 PM",2026-06-14 02:59:01 PM 2:59:01 PM,00:15:31,,,,Enter Notes
2026-06-14 03:06:59 PM,88.5,77.2,96.3,60.9,29.99,-68,29.99,2.7,98.4,73.3,2159,--,--,--,77.9,--,222.7,82.4,88.5,40.0,0.53,session,"Session - Jun 14, 2026 2:59:01 PM",2026-06-14 02:59:01 PM 2:59:01 PM,00:15:31,,,,Enter Notes
2026-06-14 03:07:04 PM,89.5,78.1,96.3,60.6,29.99,-70,29.99,2.5,100.6,74.1,2224,--,--,--,77.8,--,223.4,82.3,89.4,40.0,0.55,session,"Session - Jun 14, 2026 2:59:01 PM",2026-06-14 02:59:01 PM 2:59:01 PM,00:15:31,,,,Enter Notes
2026-06-14 03:07:10 PM,89.7,78.1,96.4,60.2,29.99,-64,29.99,2.9,100.9,74.0,2236,--,--,--,77.8,--,223.1,82.3,89.6,40.0,0.56,session,"Session - Jun 14, 2026 2:59:01 PM",2026-06-14 02:59:01 PM 2:59:01 PM,00:15:31,,,,Enter Notes
2026-06-14 03:07:14 PM,89.9,78.1,96.7,59.7,29.99,-73,29.99,1.9,101.1,74.0,2246,--,--,--,77.6,--,223.2,82.3,89.8,40.0,0.57,session,"Session - Jun 14, 2026 2:59:01 PM",2026-06-14 02:59:01 PM 2:59:01 PM,00:15:31,,,,Enter Notes
2026-06-14 03:07:20 PM,89.8,77.9,96.7,59.2,29.99,-73,29.99,1.1,100.9,73.7,2234,--,--,--,77.5,--,223.4,82.2,89.8,40.0,0.58,session,"Session - Jun 14, 2026 2:59:01 PM",2026-06-14 02:59:01 PM 2:59:01 PM,00:15:31,,,,Enter Notes
2026-06-14 03:07:24 PM,89.7,77.7,96.9,58.8,29.99,-73,29.99,1.4,100.2,73.4,2229,--,--,--,77.3,--,222.8,82.1,89.6,40.0,0.58,session,"Session - Jun 14, 2026 2:59:01 PM",2026-06-14 02:59:01 PM 2:59:01 PM,00:15:31,,,,Enter Notes
2026-06-14 03:07:29 PM,89.9,77.7,96.9,58.5,30.00,-73,30.00,1.1,100.6,73.4,2231,--,--,--,77.4,--,221.6,82.1,89.8,40.0,0.59,session,"Session - Jun 14, 2026 2:59:01 PM",2026-06-14 02:59:01 PM 2:59:01 PM,00:15:31,,,,Enter Notes
2026-06-14 03:07:34 PM,90.0,77.5,97.3,58.1,30.00,-73,30.00,0.9,100.8,73.3,2236,--,--,--,77.3,--,220.9,82.2,90.0,40.0,0.59,session,"Session - Jun 14, 2026 2:59:01 PM",2026-06-14 02:59:01 PM 2:59:01 PM,00:15:31,,,,Enter Notes
2026-06-14 03:07:39 PM,89.7,77.5,97.4,58.0,29.99,-73,29.99,1.2,99.9,73.0,2224,--,--,--,77.3,--,219.4,82.2,89.6,40.0,0.59,session,"Session - Jun 14, 2026 2:59:01 PM",2026-06-14 02:59:01 PM 2:59:01 PM,00:15:31,,,,Enter Notes
2026-06-14 03:07:44 PM,89.8,77.4,97.6,57.8,29.99,-70,29.99,1.3,99.7,72.9,2224,--,--,--,77.3,--,218.1,82.3,89.6,40.0,0.60,session,"Session - Jun 14, 2026 2:59:01 PM",2026-06-14 02:59:01 PM 2:59:01 PM,00:15:31,,,,Enter Notes
2026-06-14 03:07:50 PM,90.1,77.5,97.5,57.5,29.99,-73,29.99,0.9,100.6,73.1,2246,--,--,--,77.4,--,217.8,82.3,90.0,40.0,0.61,session,"Session - Jun 14, 2026 2:59:01 PM",2026-06-14 02:59:01 PM 2:59:01 PM,00:15:31,,,,Enter Notes
2026-06-14 03:07:54 PM,90.1,77.5,97.6,57.4,29.99,-70,29.99,2.3,100.4,73.0,2244,--,--,--,77.4,--,216.6,82.4,90.0,40.0,0.61,session,"Session - Jun 14, 2026 2:59:01 PM",2026-06-14 02:59:01 PM 2:59:01 PM,00:15:31,,,,Enter Notes
2026-06-14 03:08:00 PM,89.9,77.2,97.7,57.1,30.00,-73,30.00,4.7,99.9,72.7,2229,--,--,--,77.4,--,216.1,82.4,89.8,40.0,0.61,session,"Session - Jun 14, 2026 2:59:01 PM",2026-06-14 02:59:01 PM 2:59:01 PM,00:15:31,,,,Enter Notes
2026-06-14 03:08:05 PM,88.9,76.5,98.1,57.1,29.99,-70,29.99,1.6,97.7,71.7,2154,--,--,--,77.5,--,215.9,82.5,88.9,40.0,0.59,session,"Session - Jun 14, 2026 2:59:01 PM",2026-06-14 02:59:01 PM 2:59:01 PM,00:15:31,,,,Enter Notes
2026-06-14 03:08:09 PM,88.8,76.3,98.2,57.2,29.99,-70,29.99,2.9,97.2,71.6,2146,--,--,--,77.5,--,215.4,82.6,88.7,40.0,0.58,session,"Session - Jun 14, 2026 2:59:01 PM",2026-06-14 02:59:01 PM 2:59:01 PM,00:15:31,,,,Enter Notes
2026-06-14 03:08:15 PM,89.3,76.8,98.3,57.3,29.99,-70,29.99,0.9,98.8,72.2,2189,--,--,--,77.5,--,214.3,82.6,89.2,40.0,0.59,session,"Session - Jun 14, 2026 2:59:01 PM",2026-06-14 02:59:01 PM 2:59:01 PM,00:15:31,,,,Enter Notes
2026-06-14 03:08:19 PM,89.7,77.2,98.6,57.4,29.99,-70,29.99,0.9,99.5,72.6,2214,--,--,--,77.6,--,213.4,82.7,89.6,40.0,0.60,session,"Session - Jun 14, 2026 2:59:01 PM",2026-06-14 02:59:01 PM 2:59:01 PM,00:15:31,,,,Enter Notes
2026-06-14 03:08:25 PM,89.7,77.2,98.7,57.4,29.99,-68,29.99,2.3,99.5,72.6,2219,--,--,--,77.6,--,212.2,82.8,89.6,40.0,0.60,session,"Session - Jun 14, 2026 2:59:01 PM",2026-06-14 02:59:01 PM 2:59:01 PM,00:15:31,,,,Enter Notes
2026-06-14 03:08:30 PM,89.1,76.6,98.7,57.4,29.99,-70,29.99,2.6,98.2,72.1,2171,--,--,--,77.8,--,211.2,82.9,89.1,40.0,0.59,session,"Session - Jun 14, 2026 2:59:01 PM",2026-06-14 02:59:01 PM 2:59:01 PM,00:15:31,,,,Enter Notes
2026-06-14 03:08:35 PM,89.8,77.4,98.4,57.5,29.99,-70,29.99,1.2,100.0,72.8,2226,--,--,--,78.1,--,209.3,83.1,89.8,40.0,0.60,session,"Session - Jun 14, 2026 2:59:01 PM",2026-06-14 02:59:01 PM 2:59:01 PM,00:15:31,,,,Enter Notes
2026-06-14 03:08:40 PM,90.6,77.9,98.5,57.5,29.99,-70,29.99,1.4,101.8,73.5,2274,--,--,--,78.3,--,208.2,83.3,90.5,40.0,0.61,session,"Session - Jun 14, 2026 2:59:01 PM",2026-06-14 02:59:01 PM 2:59:01 PM,00:15:31,,,,Enter Notes
2026-06-14 03:08:44 PM,91.3,78.6,98.5,57.3,29.99,-73,29.99,1.5,103.5,74.1,2331,--,--,--,78.4,--,206.5,83.3,91.2,40.0,0.63,session,"Session - Jun 14, 2026 2:59:01 PM",2026-06-14 02:59:01 PM 2:59:01 PM,00:15:31,,,,Enter Notes
2026-06-14 03:08:49 PM,91.2,78.3,98.8,56.9,29.99,-68,29.99,5.3,103.3,73.8,2326,--,--,--,78.5,--,205.5,83.5,91.2,40.0,0.63,session,"Session - Jun 14, 2026 2:59:01 PM",2026-06-14 02:59:01 PM 2:59:01 PM,00:15:31,,,,Enter Notes
2026-06-14 03:08:55 PM,90.1,77.4,99.0,56.7,29.99,-70,29.99,5.8,100.0,72.6,2244,--,--,--,78.3,--,207.4,83.4,90.0,40.0,0.62,session,"Session - Jun 14, 2026 2:59:01 PM",2026-06-14 02:59:01 PM 2:59:01 PM,00:15:31,,,,Enter Notes
2026-06-14 03:09:00 PM,89.7,77.0,98.9,56.7,29.99,-70,29.99,3.3,99.1,72.2,2219,--,--,--,78.7,--,206.4,83.7,89.6,40.0,0.61,session,"Session - Jun 14, 2026 2:59:01 PM",2026-06-14 02:59:01 PM 2:59:01 PM,00:15:31,,,,Enter Notes
2026-06-14 03:09:05 PM,89.7,77.0,99.2,56.7,29.99,-70,29.99,1.8,99.1,72.3,2211,--,--,--,78.9,--,204.7,83.9,89.6,40.0,0.61,session,"Session - Jun 14, 2026 2:59:01 PM",2026-06-14 02:59:01 PM 2:59:01 PM,00:15:31,,,,Enter Notes
2026-06-14 03:09:09 PM,89.5,76.8,99.6,56.9,29.99,-70,29.99,1.9,98.8,72.2,2201,--,--,--,79.0,--,203.4,84.1,89.4,40.0,0.60,session,"Session - Jun 14, 2026 2:59:01 PM",2026-06-14 02:59:01 PM 2:59:01 PM,00:15:31,,,,Enter Notes
2026-06-14 03:09:14 PM,89.4,76.8,99.8,57.0,29.99,-70,29.99,1.1,99.0,72.2,2194,--,--,--,79.0,--,201.2,84.2,89.4,40.0,0.60,session,"Session - Jun 14, 2026 2:59:01 PM",2026-06-14 02:59:01 PM 2:59:01 PM,00:15:31,,,,Enter Notes
2026-06-14 03:09:20 PM,89.5,76.8,100.2,57.1,29.99,-73,29.99,2.1,99.0,72.2,2199,--,--,--,79.1,--,199.6,84.3,89.4,40.0,0.60,session,"Session - Jun 14, 2026 2:59:01 PM",2026-06-14 02:59:01 PM 2:59:01 PM,00:15:31,,,,Enter Notes
2026-06-14 03:09:24 PM,89.8,77.2,100.7,57.1,29.99,-73,29.99,1.5,99.9,72.6,2224,--,--,--,79.2,--,197.8,84.5,89.8,40.0,0.61,session,"Session - Jun 14, 2026 2:59:01 PM",2026-06-14 02:59:01 PM 2:59:01 PM,00:15:31,,,,Enter Notes
2026-06-14 03:09:29 PM,90.8,77.9,100.8,57.1,29.99,-70,29.99,1.0,102.0,73.5,2289,--,--,--,79.3,--,196.4,84.5,90.7,40.0,0.62,session,"Session - Jun 14, 2026 2:59:01 PM",2026-06-14 02:59:01 PM 2:59:01 PM,00:15:31,,,,Enter Notes
2026-06-14 03:09:35 PM,90.1,77.4,101.3,57.0,29.99,-68,29.99,6.5,100.2,72.7,2244,--,--,--,79.4,--,195.2,84.7,90.0,40.0,0.61,session,"Session - Jun 14, 2026 2:59:01 PM",2026-06-14 02:59:01 PM 2:59:01 PM,00:15:31,,,,Enter Notes
2026-06-14 03:09:39 PM,89.1,76.5,101.6,56.9,29.99,-73,29.99,4.4,98.1,71.8,2169,--,--,--,79.5,--,196.0,84.8,89.1,40.0,0.59,session,"Session - Jun 14, 2026 2:59:01 PM",2026-06-14 02:59:01 PM 2:59:01 PM,00:15:31,,,,Enter Notes
2026-06-14 03:09:45 PM,89.1,76.6,101.8,57.1,30.00,-73,30.00,9.2,98.1,72.0,2169,--,--,--,79.5,--,195.4,84.9,89.1,40.0,0.59,session,"Session - Jun 14, 2026 2:59:01 PM",2026-06-14 02:59:01 PM 2:59:01 PM,00:15:31,,,,Enter Notes
2026-06-14 03:09:49 PM,88.2,75.9,102.4,57.3,29.99,-68,29.99,6.1,96.1,71.2,2106,--,--,--,79.7,--,195.1,85.2,88.2,40.0,0.57,session,"Session - Jun 14, 2026 2:59:01 PM",2026-06-14 02:59:01 PM 2:59:01 PM,00:15:31,,,,Enter Notes
2026-06-14 03:09:54 PM,87.8,75.7,103.3,57.7,29.99,-70,29.99,4.2,95.0,71.0,2081,--,--,--,79.6,--,193.6,85.2,87.6,40.0,0.56,session,"Session - Jun 14, 2026 2:59:01 PM",2026-06-14 02:59:01 PM 2:59:01 PM,00:15:31,,,,Enter Notes
2026-06-14 03:10:00 PM,87.2,75.4,103.9,58.2,29.99,-73,29.99,4.6,94.3,70.7,2036,--,--,--,79.7,--,192.9,85.3,87.1,40.0,0.54,session,"Session - Jun 14, 2026 2:59:01 PM",2026-06-14 02:59:01 PM 2:59:01 PM,00:15:31,,,,Enter Notes
2026-06-14 03:10:04 PM,87.5,75.7,104.3,58.8,30.00,-73,30.00,2.6,95.2,71.3,2061,--,--,--,79.8,--,190.5,85.4,87.4,40.0,0.54,session,"Session - Jun 14, 2026 2:59:01 PM",2026-06-14 02:59:01 PM 2:59:01 PM,00:15:31,,,,Enter Notes
2026-06-14 03:10:10 PM,88.0,76.3,104.6,59.2,29.99,-73,29.99,6.1,96.4,72.0,2104,--,--,--,79.9,--,189.9,85.6,88.0,40.0,0.54,session,"Session - Jun 14, 2026 2:59:01 PM",2026-06-14 02:59:01 PM 2:59:01 PM,00:15:31,,,,Enter Notes
2026-06-14 03:10:14 PM,87.5,75.9,104.7,59.4,29.99,-73,29.99,7.0,95.4,71.6,2066,--,--,--,80.1,--,188.8,85.7,87.4,40.0,0.53,session,"Session - Jun 14, 2026 2:59:01 PM",2026-06-14 02:59:01 PM 2:59:01 PM,00:15:31,,,,Enter Notes
2026-06-14 03:10:19 PM,86.4,75.0,105.2,59.8,29.99,-73,29.99,6.2,93.2,70.8,1991,--,--,--,80.2,--,188.4,85.8,86.4,40.0,0.51,session,"Session - Jun 14, 2026 2:59:01 PM",2026-06-14 02:59:01 PM 2:59:01 PM,00:15:31,,,,Enter Notes
2026-06-14 03:10:25 PM,86.3,75.2,105.7,60.3,29.99,-70,29.99,4.9,93.0,70.9,1991,--,--,--,80.0,--,188.2,85.8,86.2,40.0,0.50,session,"Session - Jun 14, 2026 2:59:01 PM",2026-06-14 02:59:01 PM 2:59:01 PM,00:15:31,,,,Enter Notes
2026-06-14 03:10:29 PM,86.8,75.7,105.7,60.7,29.99,-70,29.99,4.4,94.3,71.6,2026,--,--,--,80.2,--,187.1,85.9,86.7,40.0,0.50,session,"Session - Jun 14, 2026 2:59:01 PM",2026-06-14 02:59:01 PM 2:59:01 PM,00:15:31,,,,Enter Notes
2026-06-14 03:10:35 PM,87.5,76.5,105.7,61.0,30.00,-77,30.00,4.6,95.9,72.4,2071,--,--,--,80.4,--,186.1,86.1,87.4,40.0,0.51,session,"Session - Jun 14, 2026 2:59:01 PM",2026-06-14 02:59:01 PM 2:59:01 PM,00:15:31,,,,Enter Notes
2026-06-14 03:10:40 PM,87.5,76.6,105.7,61.1,30.00,-73,30.00,3.4,95.9,72.4,2071,--,--,--,80.4,--,186.4,86.1,87.4,40.0,0.51,session,"Session - Jun 14, 2026 2:59:01 PM",2026-06-14 02:59:01 PM 2:59:01 PM,00:15:31,,,,Enter Notes
2026-06-14 03:10:44 PM,87.3,76.5,105.7,61.2,29.99,-73,29.99,3.6,95.7,72.3,2066,--,--,--,80.4,--,186.7,86.0,87.3,40.0,0.50,session,"Session - Jun 14, 2026 2:59:01 PM",2026-06-14 02:59:01 PM 2:59:01 PM,00:15:31,,,,Enter Notes
2026-06-14 03:10:50 PM,86.6,75.6,105.6,61.3,30.00,-73,30.00,4.6,94.3,71.7,2006,--,--,--,80.4,--,187.1,86.0,86.5,40.0,0.49,session,"Session - Jun 14, 2026 2:59:01 PM",2026-06-14 02:59:01 PM 2:59:01 PM,00:15:31,,,,Enter Notes
2026-06-14 03:10:54 PM,85.9,75.2,105.7,61.4,30.00,-73,30.00,5.6,92.8,71.1,1962,--,--,--,80.3,--,187.8,86.0,85.8,40.0,0.48,session,"Session - Jun 14, 2026 2:59:01 PM",2026-06-14 02:59:01 PM 2:59:01 PM,00:15:31,,,,Enter Notes
2026-06-14 03:10:59 PM,86.2,75.6,105.7,61.9,30.00,-77,30.00,1.8,93.2,71.5,1984,--,--,--,80.3,--,187.6,85.9,86.0,40.0,0.48,session,"Session - Jun 14, 2026 2:59:01 PM",2026-06-14 02:59:01 PM 2:59:01 PM,00:15:31,,,,Enter Notes
2026-06-14 03:11:05 PM,87.1,76.5,105.3,62.1,29.99,-70,29.99,3.3,95.4,72.5,2051,--,--,--,80.4,--,187.1,85.9,86.9,40.0,0.49,session,"Session - Jun 14, 2026 2:59:01 PM",2026-06-14 02:59:01 PM 2:59:01 PM,00:15:31,,,,Enter Notes
2026-06-14 03:11:09 PM,87.7,77.0,105.2,62.1,30.00,-73,30.00,4.4,96.8,73.1,2094,--,--,--,80.4,--,187.9,85.9,87.6,40.0,0.50,session,"Session - Jun 14, 2026 2:59:01 PM",2026-06-14 02:59:01 PM 2:59:01 PM,00:15:31,,,,Enter Notes
2026-06-14 03:11:14 PM,87.9,77.0,105.1,61.9,30.00,-77,30.00,2.6,97.2,73.2,2106,--,--,--,80.2,--,190.0,85.7,87.8,40.0,0.50,session,"Session - Jun 14, 2026 2:59:01 PM",2026-06-14 02:59:01 PM 2:59:01 PM,00:15:31,,,,Enter Notes
2026-06-14 03:11:19 PM,87.7,76.8,104.8,61.7,30.00,-73,30.00,2.7,96.6,72.9,2094,--,--,--,80.1,--,190.6,85.6,87.6,40.0,0.50,session,"Session - Jun 14, 2026 2:59:01 PM",2026-06-14 02:59:01 PM 2:59:01 PM,00:15:31,,,,Enter Notes
2026-06-14 03:11:24 PM,88.2,77.4,104.6,61.5,29.99,-70,29.99,3.5,97.7,73.3,2136,--,--,--,80.1,--,191.5,85.6,88.2,40.0,0.52,session,"Session - Jun 14, 2026 2:59:01 PM",2026-06-14 02:59:01 PM 2:59:01 PM,00:15:31,,,,Enter Notes
2026-06-14 03:11:30 PM,88.6,77.4,104.3,61.1,29.99,-68,29.99,2.0,98.4,73.5,2161,--,--,--,79.8,--,193.2,85.3,88.5,40.0,0.53,session,"Session - Jun 14, 2026 2:59:01 PM",2026-06-14 02:59:01 PM 2:59:01 PM,00:15:31,,,,Enter Notes
2026-06-14 03:11:34 PM,88.6,77.2,104.2,60.8,30.00,-73,30.00,5.8,98.2,73.3,2154,--,--,--,79.6,--,195.1,85.1,88.5,40.0,0.53,session,"Session - Jun 14, 2026 2:59:01 PM",2026-06-14 02:59:01 PM 2:59:01 PM,00:15:31,,,,Enter Notes
2026-06-14 03:11:39 PM,89.2,77.7,104.1,60.4,30.00,-77,30.00,3.2,99.7,73.7,2189,--,--,--,79.4,--,196.9,85.0,89.1,40.0,0.55,session,"Session - Jun 14, 2026 2:59:01 PM",2026-06-14 02:59:01 PM 2:59:01 PM,00:15:31,,,,Enter Notes
2026-06-14 03:11:45 PM,88.3,76.8,103.8,60.0,29.99,-73,29.99,3.0,97.2,72.7,2129,--,--,--,79.1,--,198.6,84.7,88.2,40.0,0.54,session,"Session - Jun 14, 2026 2:59:01 PM",2026-06-14 02:59:01 PM 2:59:01 PM,00:15:31,,,,Enter Notes
2026-06-14 03:11:49 PM,88.3,76.8,103.7,59.8,30.00,-77,30.00,3.9,97.0,72.6,2129,--,--,--,79.1,--,199.1,84.7,88.2,40.0,0.54,session,"Session - Jun 14, 2026 2:59:01 PM",2026-06-14 02:59:01 PM 2:59:01 PM,00:15:31,,,,Enter Notes
2026-06-14 03:11:54 PM,87.9,76.3,103.6,59.6,30.00,-73,30.00,3.3,96.1,72.1,2096,--,--,--,79.1,--,199.7,84.7,87.8,40.0,0.53,session,"Session - Jun 14, 2026 2:59:01 PM",2026-06-14 02:59:01 PM 2:59:01 PM,00:15:31,,,,Enter Notes
2026-06-14 03:11:59 PM,87.9,76.5,103.6,59.6,29.99,-70,29.99,3.8,96.1,72.1,2109,--,--,--,79.1,--,200.0,84.7,87.8,40.0,0.54,session,"Session - Jun 14, 2026 2:59:01 PM",2026-06-14 02:59:01 PM 2:59:01 PM,00:15:31,,,,Enter Notes
2026-06-14 03:12:04 PM,87.6,76.1,103.3,59.6,29.99,-68,29.99,7.0,95.4,71.8,2081,--,--,--,79.0,--,200.9,84.5,87.4,40.0,0.53,session,"Session - Jun 14, 2026 2:59:01 PM",2026-06-14 02:59:01 PM 2:59:01 PM,00:15:31,,,,Enter Notes
2026-06-14 03:12:10 PM,88.0,76.5,103.2,59.6,29.99,-70,29.99,3.5,96.6,72.2,2114,--,--,--,79.0,--,201.6,84.5,88.0,40.0,0.54,session,"Session - Jun 14, 2026 2:59:01 PM",2026-06-14 02:59:01 PM 2:59:01 PM,00:15:31,,,,Enter Notes
2026-06-14 03:12:15 PM,88.6,77.0,103.1,59.7,29.99,-73,29.99,2.8,97.9,72.8,2151,--,--,--,79.0,--,202.1,84.5,88.5,40.0,0.55,session,"Session - Jun 14, 2026 2:59:01 PM",2026-06-14 02:59:01 PM 2:59:01 PM,00:15:31,,,,Enter Notes
2026-06-14 03:12:19 PM,89.0,77.2,103.1,59.6,29.99,-70,29.99,3.9,98.6,73.0,2181,--,--,--,79.0,--,202.1,84.5,88.9,40.0,0.56,session,"Session - Jun 14, 2026 2:59:01 PM",2026-06-14 02:59:01 PM 2:59:01 PM,00:15:31,,,,Enter Notes
2026-06-14 03:12:25 PM,87.8,76.1,103.1,59.4,29.99,-64,29.99,7.3,96.1,71.9,2096,--,--,--,78.8,--,204.0,84.3,87.8,40.0,0.54,session,"Session - Jun 14, 2026 2:59:01 PM",2026-06-14 02:59:01 PM 2:59:01 PM,00:15:31,,,,Enter Notes
2026-06-14 03:12:29 PM,87.8,76.3,103.1,59.4,29.98,-63,29.98,5.7,96.1,71.9,2099,--,--,--,78.8,--,204.3,84.3,87.8,40.0,0.54,session,"Session - Jun 14, 2026 2:59:01 PM",2026-06-14 02:59:01 PM 2:59:01 PM,00:15:31,,,,Enter Notes
2026-06-14 03:12:35 PM,88.1,76.6,103.1,59.5,29.99,-64,29.99,3.7,96.4,72.2,2125,--,--,--,79.0,--,203.4,84.5,88.0,40.0,0.54,session,"Session - Jun 14, 2026 2:59:01 PM",2026-06-14 02:59:01 PM 2:59:01 PM,00:15:31,,,,Enter Notes
2026-06-14 03:12:39 PM,87.6,76.1,103.1,59.6,29.99,-68,29.99,8.8,95.4,71.8,2081,--,--,--,79.0,--,203.6,84.5,87.4,40.0,0.53,session,"Session - Jun 14, 2026 2:59:01 PM",2026-06-14 02:59:01 PM 2:59:01 PM,00:15:31,,,,Enter Notes
2026-06-14 03:12:44 PM,87.3,75.7,103.1,59.8,29.99,-64,29.99,6.6,95.0,71.6,2066,--,--,--,79.0,--,203.9,84.5,87.3,40.0,0.53,session,"Session - Jun 14, 2026 2:59:01 PM",2026-06-14 02:59:01 PM 2:59:01 PM,00:15:31,,,,Enter Notes
2026-06-14 03:12:50 PM,86.8,75.6,103.4,60.0,29.99,-68,29.99,7.6,94.1,71.2,2029,--,--,--,79.0,--,204.2,84.6,86.7,40.0,0.51,session,"Session - Jun 14, 2026 2:59:01 PM",2026-06-14 02:59:01 PM 2:59:01 PM,00:15:31,,,,Enter Notes
2026-06-14 03:12:54 PM,87.1,75.9,103.4,60.4,29.99,-70,29.99,3.9,94.8,71.7,2046,--,--,--,79.2,--,203.0,84.7,87.1,40.0,0.51,session,"Session - Jun 14, 2026 2:59:01 PM",2026-06-14 02:59:01 PM 2:59:01 PM,00:15:31,,,,Enter Notes
2026-06-14 03:12:59 PM,87.4,76.3,103.2,60.6,29.99,-64,29.99,5.5,95.4,72.1,2079,--,--,--,79.4,--,202.3,84.9,87.3,40.0,0.51,session,"Session - Jun 14, 2026 2:59:01 PM",2026-06-14 02:59:01 PM 2:59:01 PM,00:15:31,,,,Enter Notes
2026-06-14 03:13:04 PM,87.7,76.6,102.8,60.7,29.99,-70,29.99,3.2,96.1,72.4,2094,--,--,--,79.7,--,201.8,85.1,87.6,40.0,0.52,session,"Session - Jun 14, 2026 2:59:01 PM",2026-06-14 02:59:01 PM 2:59:01 PM,00:15:31,,,,Enter Notes
2026-06-14 03:13:09 PM,88.7,77.4,102.9,60.7,30.00,-77,30.00,2.8,98.2,73.3,2159,--,--,--,79.8,--,201.4,85.1,88.5,40.0,0.53,session,"Session - Jun 14, 2026 2:59:01 PM",2026-06-14 02:59:01 PM 2:59:01 PM,00:15:31,,,,Enter Notes
2026-06-14 03:13:15 PM,89.2,77.7,103.0,60.5,29.99,-70,29.99,2.3,99.7,73.7,2201,--,--,--,79.8,--,200.3,85.1,89.1,40.0,0.55,session,"Session - Jun 14, 2026 2:59:01 PM",2026-06-14 02:59:01 PM 2:59:01 PM,00:15:31,,,,Enter Notes
2026-06-14 03:13:19 PM,88.4,77.0,103.3,60.2,30.00,-73,30.00,3.7,97.7,72.9,2134,--,--,--,79.8,--,199.9,85.2,88.3,40.0,0.54,session,"Session - Jun 14, 2026 2:59:01 PM",2026-06-14 02:59:01 PM 2:59:01 PM,00:15:31,,,,Enter Notes
2026-06-14 03:13:25 PM,88.3,76.8,103.3,60.0,30.00,-77,30.00,2.8,97.7,72.7,2131,--,--,--,79.7,--,200.2,85.1,88.3,40.0,0.54,session,"Session - Jun 14, 2026 2:59:01 PM",2026-06-14 02:59:01 PM 2:59:01 PM,00:15:31,,,,Enter Notes
2026-06-14 03:13:30 PM,88.2,76.8,103.4,59.9,30.00,-77,30.00,4.5,97.0,72.5,2119,--,--,--,79.7,--,199.7,85.1,88.2,40.0,0.54,session,"Session - Jun 14, 2026 2:59:01 PM",2026-06-14 02:59:01 PM 2:59:01 PM,00:15:31,,,,Enter Notes
2026-06-14 03:13:35 PM,87.9,76.6,103.4,59.9,30.00,-73,30.00,2.3,96.1,72.2,2101,--,--,--,79.7,--,199.2,85.2,87.8,40.0,0.53,session,"Session - Jun 14, 2026 2:59:01 PM",2026-06-14 02:59:01 PM 2:59:01 PM,00:15:31,,,,Enter Notes
2026-06-14 03:13:40 PM,88.5,76.8,103.5,59.9,30.00,-73,30.00,2.2,97.5,72.8,2139,--,--,--,79.7,--,198.7,85.2,88.3,40.0,0.54,session,"Session - Jun 14, 2026 2:59:01 PM",2026-06-14 02:59:01 PM 2:59:01 PM,00:15:31,,,,Enter Notes
2026-06-14 03:13:44 PM,89.0,77.4,103.5,59.7,29.99,-73,29.99,1.3,98.8,73.2,2184,--,--,--,79.7,--,198.0,85.2,88.9,40.0,0.56,session,"Session - Jun 14, 2026 2:59:01 PM",2026-06-14 02:59:01 PM 2:59:01 PM,00:15:31,,,,Enter Notes
2026-06-14 03:13:49 PM,88.7,77.0,103.5,59.5,30.00,-77,30.00,3.7,98.2,72.8,2151,--,--,--,79.7,--,197.7,85.2,88.7,40.0,0.55,session,"Session - Jun 14, 2026 2:59:01 PM",2026-06-14 02:59:01 PM 2:59:01 PM,00:15:31,,,,Enter Notes
2026-06-14 03:13:55 PM,88.2,76.6,103.5,59.4,30.00,-73,30.00,3.1,96.8,72.2,2114,--,--,--,79.6,--,198.7,85.1,88.2,40.0,0.54,session,"Session - Jun 14, 2026 2:59:01 PM",2026-06-14 02:59:01 PM 2:59:01 PM,00:15:31,,,,Enter Notes
2026-06-14 03:13:59 PM,88.0,76.5,103.5,59.4,29.99,-73,29.99,3.9,96.4,72.1,2104,--,--,--,79.6,--,198.8,85.1,88.0,40.0,0.54,session,"Session - Jun 14, 2026 2:59:01 PM",2026-06-14 02:59:01 PM 2:59:01 PM,00:15:31,,,,Enter Notes
2026-06-14 03:14:05 PM,88.5,76.8,103.5,59.5,29.99,-73,29.99,1.3,97.7,72.6,2141,--,--,--,79.7,--,197.7,85.2,88.5,40.0,0.55,session,"Session - Jun 14, 2026 2:59:01 PM",2026-06-14 02:59:01 PM 2:59:01 PM,00:15:31,,,,Enter Notes
2026-06-14 03:14:10 PM,89.2,77.4,103.5,59.4,29.99,-73,29.99,0.7,99.5,73.2,2191,--,--,--,79.5,--,198.5,85.0,89.2,40.0,0.56,session,"Session - Jun 14, 2026 2:59:01 PM",2026-06-14 02:59:01 PM 2:59:01 PM,00:15:31,,,,Enter Notes
2026-06-14 03:14:15 PM,89.0,77.2,103.2,59.2,30.00,-77,30.00,2.0,98.6,72.9,2171,--,--,--,79.5,--,198.3,84.9,88.9,40.0,0.56,session,"Session - Jun 14, 2026 2:59:01 PM",2026-06-14 02:59:01 PM 2:59:01 PM,00:15:31,,,,Enter Notes
2026-06-14 03:14:20 PM,89.0,77.2,103.2,59.0,30.00,-77,30.00,1.6,98.4,72.8,2169,--,--,--,79.5,--,198.2,84.9,88.9,40.0,0.56,session,"Session - Jun 14, 2026 2:59:01 PM",2026-06-14 02:59:01 PM 2:59:01 PM,00:15:31,,,,Enter Notes
2026-06-14 03:14:24 PM,89.4,77.4,103.1,58.9,30.00,-77,30.00,1.0,99.3,73.1,2199,--,--,--,79.4,--,198.0,84.9,89.2,40.0,0.57,session,"Session - Jun 14, 2026 2:59:01 PM",2026-06-14 02:59:01 PM 2:59:01 PM,00:15:31,,,,Enter Notes
2026-06-14 03:14:29 PM,89.0,77.0,103.1,58.7,30.00,-73,30.00,4.4,98.2,72.7,2174,--,--,--,79.4,--,198.1,84.9,88.9,40.0,0.57,session,"Session - Jun 14, 2026 2:59:01 PM",2026-06-14 02:59:01 PM 2:59:01 PM,00:15:31,,,,Enter Notes