Device Name,HEAT - 3030480,,,,,,,,,,,,,,,,,,,,,,,,,,
Device Model,5400CL,,,,,,,,,,,,,,,,,,,,,,,,,,
Serial Number,3030480,,,,,,,,,,,,,,,,,,,,,,,,,,
FORMATTED DATE_TIME,Temperature,Wet Bulb Temp,Globe Temperature,Relative Humidity,Barometric Pressure,Altitude,Station Pressure,Wind Speed,Heat Index,Dew Point,Density Altitude,Crosswind,Headwind,Compass Magnetic Direction,NWB Temp,Compass True Direction,Thermal Work Limit,Wet Bulb Globe Temperature,Wind Chill,Data Type,Record name,Start time,Duration (H:M:S),Location description,Location address,Location coordinates,Notes
yyyy-MM-dd hh:mm:ss a,°F,°F,°F,%,inHg,ft,inHg,mph,°F,°F,ft,mph,mph,Deg,°F,Deg,w/m2,°F,°F,,,,,,,,
6/14/2026 10:39,87,75,94.7,57.7,30.11,-174,30.11,4.4,93.6,70.3,1898,--,--,--,77,--,250.9,81.5,86.9,session,"Session - Jun 14, 2026 10:39:16 AM",2026-06-14 10:39:16 AM 10:39:16 AM,0:15:00,Bus Station,,"(17.757641, -64.622685)",
6/14/2026 10:39,87.5,75.4,94.7,58,30.1,-174,30.1,2.5,94.8,70.9,1937,--,--,--,77,--,250.5,81.5,87.4,session,"Session - Jun 14, 2026 10:39:16 AM",2026-06-14 10:39:16 AM 10:39:16 AM,0:15:00,,,,
6/14/2026 10:39,87.4,75.4,94.7,58.2,30.11,-174,30.11,8.5,94.6,70.9,1927,--,--,--,77,--,250.1,81.5,87.3,session,"Session - Jun 14, 2026 10:39:16 AM",2026-06-14 10:39:16 AM 10:39:16 AM,0:15:00,,,,
6/14/2026 10:39,86.7,74.8,94.7,58.2,30.11,-178,30.11,15.3,93.6,70.3,1876,--,--,--,77,--,250.5,81.5,86.7,session,"Session - Jun 14, 2026 10:39:16 AM",2026-06-14 10:39:16 AM 10:39:16 AM,0:15:00,,,,
6/14/2026 10:39,86.3,74.5,95.2,58.2,30.11,-174,30.11,13.9,92.3,69.8,1844,--,--,--,76.9,--,250.1,81.5,86.2,session,"Session - Jun 14, 2026 10:39:16 AM",2026-06-14 10:39:16 AM 10:39:16 AM,0:15:00,,,,
6/14/2026 10:39,87.4,75.6,95.2,58.4,30.11,-178,30.11,9.9,95,71.1,1930,--,--,--,76.9,--,250.4,81.5,87.4,session,"Session - Jun 14, 2026 10:39:16 AM",2026-06-14 10:39:16 AM 10:39:16 AM,0:15:00,,,,
6/14/2026 10:39,87.8,75.9,95.2,58.6,30.11,-174,30.11,8,95.7,71.5,1962,--,--,--,76.9,--,250.6,81.5,87.8,session,"Session - Jun 14, 2026 10:39:16 AM",2026-06-14 10:39:16 AM 10:39:16 AM,0:15:00,,,,
6/14/2026 10:39,87.2,75.6,95.1,58.7,30.1,-174,30.1,8.7,94.3,71,1922,--,--,--,76.9,--,250.7,81.5,87.1,session,"Session - Jun 14, 2026 10:39:16 AM",2026-06-14 10:39:16 AM 10:39:16 AM,0:15:00,,,,
6/14/2026 10:39,87.1,75.4,95.1,58.6,30.11,-178,30.11,7.2,94.3,70.8,1910,--,--,--,76.9,--,250.9,81.5,87.1,session,"Session - Jun 14, 2026 10:39:16 AM",2026-06-14 10:39:16 AM 10:39:16 AM,0:15:00,,,,
6/14/2026 10:40,87.1,75.4,95.1,58.7,30.1,-172,30.1,3.1,93.9,70.8,1910,--,--,--,76.9,--,250.9,81.5,86.9,session,"Session - Jun 14, 2026 10:39:16 AM",2026-06-14 10:39:16 AM 10:39:16 AM,0:15:00,,,,
6/14/2026 10:40,87.6,75.9,95.1,58.8,30.11,-174,30.11,8.5,95.5,71.4,1950,--,--,--,76.9,--,250.9,81.4,87.6,session,"Session - Jun 14, 2026 10:39:16 AM",2026-06-14 10:39:16 AM 10:39:16 AM,0:15:00,,,,
6/14/2026 10:40,87,75.4,95.1,58.9,30.11,-174,30.11,9.3,94.1,70.9,1900,--,--,--,77.1,--,250.3,81.6,86.9,session,"Session - Jun 14, 2026 10:39:16 AM",2026-06-14 10:39:16 AM 10:39:16 AM,0:15:00,,,,
6/14/2026 10:40,87.4,75.7,95,59,30.11,-178,30.11,8.5,94.8,71.3,1932,--,--,--,77.1,--,250.7,81.6,87.3,session,"Session - Jun 14, 2026 10:39:16 AM",2026-06-14 10:39:16 AM 10:39:16 AM,0:15:00,,,,
6/14/2026 10:40,87.5,75.9,95,59,30.11,-178,30.11,5.6,95.2,71.5,1942,--,--,--,77.1,--,250.9,81.6,87.4,session,"Session - Jun 14, 2026 10:39:16 AM",2026-06-14 10:39:16 AM 10:39:16 AM,0:15:00,,,,
6/14/2026 10:40,87.9,76.3,94.8,59,30.1,-174,30.1,4.4,95.9,71.8,1972,--,--,--,77,--,250.7,81.5,87.8,session,"Session - Jun 14, 2026 10:39:16 AM",2026-06-14 10:39:16 AM 10:39:16 AM,0:15:00,,,,
6/14/2026 10:40,87.8,75.9,94.7,58.9,30.11,-178,30.11,10.7,95.9,71.7,1964,--,--,--,77,--,250.8,81.4,87.8,session,"Session - Jun 14, 2026 10:39:16 AM",2026-06-14 10:39:16 AM 10:39:16 AM,0:15:00,,,,
6/14/2026 10:40,87.8,75.9,94.7,58.7,30.11,-178,30.11,11.3,95.5,71.5,1957,--,--,--,76.8,--,252.3,81.3,87.6,session,"Session - Jun 14, 2026 10:39:16 AM",2026-06-14 10:39:16 AM 10:39:16 AM,0:15:00,,,,
6/14/2026 10:40,87.2,75.4,94.7,58.6,30.11,-174,30.11,7.3,94.3,70.9,1920,--,--,--,76.8,--,252.5,81.3,87.1,session,"Session - Jun 14, 2026 10:39:16 AM",2026-06-14 10:39:16 AM 10:39:16 AM,0:15:00,,,,
6/14/2026 10:40,87.6,75.7,94.7,58.5,30.11,-178,30.11,5.2,95,71.2,1945,--,--,--,76.8,--,252.5,81.3,87.4,session,"Session - Jun 14, 2026 10:39:16 AM",2026-06-14 10:39:16 AM 10:39:16 AM,0:15:00,,,,
6/14/2026 10:40,88.1,76.3,94.7,58.5,30.11,-174,30.11,3.1,96.1,71.7,1979,--,--,--,76.8,--,252.3,81.3,88,session,"Session - Jun 14, 2026 10:39:16 AM",2026-06-14 10:39:16 AM 10:39:16 AM,0:15:00,,,,
6/14/2026 10:40,88.7,76.8,94.7,58.4,30.11,-174,30.11,4.5,97.9,72.2,2021,--,--,--,76.8,--,252,81.3,88.7,session,"Session - Jun 14, 2026 10:39:16 AM",2026-06-14 10:39:16 AM 10:39:16 AM,0:15:00,,,,
6/14/2026 10:41,89,76.8,94.7,58.2,30.11,-178,30.11,4.1,98.1,72.4,2041,--,--,--,76.8,--,251.9,81.3,88.9,session,"Session - Jun 14, 2026 10:39:16 AM",2026-06-14 10:39:16 AM 10:39:16 AM,0:15:00,,,,
6/14/2026 10:41,88.7,76.3,94.7,57.9,30.11,-178,30.11,7.5,97.2,71.8,2011,--,--,--,76.6,--,252.7,81.2,88.5,session,"Session - Jun 14, 2026 10:39:16 AM",2026-06-14 10:39:16 AM 10:39:16 AM,0:15:00,,,,
6/14/2026 10:41,87.8,75.7,94.7,57.6,30.11,-178,30.11,8.7,95.4,71,1957,--,--,--,76.4,--,254,81,87.8,session,"Session - Jun 14, 2026 10:39:16 AM",2026-06-14 10:39:16 AM 10:39:16 AM,0:15:00,,,,
6/14/2026 10:41,87.7,75.6,94.7,57.4,30.11,-178,30.11,8.5,95,70.8,1947,--,--,--,76.4,--,254,81.1,87.6,session,"Session - Jun 14, 2026 10:39:16 AM",2026-06-14 10:39:16 AM 10:39:16 AM,0:15:00,,,,
6/14/2026 10:41,87.7,75.4,94.7,57.4,30.11,-174,30.11,9.2,95,70.8,1940,--,--,--,76.4,--,254.1,81.1,87.6,session,"Session - Jun 14, 2026 10:39:16 AM",2026-06-14 10:39:16 AM 10:39:16 AM,0:15:00,,,,
6/14/2026 10:41,87.5,75.4,94.7,57.6,30.11,-174,30.11,7,94.6,70.6,1932,--,--,--,76.4,--,254,81.1,87.4,session,"Session - Jun 14, 2026 10:39:16 AM",2026-06-14 10:39:16 AM 10:39:16 AM,0:15:00,,,,
6/14/2026 10:41,87.7,75.6,94.7,57.7,30.11,-174,30.11,7.6,95,70.9,1947,--,--,--,76.4,--,253.8,81.1,87.6,session,"Session - Jun 14, 2026 10:39:16 AM",2026-06-14 10:39:16 AM 10:39:16 AM,0:15:00,,,,
6/14/2026 10:41,87.7,75.6,94.5,57.7,30.11,-178,30.11,10.1,95,70.9,1947,--,--,--,76.7,--,253.2,81.2,87.6,session,"Session - Jun 14, 2026 10:39:16 AM",2026-06-14 10:39:16 AM 10:39:16 AM,0:15:00,,,,
6/14/2026 10:41,87.5,75.4,94,57.6,30.11,-181,30.11,10.3,94.6,70.8,1932,--,--,--,75.2,--,254.2,80.1,87.4,session,"Session - Jun 14, 2026 10:39:16 AM",2026-06-14 10:39:16 AM 10:39:16 AM,0:15:00,,,,
6/14/2026 10:41,87.8,75.7,94,57.7,30.11,-178,30.11,7.4,95,71,1950,--,--,--,75.2,--,254.3,80.1,87.6,session,"Session - Jun 14, 2026 10:39:16 AM",2026-06-14 10:39:16 AM 10:39:16 AM,0:15:00,,,,
6/14/2026 10:41,88,75.7,94.1,57.8,30.11,-181,30.11,10,95,71,1950,--,--,--,75.2,--,254.1,80.1,87.6,session,"Session - Jun 14, 2026 10:39:16 AM",2026-06-14 10:39:16 AM 10:39:16 AM,0:15:00,,,,
6/14/2026 10:41,87,74.8,94.1,57.6,30.11,-178,30.11,9.6,93.6,70.2,1898,--,--,--,75.2,--,254.5,80.2,86.9,session,"Session - Jun 14, 2026 10:39:16 AM",2026-06-14 10:39:16 AM 10:39:16 AM,0:15:00,,,,
6/14/2026 10:42,87,75,94.3,57.6,30.11,-174,30.11,7.7,93.6,70.2,1900,--,--,--,76.9,--,254.3,81.4,86.9,session,"Session - Jun 14, 2026 10:39:16 AM",2026-06-14 10:39:16 AM 10:39:16 AM,0:15:00,,,,
6/14/2026 10:42,87.2,75.2,94.3,57.7,30.11,-174,30.11,8.9,93.9,70.5,1915,--,--,--,76.9,--,254.3,81.4,87.1,session,"Session - Jun 14, 2026 10:39:16 AM",2026-06-14 10:39:16 AM 10:39:16 AM,0:15:00,,,,
6/14/2026 10:42,86.7,74.8,94.3,57.9,30.11,-178,30.11,14.4,93.4,70.1,1876,--,--,--,76.9,--,254.6,81.4,86.7,session,"Session - Jun 14, 2026 10:39:16 AM",2026-06-14 10:39:16 AM 10:39:16 AM,0:15:00,,,,
6/14/2026 10:42,87.4,75.4,94.3,58.1,30.11,-178,30.11,8.1,94.8,70.9,1927,--,--,--,76.9,--,254,81.4,87.4,session,"Session - Jun 14, 2026 10:39:16 AM",2026-06-14 10:39:16 AM 10:39:16 AM,0:15:00,,,,
6/14/2026 10:42,87.1,75.4,94.3,58.2,30.11,-181,30.11,8.7,94.3,70.6,1900,--,--,--,76.9,--,254.1,81.4,87.1,session,"Session - Jun 14, 2026 10:39:16 AM",2026-06-14 10:39:16 AM 10:39:16 AM,0:15:00,,,,
6/14/2026 10:42,86.8,74.8,94.3,58.3,30.1,-172,30.1,4.2,93.6,70.4,1888,--,--,--,76.9,--,254.1,81.4,86.7,session,"Session - Jun 14, 2026 10:39:16 AM",2026-06-14 10:39:16 AM 10:39:16 AM,0:15:00,,,,
6/14/2026 10:42,87.3,75.4,94.3,58.3,30.11,-178,30.11,9.8,94.6,70.9,1922,--,--,--,76.9,--,254,81.4,87.3,session,"Session - Jun 14, 2026 10:39:16 AM",2026-06-14 10:39:16 AM 10:39:16 AM,0:15:00,,,,
6/14/2026 10:42,87.7,75.7,94.3,58.3,30.11,-174,30.11,4.3,95.4,71.2,1945,--,--,--,76.9,--,254.2,81.4,87.6,session,"Session - Jun 14, 2026 10:39:16 AM",2026-06-14 10:39:16 AM 10:39:16 AM,0:15:00,,,,
6/14/2026 10:42,87.7,75.7,94.3,58.3,30.11,-178,30.11,7.7,95.4,71.2,1947,--,--,--,76.9,--,254,81.4,87.6,session,"Session - Jun 14, 2026 10:39:16 AM",2026-06-14 10:39:16 AM 10:39:16 AM,0:15:00,,,,
6/14/2026 10:42,87.9,75.9,94.2,58.2,30.1,-174,30.1,4,95.5,71.4,1969,--,--,--,76.9,--,254,81.3,87.8,session,"Session - Jun 14, 2026 10:39:16 AM",2026-06-14 10:39:16 AM 10:39:16 AM,0:15:00,,,,
6/14/2026 10:42,87.5,75.7,94.2,58.1,30.11,-178,30.11,11.3,94.8,71,1935,--,--,--,76.9,--,254.1,81.3,87.4,session,"Session - Jun 14, 2026 10:39:16 AM",2026-06-14 10:39:16 AM 10:39:16 AM,0:15:00,,,,
6/14/2026 10:42,86.9,74.8,94.2,57.9,30.11,-174,30.11,8.4,93.7,70.3,1896,--,--,--,76.9,--,254.4,81.3,86.9,session,"Session - Jun 14, 2026 10:39:16 AM",2026-06-14 10:39:16 AM 10:39:16 AM,0:15:00,,,,
6/14/2026 10:43,87.7,75.7,94.2,57.9,30.11,-178,30.11,8.7,95.2,71.1,1947,--,--,--,76.9,--,254.5,81.3,87.6,session,"Session - Jun 14, 2026 10:39:16 AM",2026-06-14 10:39:16 AM 10:39:16 AM,0:15:00,,,,
6/14/2026 10:43,87.3,75.4,94.2,57.9,30.11,-178,30.11,13.5,94.5,70.6,1915,--,--,--,76.9,--,255,81.3,87.3,session,"Session - Jun 14, 2026 10:39:16 AM",2026-06-14 10:39:16 AM 10:39:16 AM,0:15:00,,,,
6/14/2026 10:43,87.1,75.2,94.2,57.8,30.11,-178,30.11,9.3,94.1,70.5,1908,--,--,--,76.9,--,255.3,81.3,87.1,session,"Session - Jun 14, 2026 10:39:16 AM",2026-06-14 10:39:16 AM 10:39:16 AM,0:15:00,,,,
6/14/2026 10:43,86.6,74.7,94.2,57.9,30.11,-174,30.11,8.9,93,70,1871,--,--,--,76.9,--,255.4,81.3,86.5,session,"Session - Jun 14, 2026 10:39:16 AM",2026-06-14 10:39:16 AM 10:39:16 AM,0:15:00,,,,
6/14/2026 10:43,86,74.3,94.6,58.2,30.11,-178,30.11,9.1,91.9,69.6,1824,--,--,--,76.7,--,255.2,81.3,86,session,"Session - Jun 14, 2026 10:39:16 AM",2026-06-14 10:39:16 AM 10:39:16 AM,0:15:00,,,,
6/14/2026 10:43,86,74.5,94.8,58.5,30.11,-178,30.11,8.8,91.8,69.8,1831,--,--,--,76.5,--,255.2,81.1,85.8,session,"Session - Jun 14, 2026 10:39:16 AM",2026-06-14 10:39:16 AM 10:39:16 AM,0:15:00,,,,
6/14/2026 10:43,86.5,75,94.8,59,30.11,-174,30.11,5.8,93,70.4,1866,--,--,--,76.7,--,254.4,81.2,86.4,session,"Session - Jun 14, 2026 10:39:16 AM",2026-06-14 10:39:16 AM 10:39:16 AM,0:15:00,,,,
6/14/2026 10:43,87.1,75.6,94.8,59.2,30.11,-178,30.11,7.7,94.6,71.1,1908,--,--,--,76.7,--,254.4,81.2,87.1,session,"Session - Jun 14, 2026 10:39:16 AM",2026-06-14 10:39:16 AM 10:39:16 AM,0:15:00,,,,
6/14/2026 10:43,86.6,75.2,94.8,59.3,30.11,-174,30.11,8.5,93.6,70.7,1876,--,--,--,76.7,--,254.6,81.2,86.5,session,"Session - Jun 14, 2026 10:39:16 AM",2026-06-14 10:39:16 AM 10:39:16 AM,0:15:00,,,,
6/14/2026 10:43,87.1,75.6,94.7,59.3,30.11,-178,30.11,9.6,94.3,71.2,1908,--,--,--,76.7,--,255.1,81.2,86.9,session,"Session - Jun 14, 2026 10:39:16 AM",2026-06-14 10:39:16 AM 10:39:16 AM,0:15:00,,,,
6/14/2026 10:43,88.1,76.5,94.7,59.3,30.11,-174,30.11,6.5,96.4,72.1,1982,--,--,--,76.7,--,255.2,81.2,88,session,"Session - Jun 14, 2026 10:39:16 AM",2026-06-14 10:39:16 AM 10:39:16 AM,0:15:00,,,,
6/14/2026 10:43,88.2,76.5,94.5,59.1,30.11,-178,30.11,8.3,96.6,72.1,1987,--,--,--,76.6,--,255.3,81.1,88.2,session,"Session - Jun 14, 2026 10:39:16 AM",2026-06-14 10:39:16 AM 10:39:16 AM,0:15:00,,,,
6/14/2026 10:44,87.7,75.9,94.4,58.8,30.11,-178,30.11,9,95.5,71.5,1952,--,--,--,76.6,--,255.6,81.1,87.6,session,"Session - Jun 14, 2026 10:39:16 AM",2026-06-14 10:39:16 AM 10:39:16 AM,0:15:00,,,,
6/14/2026 10:44,87.6,75.9,94.4,58.7,30.11,-178,30.11,11.2,95.5,71.4,1945,--,--,--,76.6,--,255.8,81.1,87.6,session,"Session - Jun 14, 2026 10:39:16 AM",2026-06-14 10:39:16 AM 10:39:16 AM,0:15:00,,,,
6/14/2026 10:44,87.6,75.9,94.4,58.7,30.11,-178,30.11,5.8,95.2,71.3,1945,--,--,--,76.6,--,256.1,81.1,87.4,session,"Session - Jun 14, 2026 10:39:16 AM",2026-06-14 10:39:16 AM 10:39:16 AM,0:15:00,,,,
6/14/2026 10:44,87.8,75.9,94.4,58.7,30.11,-174,30.11,4.3,95.7,71.5,1964,--,--,--,76.6,--,256,81.1,87.8,session,"Session - Jun 14, 2026 10:39:16 AM",2026-06-14 10:39:16 AM 10:39:16 AM,0:15:00,,,,
6/14/2026 10:44,88.1,76.3,94.4,58.6,30.11,-174,30.11,5.6,96.1,71.7,1982,--,--,--,76.4,--,256.9,80.9,88,session,"Session - Jun 14, 2026 10:39:16 AM",2026-06-14 10:39:16 AM 10:39:16 AM,0:15:00,,,,
6/14/2026 10:44,88.5,76.6,94.4,58.5,30.11,-174,30.11,6.3,97,72.1,2006,--,--,--,76.4,--,256.8,80.9,88.3,session,"Session - Jun 14, 2026 10:39:16 AM",2026-06-14 10:39:16 AM 10:39:16 AM,0:15:00,,,,
6/14/2026 10:44,88.2,76.3,94.4,58.4,30.11,-178,30.11,5.5,96.4,71.7,1984,--,--,--,76.4,--,256.7,80.9,88.2,session,"Session - Jun 14, 2026 10:39:16 AM",2026-06-14 10:39:16 AM 10:39:16 AM,0:15:00,,,,
6/14/2026 10:44,87.7,75.7,94.4,58.3,30.11,-178,30.11,10.3,95,71.1,1935,--,--,--,76.4,--,256.7,80.9,87.4,session,"Session - Jun 14, 2026 10:39:16 AM",2026-06-14 10:39:16 AM 10:39:16 AM,0:15:00,,,,
6/14/2026 10:44,86.3,74.7,94.4,58.4,30.11,-174,30.11,5.4,92.5,70,1849,--,--,--,76.4,--,256.8,80.9,86.2,session,"Session - Jun 14, 2026 10:39:16 AM",2026-06-14 10:39:16 AM 10:39:16 AM,0:15:00,,,,
6/14/2026 10:44,86.2,74.5,94.4,58.6,30.11,-174,30.11,5.1,92.3,70,1844,--,--,--,76.6,--,255.5,81.1,86,session,"Session - Jun 14, 2026 10:39:16 AM",2026-06-14 10:39:16 AM 10:39:16 AM,0:15:00,,,,
6/14/2026 10:44,86.8,75.4,94.4,59,30.11,-174,30.11,5.6,93.7,70.8,1893,--,--,--,76.6,--,255.3,81.1,86.7,session,"Session - Jun 14, 2026 10:39:16 AM",2026-06-14 10:39:16 AM 10:39:16 AM,0:15:00,,,,
6/14/2026 10:44,87.2,75.6,94.4,59.3,30.11,-178,30.11,4.9,94.6,71.3,1915,--,--,--,76.6,--,255.1,81.1,87.1,session,"Session - Jun 14, 2026 10:39:16 AM",2026-06-14 10:39:16 AM 10:39:16 AM,0:15:00,,,,
6/14/2026 10:45,88.1,76.5,94.4,59.4,30.11,-178,30.11,8.1,96.4,72.1,1979,--,--,--,76.8,--,253.9,81.2,88,session,"Session - Jun 14, 2026 10:39:16 AM",2026-06-14 10:39:16 AM 10:39:16 AM,0:15:00,,,,
6/14/2026 10:45,87.8,76.3,94.4,59.4,30.11,-174,30.11,6.5,96.1,71.9,1962,--,--,--,76.8,--,253.8,81.2,87.8,session,"Session - Jun 14, 2026 10:39:16 AM",2026-06-14 10:39:16 AM 10:39:16 AM,0:15:00,,,,
6/14/2026 10:45,86.8,75.2,94.4,59.1,30.11,-178,30.11,12.8,93.7,70.7,1883,--,--,--,76.6,--,255.1,81.1,86.7,session,"Session - Jun 14, 2026 10:39:16 AM",2026-06-14 10:39:16 AM 10:39:16 AM,0:15:00,,,,
6/14/2026 10:45,86.3,74.8,94.4,59,30.11,-178,30.11,10.2,92.7,70.3,1846,--,--,--,76.6,--,255.4,81.1,86.2,session,"Session - Jun 14, 2026 10:39:16 AM",2026-06-14 10:39:16 AM 10:39:16 AM,0:15:00,,,,
6/14/2026 10:45,86.4,75,94.4,59.2,30.11,-174,30.11,5.9,93.2,70.5,1863,--,--,--,76.6,--,255.3,81.1,86.4,session,"Session - Jun 14, 2026 10:39:16 AM",2026-06-14 10:39:16 AM 10:39:16 AM,0:15:00,,,,
6/14/2026 10:45,86.9,75.6,94.2,59.5,30.11,-178,30.11,8.8,94.3,71.1,1898,--,--,--,76.9,--,254.2,81.2,86.9,session,"Session - Jun 14, 2026 10:39:16 AM",2026-06-14 10:39:16 AM 10:39:16 AM,0:15:00,,,,
6/14/2026 10:45,87,75.6,94.2,59.6,30.11,-178,30.11,8.4,94.3,71.2,1905,--,--,--,76.9,--,254.5,81.2,86.9,session,"Session - Jun 14, 2026 10:39:16 AM",2026-06-14 10:39:16 AM 10:39:16 AM,0:15:00,,,,
6/14/2026 10:45,86.9,75.6,94.2,59.7,30.11,-174,30.11,7.9,93.9,71.2,1898,--,--,--,77,--,253.4,81.4,86.7,session,"Session - Jun 14, 2026 10:39:16 AM",2026-06-14 10:39:16 AM 10:39:16 AM,0:15:00,,,,
6/14/2026 10:45,87,75.7,94.2,59.8,30.11,-174,30.11,6.5,94.3,71.3,1913,--,--,--,77,--,253.4,81.4,86.9,session,"Session - Jun 14, 2026 10:39:16 AM",2026-06-14 10:39:16 AM 10:39:16 AM,0:15:00,,,,
6/14/2026 10:45,87.4,75.9,94.2,59.7,30.11,-178,30.11,5.9,95,71.7,1937,--,--,--,77,--,253.4,81.4,87.3,session,"Session - Jun 14, 2026 10:39:16 AM",2026-06-14 10:39:16 AM 10:39:16 AM,0:15:00,,,,
6/14/2026 10:45,87.4,75.9,94.2,59.6,30.11,-178,30.11,10,95.4,71.7,1937,--,--,--,77,--,253.3,81.4,87.4,session,"Session - Jun 14, 2026 10:39:16 AM",2026-06-14 10:39:16 AM 10:39:16 AM,0:15:00,,,,
6/14/2026 10:45,87.3,75.7,94.2,59.5,30.11,-178,30.11,9,95,71.4,1920,--,--,--,76.8,--,254.6,81.2,87.3,session,"Session - Jun 14, 2026 10:39:16 AM",2026-06-14 10:39:16 AM 10:39:16 AM,0:15:00,,,,
6/14/2026 10:46,87.1,75.6,94.2,59.4,30.11,-178,30.11,10.2,94.6,71.2,1908,--,--,--,76.8,--,254.6,81.2,87.1,session,"Session - Jun 14, 2026 10:39:16 AM",2026-06-14 10:39:16 AM 10:39:16 AM,0:15:00,,,,
6/14/2026 10:46,86.6,75.2,94.1,59.2,30.11,-178,30.11,7.8,93.6,70.7,1876,--,--,--,76.8,--,254.8,81.2,86.5,session,"Session - Jun 14, 2026 10:39:16 AM",2026-06-14 10:39:16 AM 10:39:16 AM,0:15:00,,,,
6/14/2026 10:46,87.2,75.6,94.1,59.4,30.11,-174,30.11,4.8,94.6,71.2,1913,--,--,--,76.8,--,254.7,81.2,87.1,session,"Session - Jun 14, 2026 10:39:16 AM",2026-06-14 10:39:16 AM 10:39:16 AM,0:15:00,,,,
6/14/2026 10:46,87.6,75.9,94.1,59.4,30.11,-178,30.11,8.6,95.4,71.7,1942,--,--,--,76.8,--,254.6,81.2,87.4,session,"Session - Jun 14, 2026 10:39:16 AM",2026-06-14 10:39:16 AM 10:39:16 AM,0:15:00,,,,
6/14/2026 10:46,87.1,75.6,94.1,59.3,30.11,-178,30.11,6.3,94.3,71.1,1905,--,--,--,76.8,--,254.8,81.2,86.9,session,"Session - Jun 14, 2026 10:39:16 AM",2026-06-14 10:39:16 AM 10:39:16 AM,0:15:00,,,,
6/14/2026 10:46,87.1,75.6,94.1,59.1,30.11,-178,30.11,3.8,94.5,71,1908,--,--,--,76.8,--,254.5,81.2,87.1,session,"Session - Jun 14, 2026 10:39:16 AM",2026-06-14 10:39:16 AM 10:39:16 AM,0:15:00,,,,
6/14/2026 10:46,88.2,76.5,94.1,59,30.11,-178,30.11,5.1,96.6,72,1987,--,--,--,76.8,--,254.4,81.2,88.2,session,"Session - Jun 14, 2026 10:39:16 AM",2026-06-14 10:39:16 AM 10:39:16 AM,0:15:00,,,,
6/14/2026 10:46,88.8,76.8,94.1,59,30.11,-178,30.11,4.4,98.1,72.6,2031,--,--,--,76.8,--,254.1,81.2,88.7,session,"Session - Jun 14, 2026 10:39:16 AM",2026-06-14 10:39:16 AM 10:39:16 AM,0:15:00,,,,
6/14/2026 10:46,88.5,76.6,94.1,58.6,30.11,-174,30.11,6.2,97,72.1,2009,--,--,--,76.7,--,254.9,81.1,88.3,session,"Session - Jun 14, 2026 10:39:16 AM",2026-06-14 10:39:16 AM 10:39:16 AM,0:15:00,,,,
6/14/2026 10:46,87.5,75.6,94.1,58.4,30.11,-178,30.11,6.8,95,71.1,1935,--,--,--,76.6,--,255.1,81.1,87.4,session,"Session - Jun 14, 2026 10:39:16 AM",2026-06-14 10:39:16 AM 10:39:16 AM,0:15:00,,,,
6/14/2026 10:46,87.4,75.6,94.1,58.3,30.11,-174,30.11,6.6,95,71,1930,--,--,--,76.6,--,255,81.1,87.4,session,"Session - Jun 14, 2026 10:39:16 AM",2026-06-14 10:39:16 AM 10:39:16 AM,0:15:00,,,,
6/14/2026 10:46,88.1,76.1,94.1,58.3,30.11,-174,30.11,5.8,96.1,71.7,1979,--,--,--,76.6,--,254.8,81.1,88,session,"Session - Jun 14, 2026 10:39:16 AM",2026-06-14 10:39:16 AM 10:39:16 AM,0:15:00,,,,
6/14/2026 10:47,88.2,76.1,94.1,58.3,30.11,-174,30.11,4.1,96.4,71.7,1982,--,--,--,76.6,--,254.5,81.1,88.2,session,"Session - Jun 14, 2026 10:39:16 AM",2026-06-14 10:39:16 AM 10:39:16 AM,0:15:00,,,,
6/14/2026 10:47,87.8,75.7,94.2,58.2,30.11,-178,30.11,5.5,95.5,71.3,1957,--,--,--,76.7,--,254.1,81.1,87.8,session,"Session - Jun 14, 2026 10:39:16 AM",2026-06-14 10:39:16 AM 10:39:16 AM,0:15:00,,,,
6/14/2026 10:47,87.9,75.9,94.2,58.1,30.11,-178,30.11,7.1,95.5,71.3,1962,--,--,--,76.7,--,253.9,81.1,87.8,session,"Session - Jun 14, 2026 10:39:16 AM",2026-06-14 10:39:16 AM 10:39:16 AM,0:15:00,,,,
6/14/2026 10:47,87.5,75.6,94,58.2,30.11,-178,30.11,7,94.8,71,1927,--,--,--,76.5,--,255.3,81,87.4,session,"Session - Jun 14, 2026 10:39:16 AM",2026-06-14 10:39:16 AM 10:39:16 AM,0:15:00,,,,
6/14/2026 10:47,87,75.2,94,58.3,30.11,-178,30.11,8.5,93.9,70.6,1896,--,--,--,76.5,--,255.3,81,86.9,session,"Session - Jun 14, 2026 10:39:16 AM",2026-06-14 10:39:16 AM 10:39:16 AM,0:15:00,,,,
6/14/2026 10:47,87.3,75.4,94,58.4,30.11,-174,30.11,4.7,94.6,70.9,1918,--,--,--,76.7,--,254.8,81.1,87.3,session,"Session - Jun 14, 2026 10:39:16 AM",2026-06-14 10:39:16 AM 10:39:16 AM,0:15:00,,,,
6/14/2026 10:47,88.4,76.5,94,58.5,30.11,-181,30.11,9.9,97,72,1999,--,--,--,76.9,--,253.5,81.3,88.3,session,"Session - Jun 14, 2026 10:39:16 AM",2026-06-14 10:39:16 AM 10:39:16 AM,0:15:00,,,,
6/14/2026 10:47,87.8,75.9,94,58.4,30.11,-178,30.11,12.4,95.7,71.4,1955,--,--,--,76.9,--,253.8,81.3,87.8,session,"Session - Jun 14, 2026 10:39:16 AM",2026-06-14 10:39:16 AM 10:39:16 AM,0:15:00,,,,
6/14/2026 10:47,87.5,75.7,94.1,58.4,30.11,-181,30.11,11.8,95,71.1,1932,--,--,--,76.7,--,255,81.2,87.4,session,"Session - Jun 14, 2026 10:39:16 AM",2026-06-14 10:39:16 AM 10:39:16 AM,0:15:00,,,,
6/14/2026 10:47,88.5,76.5,94.1,58.4,30.11,-178,30.11,6.2,96.8,72,2004,--,--,--,76.7,--,254.9,81.2,88.3,session,"Session - Jun 14, 2026 10:39:16 AM",2026-06-14 10:39:16 AM 10:39:16 AM,0:15:00,,,,
6/14/2026 10:47,89.1,77,94.1,58.3,30.11,-178,30.11,5.4,98.6,72.6,2051,--,--,--,76.7,--,254.6,81.2,89.1,session,"Session - Jun 14, 2026 10:39:16 AM",2026-06-14 10:39:16 AM 10:39:16 AM,0:15:00,,,,
6/14/2026 10:47,89,76.8,94.1,58.1,30.11,-178,30.11,3.2,98.1,72.3,2041,--,--,--,76.7,--,254.1,81.2,88.9,session,"Session - Jun 14, 2026 10:39:16 AM",2026-06-14 10:39:16 AM 10:39:16 AM,0:15:00,,,,
6/14/2026 10:48,89,76.6,94.2,57.7,30.11,-181,30.11,9,97.9,72.1,2034,--,--,--,76.6,--,254.8,81.1,88.9,session,"Session - Jun 14, 2026 10:39:16 AM",2026-06-14 10:39:16 AM 10:39:16 AM,0:15:00,,,,
6/14/2026 10:48,87.6,75.4,94.2,57.5,30.11,-178,30.11,7.4,94.6,70.7,1937,--,--,--,76.7,--,254.6,81.2,87.4,session,"Session - Jun 14, 2026 10:39:16 AM",2026-06-14 10:39:16 AM 10:39:16 AM,0:15:00,,,,
6/14/2026 10:48,86.8,74.7,94.2,57.5,30.11,-181,30.11,13.4,93.2,70,1876,--,--,--,76.7,--,254.9,81.2,86.7,session,"Session - Jun 14, 2026 10:39:16 AM",2026-06-14 10:39:16 AM 10:39:16 AM,0:15:00,,,,
6/14/2026 10:48,87.5,75.6,94.2,57.8,30.11,-178,30.11,8.4,94.8,70.9,1932,--,--,--,76.9,--,254.1,81.3,87.4,session,"Session - Jun 14, 2026 10:39:16 AM",2026-06-14 10:39:16 AM 10:39:16 AM,0:15:00,,,,
6/14/2026 10:48,88.6,76.5,94.2,58.1,30.11,-178,30.11,5,97.2,71.9,2006,--,--,--,76.9,--,253.9,81.3,88.5,session,"Session - Jun 14, 2026 10:39:16 AM",2026-06-14 10:39:16 AM 10:39:16 AM,0:15:00,,,,
6/14/2026 10:48,88.4,76.3,94.3,58.1,30.11,-178,30.11,6,96.6,71.8,1996,--,--,--,76.9,--,253.5,81.4,88.3,session,"Session - Jun 14, 2026 10:39:16 AM",2026-06-14 10:39:16 AM 10:39:16 AM,0:15:00,,,,
6/14/2026 10:48,88,75.9,94.3,58,30.11,-174,30.11,3.2,95.9,71.3,1969,--,--,--,76.9,--,253.1,81.4,88,session,"Session - Jun 14, 2026 10:39:16 AM",2026-06-14 10:39:16 AM 10:39:16 AM,0:15:00,,,,
6/14/2026 10:48,88.1,75.9,94.3,58,30.11,-178,30.11,4.5,95.9,71.5,1977,--,--,--,76.9,--,252.6,81.4,88,session,"Session - Jun 14, 2026 10:39:16 AM",2026-06-14 10:39:16 AM 10:39:16 AM,0:15:00,,,,
6/14/2026 10:48,87.2,75.2,94.3,57.9,30.11,-181,30.11,12.8,94.1,70.5,1908,--,--,--,76.9,--,252.5,81.4,87.1,session,"Session - Jun 14, 2026 10:39:16 AM",2026-06-14 10:39:16 AM 10:39:16 AM,0:15:00,,,,
6/14/2026 10:48,87.1,75.2,94.4,57.9,30.11,-178,30.11,9.9,93.7,70.4,1900,--,--,--,76.9,--,252.7,81.4,86.9,session,"Session - Jun 14, 2026 10:39:16 AM",2026-06-14 10:39:16 AM 10:39:16 AM,0:15:00,,,,
6/14/2026 10:48,87.3,75.4,94.4,58.1,30.11,-178,30.11,7.6,94.5,70.7,1915,--,--,--,76.9,--,252.7,81.4,87.3,session,"Session - Jun 14, 2026 10:39:16 AM",2026-06-14 10:39:16 AM 10:39:16 AM,0:15:00,,,,
6/14/2026 10:48,88.1,76.1,94.4,58.3,30.11,-178,30.11,5.8,96.1,71.6,1972,--,--,--,76.9,--,252.4,81.4,88,session,"Session - Jun 14, 2026 10:39:16 AM",2026-06-14 10:39:16 AM 10:39:16 AM,0:15:00,,,,
6/14/2026 10:49,88.9,76.8,94.4,58.3,30.11,-178,30.11,7.9,98.2,72.3,2029,--,--,--,76.9,--,252.2,81.4,88.9,session,"Session - Jun 14, 2026 10:39:16 AM",2026-06-14 10:39:16 AM 10:39:16 AM,0:15:00,,,,
6/14/2026 10:49,88.6,76.5,94.4,58.1,30.11,-178,30.11,5,97.2,72,2014,--,--,--,76.9,--,251.9,81.4,88.5,session,"Session - Jun 14, 2026 10:39:16 AM",2026-06-14 10:39:16 AM 10:39:16 AM,0:15:00,,,,
6/14/2026 10:49,88.3,76.1,94.4,57.8,30.11,-178,30.11,8.6,96.1,71.5,1991,--,--,--,76.9,--,251.9,81.4,88.2,session,"Session - Jun 14, 2026 10:39:16 AM",2026-06-14 10:39:16 AM 10:39:16 AM,0:15:00,,,,
6/14/2026 10:49,87.9,75.7,94.7,57.6,30.11,-178,30.11,10.9,95.4,71.1,1959,--,--,--,76.8,--,253.2,81.4,87.8,session,"Session - Jun 14, 2026 10:39:16 AM",2026-06-14 10:39:16 AM 10:39:16 AM,0:15:00,,,,
6/14/2026 10:49,87.7,75.6,94.7,57.6,30.11,-178,30.11,5.7,95,70.8,1945,--,--,--,76.8,--,253,81.4,87.6,session,"Session - Jun 14, 2026 10:39:16 AM",2026-06-14 10:39:16 AM 10:39:16 AM,0:15:00,,,,
6/14/2026 10:49,87.7,75.6,94.7,57.6,30.11,-178,30.11,4.3,95,70.9,1950,--,--,--,76.8,--,252.7,81.4,87.6,session,"Session - Jun 14, 2026 10:39:16 AM",2026-06-14 10:39:16 AM 10:39:16 AM,0:15:00,,,,
6/14/2026 10:49,88,75.7,94.7,57.7,30.11,-178,30.11,4.1,95.4,71.2,1967,--,--,--,77,--,251.4,81.5,87.8,session,"Session - Jun 14, 2026 10:39:16 AM",2026-06-14 10:39:16 AM 10:39:16 AM,0:15:00,,,,
6/14/2026 10:49,88.1,75.9,94.7,57.8,30.11,-178,30.11,6.7,95.9,71.3,1974,--,--,--,77,--,251,81.5,88,session,"Session - Jun 14, 2026 10:39:16 AM",2026-06-14 10:39:16 AM 10:39:16 AM,0:15:00,,,,
6/14/2026 10:49,87.6,75.6,94.7,57.9,30.11,-178,30.11,7.4,94.8,70.9,1937,--,--,--,77,--,251.1,81.5,87.4,session,"Session - Jun 14, 2026 10:39:16 AM",2026-06-14 10:39:16 AM 10:39:16 AM,0:15:00,,,,
6/14/2026 10:49,88.4,76.3,94.7,57.9,30.11,-174,30.11,7.5,96.6,71.7,1999,--,--,--,77,--,250.9,81.5,88.3,session,"Session - Jun 14, 2026 10:39:16 AM",2026-06-14 10:39:16 AM 10:39:16 AM,0:15:00,,,,
6/14/2026 10:49,88.8,76.6,94.7,58,30.11,-178,30.11,7.3,97.5,72.1,2024,--,--,--,77,--,250.9,81.5,88.7,session,"Session - Jun 14, 2026 10:39:16 AM",2026-06-14 10:39:16 AM 10:39:16 AM,0:15:00,,,,
6/14/2026 10:49,88.3,76.1,94.7,57.9,30.11,-178,30.11,5.7,96.3,71.6,1994,--,--,--,77,--,250.6,81.5,88.2,session,"Session - Jun 14, 2026 10:39:16 AM",2026-06-14 10:39:16 AM 10:39:16 AM,0:15:00,,,,
6/14/2026 10:50,88.2,75.9,94.8,57.7,30.11,-178,30.11,8.5,96.1,71.3,1979,--,--,--,77,--,250.5,81.5,88.2,session,"Session - Jun 14, 2026 10:39:16 AM",2026-06-14 10:39:16 AM 10:39:16 AM,0:15:00,,,,
6/14/2026 10:50,87.3,75.2,94.8,57.6,30.11,-178,30.11,8,94.3,70.5,1918,--,--,--,76.8,--,251.4,81.4,87.3,session,"Session - Jun 14, 2026 10:39:16 AM",2026-06-14 10:39:16 AM 10:39:16 AM,0:15:00,,,,
6/14/2026 10:50,87.8,75.7,94.8,57.7,30.11,-178,30.11,5.6,95.4,71,1952,--,--,--,76.8,--,251.5,81.4,87.8,session,"Session - Jun 14, 2026 10:39:16 AM",2026-06-14 10:39:16 AM 10:39:16 AM,0:15:00,,,,
6/14/2026 10:50,88.5,76.3,94.6,57.8,30.11,-178,30.11,7.5,96.6,71.7,2004,--,--,--,76.9,--,251.1,81.4,88.3,session,"Session - Jun 14, 2026 10:39:16 AM",2026-06-14 10:39:16 AM 10:39:16 AM,0:15:00,,,,
6/14/2026 10:50,87.5,75.6,94.6,57.9,30.11,-181,30.11,14.9,94.8,70.8,1927,--,--,--,76.9,--,251.5,81.5,87.4,session,"Session - Jun 14, 2026 10:39:16 AM",2026-06-14 10:39:16 AM 10:39:16 AM,0:15:00,,,,
6/14/2026 10:50,86.7,74.8,94.8,58,30.11,-178,30.11,6.6,93.4,70.2,1876,--,--,--,77,--,251.1,81.6,86.7,session,"Session - Jun 14, 2026 10:39:16 AM",2026-06-14 10:39:16 AM 10:39:16 AM,0:15:00,,,,
6/14/2026 10:50,86.8,74.8,95.1,58.2,30.11,-178,30.11,7.3,93.6,70.4,1883,--,--,--,77.1,--,250.1,81.7,86.7,session,"Session - Jun 14, 2026 10:39:16 AM",2026-06-14 10:39:16 AM 10:39:16 AM,0:15:00,,,,
6/14/2026 10:50,87.1,75.4,95.1,58.5,30.11,-181,30.11,12,94.3,70.8,1905,--,--,--,77.1,--,250.2,81.7,87.1,session,"Session - Jun 14, 2026 10:39:16 AM",2026-06-14 10:39:16 AM 10:39:16 AM,0:15:00,,,,
6/14/2026 10:50,86.3,74.7,95.1,58.6,30.11,-178,30.11,11.8,92.5,70.1,1846,--,--,--,77.1,--,249.6,81.7,86.2,session,"Session - Jun 14, 2026 10:39:16 AM",2026-06-14 10:39:16 AM 10:39:16 AM,0:15:00,,,,
6/14/2026 10:50,86.2,74.7,95.5,58.9,30.11,-178,30.11,11.7,92.3,70.1,1844,--,--,--,77,--,249.5,81.6,86,session,"Session - Jun 14, 2026 10:39:16 AM",2026-06-14 10:39:16 AM 10:39:16 AM,0:15:00,,,,
6/14/2026 10:50,86.5,75,95.5,59.1,30.11,-181,30.11,13.3,93,70.5,1858,--,--,--,77,--,249.8,81.6,86.4,session,"Session - Jun 14, 2026 10:39:16 AM",2026-06-14 10:39:16 AM 10:39:16 AM,0:15:00,,,,
6/14/2026 10:50,86.7,75.2,95.5,59.5,30.11,-178,30.11,7.2,93.6,70.9,1888,--,--,--,77.2,--,249.1,81.7,86.5,session,"Session - Jun 14, 2026 10:39:16 AM",2026-06-14 10:39:16 AM 10:39:16 AM,0:15:00,,,,
6/14/2026 10:51,86.9,75.6,95.5,59.8,30.11,-174,30.11,5.7,93.9,71.2,1898,--,--,--,77.2,--,249.2,81.7,86.7,session,"Session - Jun 14, 2026 10:39:16 AM",2026-06-14 10:39:16 AM 10:39:16 AM,0:15:00,,,,
6/14/2026 10:51,87.6,76.3,95.4,59.9,30.11,-174,30.11,7.8,95.4,71.9,1950,--,--,--,77.4,--,248.3,81.8,87.4,session,"Session - Jun 14, 2026 10:39:16 AM",2026-06-14 10:39:16 AM 10:39:16 AM,0:15:00,,,,
6/14/2026 10:51,88,76.6,95.4,59.9,30.11,-178,30.11,7.4,96.6,72.3,1982,--,--,--,77.4,--,248.5,81.8,88,session,"Session - Jun 14, 2026 10:39:16 AM",2026-06-14 10:39:16 AM 10:39:16 AM,0:15:00,,,,
6/14/2026 10:51,87.5,76.1,95.4,59.8,30.11,-178,30.11,6.6,95.4,71.7,1945,--,--,--,77.3,--,248.7,81.8,87.4,session,"Session - Jun 14, 2026 10:39:16 AM",2026-06-14 10:39:16 AM 10:39:16 AM,0:15:00,,,,
6/14/2026 10:51,87.3,75.9,95.1,59.7,30.11,-178,30.11,7.3,95,71.5,1927,--,--,--,77.1,--,249.9,81.6,87.3,session,"Session - Jun 14, 2026 10:39:16 AM",2026-06-14 10:39:16 AM 10:39:16 AM,0:15:00,,,,
6/14/2026 10:51,87.9,76.5,95.1,59.8,30.11,-174,30.11,5.7,96.1,72.2,1974,--,--,--,77.3,--,249.1,81.7,87.8,session,"Session - Jun 14, 2026 10:39:16 AM",2026-06-14 10:39:16 AM 10:39:16 AM,0:15:00,,,,
6/14/2026 10:51,87.9,76.5,95.1,59.7,30.11,-178,30.11,6.2,96.1,72.2,1977,--,--,--,77.1,--,250.2,81.6,87.8,session,"Session - Jun 14, 2026 10:39:16 AM",2026-06-14 10:39:16 AM 10:39:16 AM,0:15:00,,,,
6/14/2026 10:51,88.4,76.8,95,59.5,30.11,-178,30.11,6.6,97.3,72.5,2004,--,--,--,77.1,--,250.3,81.6,88.3,session,"Session - Jun 14, 2026 10:39:16 AM",2026-06-14 10:39:16 AM 10:39:16 AM,0:15:00,,,,
6/14/2026 10:51,88.5,76.8,95,59.3,30.11,-178,30.11,3.9,97.3,72.5,2009,--,--,--,77.1,--,250.3,81.6,88.3,session,"Session - Jun 14, 2026 10:39:16 AM",2026-06-14 10:39:16 AM 10:39:16 AM,0:15:00,,,,
6/14/2026 10:51,88.8,77,95,59,30.11,-174,30.11,2.1,98.1,72.6,2031,--,--,--,76.9,--,251,81.4,88.7,session,"Session - Jun 14, 2026 10:39:16 AM",2026-06-14 10:39:16 AM 10:39:16 AM,0:15:00,,,,
6/14/2026 10:51,88.3,76.5,95,58.8,30.11,-174,30.11,4.1,96.6,72,1996,--,--,--,76.9,--,250.8,81.4,88.2,session,"Session - Jun 14, 2026 10:39:16 AM",2026-06-14 10:39:16 AM 10:39:16 AM,0:15:00,,,,
6/14/2026 10:51,87.8,75.9,95,58.6,30.11,-178,30.11,7.4,95.7,71.5,1962,--,--,--,76.7,--,251.8,81.3,87.8,session,"Session - Jun 14, 2026 10:39:16 AM",2026-06-14 10:39:16 AM 10:39:16 AM,0:15:00,,,,
6/14/2026 10:52,88,76.1,95,58.6,30.11,-178,30.11,8.7,95.7,71.6,1969,--,--,--,76.7,--,251.8,81.3,87.8,session,"Session - Jun 14, 2026 10:39:16 AM",2026-06-14 10:39:16 AM 10:39:16 AM,0:15:00,,,,
6/14/2026 10:52,88.5,76.6,95,58.6,30.11,-181,30.11,10.1,97,72.2,2009,--,--,--,76.7,--,251.9,81.3,88.3,session,"Session - Jun 14, 2026 10:39:16 AM",2026-06-14 10:39:16 AM 10:39:16 AM,0:15:00,,,,
6/14/2026 10:52,87.4,75.6,95,58.7,30.11,-178,30.11,9.5,94.6,71.1,1927,--,--,--,76.7,--,252.3,81.3,87.3,session,"Session - Jun 14, 2026 10:39:16 AM",2026-06-14 10:39:16 AM 10:39:16 AM,0:15:00,,,,
6/14/2026 10:52,87.3,75.6,95,58.8,30.11,-178,30.11,9.5,94.8,71.1,1922,--,--,--,76.9,--,251.4,81.4,87.3,session,"Session - Jun 14, 2026 10:39:16 AM",2026-06-14 10:39:16 AM 10:39:16 AM,0:15:00,,,,
6/14/2026 10:52,87.2,75.6,95,59,30.11,-178,30.11,8.6,94.5,71.2,1918,--,--,--,76.9,--,251.4,81.4,87.1,session,"Session - Jun 14, 2026 10:39:16 AM",2026-06-14 10:39:16 AM 10:39:16 AM,0:15:00,,,,
6/14/2026 10:52,87.2,75.6,95,59.1,30.11,-178,30.11,10.6,94.6,71.2,1913,--,--,--,76.9,--,251.5,81.4,87.1,session,"Session - Jun 14, 2026 10:39:16 AM",2026-06-14 10:39:16 AM 10:39:16 AM,0:15:00,,,,
6/14/2026 10:52,86.7,75.2,95,59.4,30.11,-178,30.11,8.8,93.6,70.8,1876,--,--,--,76.9,--,251.7,81.4,86.5,session,"Session - Jun 14, 2026 10:39:16 AM",2026-06-14 10:39:16 AM 10:39:16 AM,0:15:00,,,,
6/14/2026 10:52,87.1,75.7,95,59.6,30.11,-178,30.11,5.8,94.6,71.4,1918,--,--,--,77.1,--,250.6,81.6,87.1,session,"Session - Jun 14, 2026 10:39:16 AM",2026-06-14 10:39:16 AM 10:39:16 AM,0:15:00,,,,
6/14/2026 10:52,87.9,76.5,95,59.7,30.11,-174,30.11,4.5,96.1,72.1,1972,--,--,--,77.1,--,250.4,81.6,87.8,session,"Session - Jun 14, 2026 10:39:16 AM",2026-06-14 10:39:16 AM 10:39:16 AM,0:15:00,,,,
6/14/2026 10:52,87.7,76.1,94.8,59.6,30.11,-178,30.11,9.4,95.7,71.9,1957,--,--,--,77.1,--,250.3,81.6,87.6,session,"Session - Jun 14, 2026 10:39:16 AM",2026-06-14 10:39:16 AM 10:39:16 AM,0:15:00,,,,
6/14/2026 10:52,87.6,76.1,94.5,59.4,30.11,-178,30.11,9.6,95.4,71.7,1942,--,--,--,77.2,--,250.7,81.6,87.4,session,"Session - Jun 14, 2026 10:39:16 AM",2026-06-14 10:39:16 AM 10:39:16 AM,0:15:00,,,,
6/14/2026 10:52,87.6,76.1,94.5,59.3,30.11,-178,30.11,7.8,95.7,71.7,1950,--,--,--,77.3,--,251.1,81.7,87.6,session,"Session - Jun 14, 2026 10:39:16 AM",2026-06-14 10:39:16 AM 10:39:16 AM,0:15:00,,,,
6/14/2026 10:53,87.7,76.1,94.5,59.3,30.11,-178,30.11,5.8,95.7,71.7,1952,--,--,--,77.3,--,251.1,81.7,87.6,session,"Session - Jun 14, 2026 10:39:16 AM",2026-06-14 10:39:16 AM 10:39:16 AM,0:15:00,,,,
6/14/2026 10:53,87.7,75.9,94.3,59.2,30.11,-178,30.11,8.8,95.5,71.7,1947,--,--,--,77.3,--,250.9,81.6,87.6,session,"Session - Jun 14, 2026 10:39:16 AM",2026-06-14 10:39:16 AM 10:39:16 AM,0:15:00,,,,
6/14/2026 10:53,87,75.4,94.3,59.1,30.11,-178,30.11,10,94.1,70.9,1896,--,--,--,77.3,--,251,81.6,86.9,session,"Session - Jun 14, 2026 10:39:16 AM",2026-06-14 10:39:16 AM 10:39:16 AM,0:15:00,,,,
6/14/2026 10:53,86.6,75,94.5,59.1,30.11,-178,30.11,9.9,93.4,70.6,1868,--,--,--,77.2,--,252.1,81.6,86.5,session,"Session - Jun 14, 2026 10:39:16 AM",2026-06-14 10:39:16 AM 10:39:16 AM,0:15:00,,,,
6/14/2026 10:53,86.7,75.2,94.5,59.2,30.11,-174,30.11,7.8,93.6,70.8,1883,--,--,--,77.2,--,251.9,81.6,86.5,session,"Session - Jun 14, 2026 10:39:16 AM",2026-06-14 10:39:16 AM 10:39:16 AM,0:15:00,,,,
6/14/2026 10:53,86.6,75.2,94.5,59.4,30.11,-181,30.11,13.3,93.6,70.8,1871,--,--,--,77.2,--,252.3,81.6,86.5,session,"Session - Jun 14, 2026 10:39:16 AM",2026-06-14 10:39:16 AM 10:39:16 AM,0:15:00,,,,
6/14/2026 10:53,86.4,75,94.5,59.4,30.11,-183,30.11,15.9,93.2,70.5,1849,--,--,--,77,--,252.8,81.5,86.4,session,"Session - Jun 14, 2026 10:39:16 AM",2026-06-14 10:39:16 AM 10:39:16 AM,0:15:00,,,,
6/14/2026 10:53,86.5,75.2,94.7,59.5,30.11,-181,30.11,12.3,93.2,70.7,1868,--,--,--,77.1,--,253.3,81.5,86.4,session,"Session - Jun 14, 2026 10:39:16 AM",2026-06-14 10:39:16 AM 10:39:16 AM,0:15:00,,,,
6/14/2026 10:53,86.8,75.6,94.4,59.7,30.11,-178,30.11,5.8,93.9,71.1,1893,--,--,--,77.2,--,252.5,81.6,86.7,session,"Session - Jun 14, 2026 10:39:16 AM",2026-06-14 10:39:16 AM 10:39:16 AM,0:15:00,,,,
6/14/2026 10:53,86.9,75.6,94.4,59.7,30.11,-178,30.11,4.2,93.9,71.1,1898,--,--,--,77.2,--,252.5,81.6,86.7,session,"Session - Jun 14, 2026 10:39:16 AM",2026-06-14 10:39:16 AM 10:39:16 AM,0:15:00,,,,
6/14/2026 10:53,87.5,76.1,94.4,59.6,30.11,-178,30.11,6.4,95.4,71.7,1945,--,--,--,77.2,--,252.5,81.6,87.4,session,"Session - Jun 14, 2026 10:39:16 AM",2026-06-14 10:39:16 AM 10:39:16 AM,0:15:00,,,,
6/14/2026 10:53,87.2,75.7,94.4,59.5,30.11,-178,30.11,7.7,94.6,71.4,1925,--,--,--,77.2,--,252.7,81.5,87.1,session,"Session - Jun 14, 2026 10:39:16 AM",2026-06-14 10:39:16 AM 10:39:16 AM,0:15:00,,,,
6/14/2026 10:54,87.5,75.9,94.3,59.5,30.11,-178,30.11,4.1,95.4,71.7,1945,--,--,--,77.2,--,252.8,81.5,87.4,session,"Session - Jun 14, 2026 10:39:16 AM",2026-06-14 10:39:16 AM 10:39:16 AM,0:15:00,,,,
6/14/2026 10:54,88.1,76.5,94.3,59.5,30.11,-178,30.11,3.7,96.4,72.2,1977,--,--,--,77,--,253.7,81.4,88,session,"Session - Jun 14, 2026 10:39:16 AM",2026-06-14 10:39:16 AM 10:39:16 AM,0:15:00,,,,
6/14/2026 10:54,88.4,76.8,94.3,59.3,30.11,-181,30.11,10.5,97.3,72.4,2004,--,--,--,77,--,253.7,81.4,88.3,session,"Session - Jun 14, 2026 10:39:16 AM",2026-06-14 10:39:16 AM 10:39:16 AM,0:15:00,,,,
