Date,Time,Elapsed Seconds,Latitude,Longitude,Temperature Probe-Temperature (&#x2103;),Humidity-Humidity (%RH),Dew Point-Dew Point (&#x2103;),Heat Index-Heat Index (&#x2103;),Ambient Light Intensity-Light (lux)
6/14/2026,10:04:55 AM,0,17.75924,-64.61915,33.2,51.3,20.9,35.2,826.25
6/14/2026,10:04:56 AM,1,17.75923,-64.61915,33.1,51.3,21,35.2,797.48
6/14/2026,10:04:57 AM,2,17.75922,-64.61916,33.2,51.3,21,35.2,860.42
6/14/2026,10:04:58 AM,3,17.75921,-64.61917,33.1,51.2,20.9,35.2,852.87
6/14/2026,10:04:59 AM,4,17.75921,-64.61918,33,51.1,20.9,35.2,830.5
6/14/2026,10:05:00 AM,5,17.75920,-64.61919,32.8,51.1,20.9,35.2,805.97
6/14/2026,10:05:01 AM,6,17.75920,-64.61920,32.9,51,20.9,35.2,785.48
6/14/2026,10:05:02 AM,7,17.75919,-64.61921,32.8,51,20.9,35.2,800.23
6/14/2026,10:05:03 AM,8,17.75919,-64.61922,32.8,51,20.9,35.2,781.44
6/14/2026,10:05:04 AM,9,17.75918,-64.61923,32.8,51,20.9,35.2,793.01
6/14/2026,10:05:05 AM,10,17.75918,-64.61924,32.9,51,20.9,35.3,799.64
6/14/2026,10:05:06 AM,11,17.75917,-64.61925,32.9,51,20.9,35.2,834.36
6/14/2026,10:05:07 AM,12,17.75916,-64.61926,32.9,51,20.9,35.3,834.59
6/14/2026,10:05:08 AM,13,17.75916,-64.61927,32.8,50.9,20.9,35.2,831.65
6/14/2026,10:05:09 AM,14,17.75915,-64.61928,32.9,50.7,20.8,35.2,875.29
6/14/2026,10:05:10 AM,15,17.75915,-64.61929,32.9,50.8,20.9,35.2,861.81
6/14/2026,10:05:11 AM,16,17.75915,-64.61930,33,50.8,20.9,35.3,807.98
6/14/2026,10:05:12 AM,17,17.75914,-64.61931,32.9,50.8,20.9,35.3,831.79
6/14/2026,10:05:13 AM,18,17.75914,-64.61932,33,50.8,20.9,35.3,794.73
6/14/2026,10:05:14 AM,19,17.75913,-64.61933,33,50.9,20.9,35.3,800.53
6/14/2026,10:05:15 AM,20,17.75912,-64.61934,33,50.8,20.9,35.3,878.73
6/14/2026,10:05:16 AM,21,17.75912,-64.61935,33.1,50.7,20.9,35.3,866.59
6/14/2026,10:05:17 AM,22,17.75912,-64.61936,32.9,50.7,20.9,35.3,864.79
6/14/2026,10:05:18 AM,23,17.75911,-64.61937,32.9,50.7,20.9,35.3,902.17
6/14/2026,10:05:19 AM,24,17.75910,-64.61938,32.9,50.6,20.9,35.3,893.84
6/14/2026,10:05:20 AM,25,17.75910,-64.61940,32.9,50.7,20.9,35.3,904.57
6/14/2026,10:05:21 AM,26,17.75909,-64.61941,33,50.7,20.9,35.4,845.89
6/14/2026,10:05:22 AM,27,17.75909,-64.61942,33,50.7,20.9,35.4,841.92
6/14/2026,10:05:23 AM,28,17.75909,-64.61943,33.1,50.7,20.9,35.4,881.64
6/14/2026,10:05:24 AM,29,17.75908,-64.61944,33.1,50.5,20.9,35.4,854.08
6/14/2026,10:05:25 AM,30,17.75908,-64.61946,33,50.5,20.9,35.4,827.4
6/14/2026,10:05:26 AM,31,17.75908,-64.61946,32.9,50.4,20.8,35.4,829.81
6/14/2026,10:05:27 AM,32,17.75907,-64.61947,33.1,50.3,20.8,35.3,816.5
6/14/2026,10:05:28 AM,33,17.75906,-64.61948,32.9,50.3,20.8,35.4,789.06
6/14/2026,10:05:29 AM,34,17.75906,-64.61949,32.9,50.3,20.8,35.4,883.45
6/14/2026,10:05:30 AM,35,17.75905,-64.61950,32.9,50.3,20.9,35.4,872.15
6/14/2026,10:05:31 AM,36,17.75905,-64.61951,33,50.3,20.9,35.4,832.75
6/14/2026,10:05:32 AM,37,17.75905,-64.61951,33,50.3,20.9,35.4,817.48
6/14/2026,10:05:33 AM,38,17.75904,-64.61953,33,50.4,20.9,35.4,824.45
6/14/2026,10:05:34 AM,39,17.75904,-64.61954,33.1,50.4,20.9,35.5,779.78
6/14/2026,10:05:35 AM,40,17.75903,-64.61955,33.1,50.4,20.9,35.5,781.92
6/14/2026,10:05:36 AM,41,17.75903,-64.61956,33.1,50.4,20.9,35.5,803.86
6/14/2026,10:05:37 AM,42,17.75902,-64.61957,33.1,50.3,20.9,35.5,747.7
6/14/2026,10:05:38 AM,43,17.75902,-64.61958,33.1,50.3,20.9,35.5,793.53
6/14/2026,10:05:39 AM,44,17.75902,-64.61959,33.1,50.2,20.9,35.5,778.17
6/14/2026,10:05:40 AM,45,17.75901,-64.61960,33.1,50.2,20.9,35.5,728.23
6/14/2026,10:05:41 AM,46,17.75900,-64.61962,33.1,50.2,20.9,35.5,759.81
6/14/2026,10:05:42 AM,47,17.75900,-64.61962,33.1,50.1,20.8,35.5,735.75
6/14/2026,10:05:43 AM,48,17.75899,-64.61963,33.1,50.1,20.8,35.5,759.43
6/14/2026,10:05:44 AM,49,17.75899,-64.61964,32.9,50.1,20.9,35.5,885.65
6/14/2026,10:05:45 AM,50,17.75898,-64.61965,33,50.2,20.9,35.5,911.23
6/14/2026,10:05:46 AM,51,17.75898,-64.61967,33.1,50.1,20.8,35.5,859.73
6/14/2026,10:05:47 AM,52,17.75897,-64.61968,32.9,50.1,20.8,35.5,911.28
6/14/2026,10:05:48 AM,53,17.75897,-64.61969,33.2,50.1,20.9,35.5,836.22
6/14/2026,10:05:49 AM,54,17.75895,-64.61970,33.1,50.1,20.9,35.5,960.03
6/14/2026,10:05:50 AM,55,17.75895,-64.61971,33.1,50.1,20.9,35.5,667
6/14/2026,10:05:51 AM,56,17.75894,-64.61973,33.1,50.1,20.9,35.5,486.42
6/14/2026,10:05:52 AM,57,17.75894,-64.61974,33,50.1,20.9,35.5,773.65
6/14/2026,10:05:53 AM,58,17.75894,-64.61975,32.9,50.1,20.9,35.5,722.64
6/14/2026,10:05:54 AM,59,17.75894,-64.61975,32.8,50.1,20.9,35.5,854.18
6/14/2026,10:05:55 AM,60,17.75894,-64.61976,32.8,50,20.9,35.5,872.54
6/14/2026,10:05:56 AM,61,17.75893,-64.61978,32.9,50,20.8,35.5,784.7
6/14/2026,10:05:57 AM,62,17.75892,-64.61979,32.9,50,20.9,35.5,788.39
6/14/2026,10:05:58 AM,63,17.75892,-64.61980,32.9,50,20.9,35.5,767.39
6/14/2026,10:05:59 AM,64,17.75891,-64.61981,32.8,49.9,20.8,35.5,805.31
6/14/2026,10:06:00 AM,65,17.75891,-64.61982,32.8,49.9,20.8,35.5,847.67
6/14/2026,10:06:01 AM,66,17.75890,-64.61983,32.7,49.8,20.8,35.5,791.2
6/14/2026,10:06:02 AM,67,17.75890,-64.61983,32.6,49.8,20.8,35.5,751.28
6/14/2026,10:06:03 AM,68,17.75889,-64.61984,32.7,49.7,20.8,35.5,748.83
6/14/2026,10:06:04 AM,69,17.75889,-64.61985,32.6,49.7,20.8,35.5,647.87
6/14/2026,10:06:05 AM,70,17.75889,-64.61985,32.8,49.7,20.8,35.5,639.23
6/14/2026,10:06:06 AM,71,17.75888,-64.61986,32.9,49.8,20.8,35.5,638.11
6/14/2026,10:06:07 AM,72,17.75888,-64.61987,32.9,49.8,20.8,35.5,599.14
6/14/2026,10:06:08 AM,73,17.75888,-64.61987,32.8,49.9,20.8,35.5,588.7
6/14/2026,10:06:09 AM,74,17.75888,-64.61988,32.8,49.9,20.8,35.5,699.9
6/14/2026,10:06:10 AM,75,17.75887,-64.61990,32.9,49.9,20.8,35.5,597.59
6/14/2026,10:06:11 AM,76,17.75887,-64.61991,33,49.9,20.9,35.6,642.12
6/14/2026,10:06:12 AM,77,17.75886,-64.61992,32.9,50,20.9,35.6,755.62
6/14/2026,10:06:13 AM,78,17.75886,-64.61994,32.9,50,20.9,35.6,776.79
6/14/2026,10:06:14 AM,79,17.75885,-64.61995,32.9,50.1,20.9,35.6,784.9
6/14/2026,10:06:15 AM,80,17.75884,-64.61997,33,50.1,20.9,35.6,808.04
6/14/2026,10:06:16 AM,81,17.75883,-64.61998,33,50,20.9,35.6,740.26
6/14/2026,10:06:17 AM,82,17.75883,-64.61998,33,50.1,20.9,35.6,727.31
6/14/2026,10:06:18 AM,83,17.75882,-64.61999,33,50,20.9,35.6,775.17
6/14/2026,10:06:19 AM,84,17.75881,-64.62001,33.2,50,20.9,35.6,802.4
6/14/2026,10:06:20 AM,85,17.75881,-64.62002,33.1,50,20.9,35.7,785.65
6/14/2026,10:06:21 AM,86,17.75881,-64.62002,33.1,49.9,20.8,35.6,761.48
6/14/2026,10:06:22 AM,87,17.75880,-64.62003,32.9,49.8,20.8,35.6,752.87
6/14/2026,10:06:23 AM,88,17.75879,-64.62005,33.1,49.8,20.9,35.6,636
6/14/2026,10:06:24 AM,89,17.75879,-64.62005,33.1,49.8,20.9,35.6,619.26
6/14/2026,10:06:25 AM,90,17.75879,-64.62006,32.8,49.8,20.9,35.6,652.12
6/14/2026,10:06:26 AM,91,17.75878,-64.62008,32.8,49.6,20.8,35.6,796.26
6/14/2026,10:06:27 AM,92,17.75878,-64.62009,32.8,49.4,20.7,35.5,712.76
6/14/2026,10:06:28 AM,93,17.75878,-64.62010,32.8,49.2,20.7,35.5,718.84
6/14/2026,10:06:29 AM,94,17.75878,-64.62009,32.7,49.1,20.6,35.4,725.67
6/14/2026,10:06:30 AM,95,17.75878,-64.62009,32.8,49.1,20.6,35.4,730.09
6/14/2026,10:06:31 AM,96,17.75879,-64.62009,32.5,49,20.6,35.4,766.67
6/14/2026,10:06:32 AM,97,17.75878,-64.62011,32.8,49.1,20.6,35.4,787.56
6/14/2026,10:06:33 AM,98,17.75878,-64.62011,32.5,49,20.6,35.4,787.31
6/14/2026,10:06:34 AM,99,17.75878,-64.62012,32.6,49,20.6,35.4,771.14
6/14/2026,10:06:35 AM,100,17.75878,-64.62012,32.4,48.9,20.6,35.4,801.4
6/14/2026,10:06:36 AM,101,17.75877,-64.62014,32.7,48.9,20.6,35.4,758.64
6/14/2026,10:06:37 AM,102,17.75876,-64.62015,32.6,49,20.6,35.4,762
6/14/2026,10:06:38 AM,103,17.75875,-64.62016,32.7,49,20.6,35.4,758.29
6/14/2026,10:06:39 AM,104,17.75875,-64.62016,32.7,49,20.6,35.5,742.04
6/14/2026,10:06:40 AM,105,17.75874,-64.62017,32.7,49.1,20.6,35.5,739.43
6/14/2026,10:06:41 AM,106,17.75874,-64.62019,32.6,49.1,20.7,35.5,751.95
6/14/2026,10:06:42 AM,107,17.75873,-64.62020,32.7,49.1,20.7,35.5,773.76
6/14/2026,10:06:43 AM,108,17.75873,-64.62021,32.8,49.1,20.7,35.5,784.01
6/14/2026,10:06:44 AM,109,17.75872,-64.62021,32.7,49.2,20.7,35.6,808.57
6/14/2026,10:06:45 AM,110,17.75872,-64.62022,32.8,49.2,20.7,35.6,724.56
6/14/2026,10:06:46 AM,111,17.75871,-64.62024,32.7,49.3,20.7,35.6,779.89
6/14/2026,10:06:47 AM,112,17.75871,-64.62025,32.5,49.3,20.7,35.6,817.47
6/14/2026,10:06:48 AM,113,17.75870,-64.62026,32.8,49.3,20.8,35.6,807.65
6/14/2026,10:06:49 AM,114,17.75870,-64.62027,32.9,49.3,20.7,35.6,760.09
6/14/2026,10:06:50 AM,115,17.75870,-64.62028,32.8,49.3,20.8,35.6,762.87
6/14/2026,10:06:51 AM,116,17.75869,-64.62029,32.8,49.2,20.7,35.6,703.09
6/14/2026,10:06:52 AM,117,17.75869,-64.62030,32.9,49.3,20.8,35.6,681.59
6/14/2026,10:06:53 AM,118,17.75868,-64.62031,32.8,49.3,20.8,35.6,691.17
6/14/2026,10:06:54 AM,119,17.75868,-64.62032,32.9,49.3,20.8,35.7,652.48
6/14/2026,10:06:55 AM,120,17.75867,-64.62032,32.9,49.3,20.8,35.6,689.04
6/14/2026,10:06:56 AM,121,17.75867,-64.62033,32.8,49.3,20.8,35.6,707.59
6/14/2026,10:06:57 AM,122,17.75866,-64.62034,32.7,49.3,20.8,35.6,692.4
6/14/2026,10:06:58 AM,123,17.75866,-64.62035,32.7,49.2,20.7,35.6,740.29
6/14/2026,10:06:59 AM,124,17.75865,-64.62036,32.6,49.2,20.7,35.6,772.08
6/14/2026,10:07:00 AM,125,17.75865,-64.62037,32.3,48.8,20.6,35.5,799.43
6/14/2026,10:07:01 AM,126,17.75864,-64.62038,32.6,48.7,20.6,35.5,844.01
6/14/2026,10:07:02 AM,127,17.75864,-64.62039,32.4,48.8,20.6,35.5,747.36
6/14/2026,10:07:03 AM,128,17.75864,-64.62040,32.3,48.8,20.6,35.5,768.07
6/14/2026,10:07:04 AM,129,17.75863,-64.62041,32.5,48.8,20.6,35.6,843.06
6/14/2026,10:07:05 AM,130,17.75863,-64.62042,32.3,48.8,20.6,35.6,814.48
6/14/2026,10:07:06 AM,131,17.75862,-64.62043,32.5,48.9,20.7,35.6,753.22
6/14/2026,10:07:07 AM,132,17.75862,-64.62043,32.3,48.9,20.6,35.6,681.73
6/14/2026,10:07:08 AM,133,17.75861,-64.62044,32.5,49.1,20.7,35.6,688.08
6/14/2026,10:07:09 AM,134,17.75861,-64.62045,32.4,49,20.7,35.6,477.55
6/14/2026,10:07:10 AM,135,17.75861,-64.62046,32.4,49,20.7,35.6,636.34
6/14/2026,10:07:11 AM,136,17.75860,-64.62047,32.4,49,20.7,35.6,655.5
6/14/2026,10:07:12 AM,137,17.75860,-64.62048,32.4,49.1,20.7,35.7,696.43
6/14/2026,10:07:13 AM,138,17.75859,-64.62050,32.5,49.1,20.7,35.7,685.2
6/14/2026,10:07:14 AM,139,17.75859,-64.62051,32.4,49.1,20.7,35.7,742.26
6/14/2026,10:07:15 AM,140,17.75858,-64.62052,32.4,49.1,20.7,35.7,707.11
6/14/2026,10:07:16 AM,141,17.75858,-64.62053,32.3,49.1,20.8,35.7,725.36
6/14/2026,10:07:17 AM,142,17.75858,-64.62054,32.3,49.1,20.7,35.7,787.64
6/14/2026,10:07:18 AM,143,17.75856,-64.62055,32.5,49.1,20.8,35.7,738.01
6/14/2026,10:07:19 AM,144,17.75856,-64.62056,32.4,49.2,20.8,35.7,773.65
6/14/2026,10:07:20 AM,145,17.75856,-64.62057,32.4,49.2,20.8,35.7,749.12
6/14/2026,10:07:21 AM,146,17.75856,-64.62059,32.5,49.2,20.8,35.7,734.86
6/14/2026,10:07:22 AM,147,17.75855,-64.62060,32.6,49.3,20.8,35.7,804.76
6/14/2026,10:07:23 AM,148,17.75855,-64.62061,32.4,49.3,20.8,35.8,800.58
6/14/2026,10:07:24 AM,149,17.75855,-64.62062,32.5,49.3,20.8,35.8,757.73
6/14/2026,10:07:25 AM,150,17.75855,-64.62063,32.5,49.3,20.8,35.8,815.84
6/14/2026,10:07:26 AM,151,17.75854,-64.62064,32.4,49.3,20.8,35.7,714.78
6/14/2026,10:07:27 AM,152,17.75854,-64.62065,32.3,49.3,20.8,35.8,745.65
6/14/2026,10:07:28 AM,153,17.75854,-64.62066,32.5,49.1,20.8,35.7,717.68
6/14/2026,10:07:29 AM,154,17.75854,-64.62067,32.5,49.1,20.8,35.7,683.58
6/14/2026,10:07:30 AM,155,17.75853,-64.62069,32.5,49.1,20.8,35.7,733.22
6/14/2026,10:07:31 AM,156,17.75853,-64.62070,32.4,49.1,20.8,35.7,762.34
6/14/2026,10:07:32 AM,157,17.75853,-64.62071,32.4,49,20.7,35.7,746.68
6/14/2026,10:07:33 AM,158,17.75852,-64.62072,32.4,48.7,20.6,35.6,706.62
6/14/2026,10:07:34 AM,159,17.75852,-64.62073,32.4,48.6,20.6,35.6,671.37
6/14/2026,10:07:35 AM,160,17.75851,-64.62074,32.3,48.3,20.5,35.5,646.28
6/14/2026,10:07:36 AM,161,17.75851,-64.62074,32.3,48.4,20.5,35.5,763.51
6/14/2026,10:07:37 AM,162,17.75850,-64.62075,32.3,48.3,20.5,35.5,409.91
6/14/2026,10:07:38 AM,163,17.75849,-64.62075,32.2,48.4,20.5,35.5,272.67
6/14/2026,10:07:39 AM,164,17.75848,-64.62075,32,48.4,20.5,35.5,87.15
6/14/2026,10:07:40 AM,165,17.75847,-64.62075,32,48.5,20.5,35.5,109.92
6/14/2026,10:07:41 AM,166,17.75845,-64.62074,31.9,48.5,20.5,35.5,233.24
6/14/2026,10:07:42 AM,167,17.75844,-64.62074,32,48.6,20.6,35.5,163.77
6/14/2026,10:07:43 AM,168,17.75843,-64.62073,32.1,48.6,20.6,35.5,88.5
6/14/2026,10:07:44 AM,169,17.75842,-64.62073,32,48.7,20.6,35.5,94.91
6/14/2026,10:07:45 AM,170,17.75841,-64.62073,31.7,48.8,20.6,35.5,120.25
6/14/2026,10:07:46 AM,171,17.75840,-64.62072,31.7,48.9,20.6,35.5,68.92
6/14/2026,10:07:47 AM,172,17.75839,-64.62072,31.7,48.9,20.6,35.5,202.2
6/14/2026,10:07:48 AM,173,17.75838,-64.62071,31.7,48.9,20.6,35.5,328.45
6/14/2026,10:07:49 AM,174,17.75837,-64.62070,31.7,48.9,20.6,35.5,754.61
6/14/2026,10:07:50 AM,175,17.75836,-64.62071,31.6,49,20.6,35.5,451.44
6/14/2026,10:07:51 AM,176,17.75835,-64.62070,31.7,49,20.7,35.5,696.75
6/14/2026,10:07:52 AM,177,17.75834,-64.62070,31.9,49,20.7,35.5,707.11
6/14/2026,10:07:53 AM,178,17.75832,-64.62069,31.8,49.1,20.7,35.5,756.64
6/14/2026,10:07:54 AM,179,17.75832,-64.62069,31.7,49.1,20.7,35.5,747.4
6/14/2026,10:07:55 AM,180,17.75831,-64.62068,31.8,49.1,20.7,35.5,699.12
6/14/2026,10:07:56 AM,181,17.75829,-64.62067,31.9,49.1,20.7,35.5,560.76
6/14/2026,10:07:57 AM,182,17.75828,-64.62066,31.8,49.1,20.7,35.5,460.48
6/14/2026,10:07:58 AM,183,17.75827,-64.62066,31.8,49.2,20.7,35.6,488.73
6/14/2026,10:07:59 AM,184,17.75826,-64.62065,31.8,49.2,20.7,35.6,295.74
6/14/2026,10:08:00 AM,185,17.75825,-64.62065,31.9,49.2,20.7,35.6,628.56
6/14/2026,10:08:01 AM,186,17.75824,-64.62064,31.9,49.2,20.7,35.6,556.39
6/14/2026,10:08:02 AM,187,17.75823,-64.62063,31.9,49.3,20.7,35.6,733.76
6/14/2026,10:08:03 AM,188,17.75822,-64.62063,32,49.4,20.8,35.6,773.28
6/14/2026,10:08:04 AM,189,17.75822,-64.62063,32,49.4,20.8,35.6,858.73
6/14/2026,10:08:05 AM,190,17.75820,-64.62063,32,49.4,20.8,35.6,711.81
6/14/2026,10:08:06 AM,191,17.75819,-64.62062,32,49.4,20.8,35.6,391.42
6/14/2026,10:08:07 AM,192,17.75819,-64.62062,32,49.5,20.8,35.6,213.57
6/14/2026,10:08:08 AM,193,17.75817,-64.62061,32.1,49.5,20.8,35.6,623.64
6/14/2026,10:08:09 AM,194,17.75816,-64.62060,32.1,49.5,20.8,35.6,222.47
6/14/2026,10:08:10 AM,195,17.75815,-64.62060,32.2,49.5,20.8,35.6,101.58
6/14/2026,10:08:11 AM,196,17.75814,-64.62059,32,49.6,20.8,35.7,131.08
6/14/2026,10:08:12 AM,197,17.75813,-64.62059,32.2,49.5,20.8,35.6,602.23
6/14/2026,10:08:13 AM,198,17.75812,-64.62058,31.9,49.6,20.8,35.6,729.33
6/14/2026,10:08:14 AM,199,17.75811,-64.62058,32.2,49.6,20.8,35.6,97.1
6/14/2026,10:08:15 AM,200,17.75810,-64.62058,32.2,49.5,20.8,35.6,121.57
6/14/2026,10:08:16 AM,201,17.75808,-64.62057,32.1,49.5,20.8,35.6,47.51
6/14/2026,10:08:17 AM,202,17.75807,-64.62057,32.1,49.6,20.8,35.6,53.98
6/14/2026,10:08:18 AM,203,17.75806,-64.62056,32.1,49.6,20.8,35.6,64.93
6/14/2026,10:08:19 AM,204,17.75805,-64.62056,31.9,49.6,20.8,35.6,67.85
6/14/2026,10:08:20 AM,205,17.75804,-64.62056,31.7,49.6,20.8,35.6,98.47
6/14/2026,10:08:21 AM,206,17.75803,-64.62055,31.9,49.6,20.8,35.6,145.36
6/14/2026,10:08:22 AM,207,17.75802,-64.62055,31.9,49.6,20.8,35.6,130.5
6/14/2026,10:08:23 AM,208,17.75801,-64.62054,31.8,49.6,20.8,35.6,198.52
6/14/2026,10:08:24 AM,209,17.75800,-64.62054,31.7,49.6,20.8,35.6,297.51
6/14/2026,10:08:25 AM,210,17.75799,-64.62054,31.7,49.6,20.8,35.5,363.77
6/14/2026,10:08:26 AM,211,17.75798,-64.62053,31.5,49.7,20.8,35.6,403.53
6/14/2026,10:08:27 AM,212,17.75796,-64.62053,31.4,49.7,20.8,35.6,815.4
6/14/2026,10:08:28 AM,213,17.75795,-64.62052,31.7,49.7,20.8,35.6,844.26
6/14/2026,10:08:29 AM,214,17.75794,-64.62051,31.5,49.7,20.8,35.6,645.42
6/14/2026,10:08:30 AM,215,17.75793,-64.62051,31.5,49.7,20.8,35.6,710.47
6/14/2026,10:08:31 AM,216,17.75792,-64.62050,31.6,49.8,20.8,35.6,764.43
6/14/2026,10:08:32 AM,217,17.75791,-64.62050,31.5,49.8,20.8,35.6,838.43
6/14/2026,10:08:33 AM,218,17.75791,-64.62050,31.6,49.7,20.8,35.6,832.73
6/14/2026,10:08:34 AM,219,17.75790,-64.62049,31.4,49.8,20.9,35.6,767.23
6/14/2026,10:08:35 AM,220,17.75788,-64.62049,31.7,49.8,20.8,35.6,671.67
6/14/2026,10:08:36 AM,221,17.75787,-64.62049,31.7,49.8,20.9,35.6,663.31
6/14/2026,10:08:37 AM,222,17.75786,-64.62048,31.6,49.8,20.9,35.6,760.25
6/14/2026,10:08:38 AM,223,17.75785,-64.62048,31.8,49.9,20.9,35.6,861.06
6/14/2026,10:08:39 AM,224,17.75784,-64.62048,31.9,49.8,20.9,35.6,690.2
6/14/2026,10:08:40 AM,225,17.75782,-64.62048,31.9,49.9,20.9,35.6,714.64
6/14/2026,10:08:41 AM,226,17.75782,-64.62047,31.9,49.9,20.9,35.7,753.09
6/14/2026,10:08:42 AM,227,17.75781,-64.62047,31.8,49.9,20.9,35.7,699.81
6/14/2026,10:08:43 AM,228,17.75780,-64.62047,31.8,49.9,20.9,35.7,602.44
6/14/2026,10:08:44 AM,229,17.75779,-64.62046,31.8,50,20.9,35.7,330.23
6/14/2026,10:08:45 AM,230,17.75778,-64.62046,31.8,50,20.9,35.7,293.84
6/14/2026,10:08:46 AM,231,17.75777,-64.62046,31.9,50,20.9,35.7,266.32
6/14/2026,10:08:47 AM,232,17.75776,-64.62045,31.9,50,20.9,35.7,800.64
6/14/2026,10:08:48 AM,233,17.75775,-64.62044,31.9,49.9,20.9,35.6,845.06
6/14/2026,10:08:49 AM,234,17.75774,-64.62044,31.9,50,20.9,35.7,950.81
6/14/2026,10:08:50 AM,235,17.75773,-64.62043,32,50,20.9,35.7,846.36
6/14/2026,10:08:51 AM,236,17.75772,-64.62043,31.9,50,20.9,35.7,940.06
6/14/2026,10:08:52 AM,237,17.75771,-64.62043,31.9,50,20.9,35.7,833.95
6/14/2026,10:08:53 AM,238,17.75770,-64.62042,31.9,50,20.9,35.7,704.2
6/14/2026,10:08:54 AM,239,17.75770,-64.62042,32,50,20.9,35.7,467.63
6/14/2026,10:08:55 AM,240,17.75769,-64.62042,32.1,50,20.9,35.7,700.89
6/14/2026,10:08:56 AM,241,17.75769,-64.62042,31.9,49.9,20.9,35.7,839.34
6/14/2026,10:08:57 AM,242,17.75768,-64.62041,32,50,20.9,35.7,897.18
6/14/2026,10:08:58 AM,243,17.75767,-64.62041,31.9,50,21,35.7,765.69
6/14/2026,10:08:59 AM,244,17.75766,-64.62041,32,50.1,21,35.7,438.34
6/14/2026,10:09:00 AM,245,17.75765,-64.62041,31.8,50,20.9,35.7,492.13
6/14/2026,10:09:01 AM,246,17.75765,-64.62040,31.9,50.1,21,35.7,731.9
6/14/2026,10:09:02 AM,247,17.75765,-64.62040,32,50.1,21,35.7,561.71
6/14/2026,10:09:03 AM,248,17.75765,-64.62041,32,50.1,21,35.7,887.2
6/14/2026,10:09:04 AM,249,17.75764,-64.62041,32,50.1,21,35.7,439.82
6/14/2026,10:09:05 AM,250,17.75764,-64.62040,32.1,50.1,21,35.7,334.46
6/14/2026,10:09:06 AM,251,17.75764,-64.62040,32.2,50.1,21,35.7,848.52
6/14/2026,10:09:07 AM,252,17.75765,-64.62040,32.1,50.1,21,35.7,691.42
6/14/2026,10:09:08 AM,253,17.75765,-64.62040,32.3,50.1,21,35.7,900.22
6/14/2026,10:09:09 AM,254,17.75765,-64.62040,32.3,50.2,21,35.7,792.39
6/14/2026,10:09:10 AM,255,17.75765,-64.62040,32.3,50.2,21,35.7,903.22
6/14/2026,10:09:11 AM,256,17.75765,-64.62040,32.2,50.2,21,35.8,930.9
6/14/2026,10:09:12 AM,257,17.75765,-64.62040,32.5,50.2,21,35.8,861.14
6/14/2026,10:09:13 AM,258,17.75765,-64.62040,32.3,50.3,21,35.8,847.64
6/14/2026,10:09:14 AM,259,17.75765,-64.62040,32.4,50.2,21,35.8,804.5
6/14/2026,10:09:15 AM,260,17.75765,-64.62040,32.5,50.2,21,35.8,580.05
6/14/2026,10:09:16 AM,261,17.75765,-64.62040,32.4,50.3,21,35.8,412.88
6/14/2026,10:09:17 AM,262,17.75765,-64.62040,32.5,50.2,21,35.8,402.97
6/14/2026,10:09:18 AM,263,17.75765,-64.62040,32.5,50.2,21,35.8,1397.7
6/14/2026,10:09:19 AM,264,17.75765,-64.62040,32.4,50.3,21,35.8,825.81
6/14/2026,10:09:20 AM,265,17.75765,-64.62040,32.3,50.2,21,35.8,820.09
6/14/2026,10:09:21 AM,266,17.75765,-64.62040,32.3,50.1,21,35.8,687.92
6/14/2026,10:09:22 AM,267,17.75765,-64.62040,32.3,50.1,21,35.8,867.94
6/14/2026,10:09:23 AM,268,17.75765,-64.62040,32.3,50.1,21,35.8,429.2
6/14/2026,10:09:24 AM,269,17.75765,-64.62040,32.3,50.1,21,35.8,804.22
6/14/2026,10:09:25 AM,270,17.75765,-64.62040,32.2,50.2,21,35.8,673.81
6/14/2026,10:09:26 AM,271,17.75765,-64.62040,32.3,50.2,21,35.8,539.3
6/14/2026,10:09:27 AM,272,17.75765,-64.62040,32.4,50.2,21,35.9,1158.85
6/14/2026,10:09:28 AM,273,17.75765,-64.62041,32.3,50.1,21,35.8,816.86
6/14/2026,10:09:29 AM,274,17.75764,-64.62041,32.4,50.1,21,35.8,908.92
6/14/2026,10:09:30 AM,275,17.75765,-64.62041,32.4,50.1,21,35.8,807.86
6/14/2026,10:09:31 AM,276,17.75765,-64.62041,32.5,50.2,21,35.9,821.79
6/14/2026,10:09:32 AM,277,17.75765,-64.62041,32.5,50.2,21,35.9,788.08
6/14/2026,10:09:33 AM,278,17.75765,-64.62041,32.5,50.1,21,35.8,765.87
6/14/2026,10:09:34 AM,279,17.75764,-64.62041,32.7,50.1,21,35.8,753.17
6/14/2026,10:09:35 AM,280,17.75764,-64.62041,32.5,50.1,21,35.9,762.87
6/14/2026,10:09:36 AM,281,17.75764,-64.62041,32.4,50.1,21,35.9,1021.06
6/14/2026,10:09:37 AM,282,17.75764,-64.62041,32.5,50.1,21,35.8,1042.45
6/14/2026,10:09:38 AM,283,17.75764,-64.62041,32.7,50.2,21.1,35.9,1042.42
6/14/2026,10:09:39 AM,284,17.75764,-64.62041,32.6,50.1,21,35.9,765.42
6/14/2026,10:09:40 AM,285,17.75764,-64.62041,32.7,50.1,21,35.9,764.43
6/14/2026,10:09:41 AM,286,17.75765,-64.62041,32.6,50.1,21,35.9,759.95
6/14/2026,10:09:42 AM,287,17.75765,-64.62041,32.6,50.1,21,35.9,726.28
6/14/2026,10:09:43 AM,288,17.75765,-64.62041,32.6,50.1,21.1,35.9,686.37
6/14/2026,10:09:44 AM,289,17.75765,-64.62041,32.9,50.1,21.1,35.9,684.5
6/14/2026,10:09:45 AM,290,17.75765,-64.62041,32.9,50.1,21.1,35.9,667.36
6/14/2026,10:09:46 AM,291,17.75765,-64.62041,32.9,50.1,21.1,35.9,692.95
6/14/2026,10:09:47 AM,292,17.75765,-64.62041,32.8,50.1,21.1,35.9,690.76
6/14/2026,10:09:48 AM,293,17.75765,-64.62041,32.9,50,21,35.9,716.61
6/14/2026,10:09:49 AM,294,17.75765,-64.62041,32.9,50,21,35.9,682.09
6/14/2026,10:09:50 AM,295,17.75765,-64.62041,33,50,21,35.9,672.45
6/14/2026,10:09:51 AM,296,17.75765,-64.62041,32.9,49.9,21,35.9,651.61
6/14/2026,10:09:52 AM,297,17.75765,-64.62041,33,49.9,21,35.9,680.33
6/14/2026,10:09:53 AM,298,17.75765,-64.62041,32.8,50,21,35.9,614.31
6/14/2026,10:09:54 AM,299,17.75765,-64.62041,33,50,21,35.9,606.51
6/14/2026,10:09:55 AM,300,17.75765,-64.62041,33.2,50,21,35.9,450.11
6/14/2026,10:09:56 AM,301,17.75765,-64.62041,33.1,50,21.1,36,458.92
6/14/2026,10:09:57 AM,302,17.75765,-64.62041,33.3,50,21.1,36,476.3
6/14/2026,10:09:58 AM,303,17.75765,-64.62041,33.1,50,21.1,36,428.52
6/14/2026,10:09:59 AM,304,17.75765,-64.62040,33.1,50,21.1,36,435.2
6/14/2026,10:10:00 AM,305,17.75765,-64.62040,33.2,50,21,35.9,481.26
6/14/2026,10:10:01 AM,306,17.75765,-64.62040,33.2,50,21.1,36,627.83
6/14/2026,10:10:02 AM,307,17.75765,-64.62040,33.4,50,21.1,36,488.33
6/14/2026,10:10:03 AM,308,17.75765,-64.62041,33.2,50,21.1,36,622.69
6/14/2026,10:10:04 AM,309,17.75765,-64.62040,33.3,49.9,21.1,36,619.01
6/14/2026,10:10:05 AM,310,17.75765,-64.62041,33.2,50,21.1,36,459.87
6/14/2026,10:10:06 AM,311,17.75765,-64.62041,33.4,49.9,21.1,36,455.52
6/14/2026,10:10:07 AM,312,17.75765,-64.62041,33.2,49.9,21.1,36,469.2
6/14/2026,10:10:08 AM,313,17.75765,-64.62041,33.4,49.9,21.1,36,609.84
6/14/2026,10:10:09 AM,314,17.75765,-64.62041,33.4,50,21.1,36,621.36
6/14/2026,10:10:10 AM,315,17.75765,-64.62041,33.3,50,21.1,36,607.7
6/14/2026,10:10:11 AM,316,17.75765,-64.62041,33.2,49.9,21.1,36,604.62
6/14/2026,10:10:12 AM,317,17.75765,-64.62041,33.2,49.9,21.1,36,611.42
6/14/2026,10:10:13 AM,318,17.75765,-64.62041,33.3,49.9,21.1,36,611.48
6/14/2026,10:10:14 AM,319,17.75765,-64.62041,33.2,49.9,21.1,36,470.4
6/14/2026,10:10:15 AM,320,17.75765,-64.62041,33.3,49.9,21.1,36,658.89
6/14/2026,10:10:16 AM,321,17.75765,-64.62041,33.4,49.9,21,36,722.01
6/14/2026,10:10:17 AM,322,17.75765,-64.62041,33.3,49.9,21.1,36,369.22
6/14/2026,10:10:18 AM,323,17.75765,-64.62041,33.3,49.9,21.1,36,423.03
6/14/2026,10:10:19 AM,324,17.75765,-64.62041,33.3,49.9,21.1,36.1,321.6
6/14/2026,10:10:20 AM,325,17.75765,-64.62041,33.4,49.9,21.1,36,132.71
6/14/2026,10:10:21 AM,326,17.75765,-64.62041,33.4,49.9,21.1,36.1,93.24
6/14/2026,10:10:22 AM,327,17.75765,-64.62041,33.2,49.9,21.1,36.1,99.71
6/14/2026,10:10:23 AM,328,17.75765,-64.62042,33.4,50,21.1,36.1,151.84
6/14/2026,10:10:24 AM,329,17.75765,-64.62041,33.4,50,21.1,36.1,315.78
6/14/2026,10:10:25 AM,330,17.75765,-64.62041,33.5,50,21.1,36.1,292.9
6/14/2026,10:10:26 AM,331,17.75765,-64.62041,33.3,50,21.1,36.1,283.57
6/14/2026,10:10:27 AM,332,17.75765,-64.62041,33.4,50,21.1,36.1,263.89
6/14/2026,10:10:28 AM,333,17.75765,-64.62041,33.2,49.9,21.1,36.1,259.7
6/14/2026,10:10:29 AM,334,17.75766,-64.62041,33.2,50,21.1,36.1,258.45
6/14/2026,10:10:30 AM,335,17.75765,-64.62042,33.2,50,21.1,36.1,279.4
6/14/2026,10:10:31 AM,336,17.75765,-64.62042,33.3,50,21.1,36.1,259.46
6/14/2026,10:10:32 AM,337,17.75765,-64.62041,33.1,50,21.2,36.2,300.86
6/14/2026,10:10:33 AM,338,17.75765,-64.62041,33.2,50,21.2,36.2,293.84
6/14/2026,10:10:34 AM,339,17.75765,-64.62041,33.3,50,21.2,36.2,293.71
6/14/2026,10:10:35 AM,340,17.75765,-64.62041,33.3,50,21.2,36.2,268.06
6/14/2026,10:10:36 AM,341,17.75765,-64.62041,33.2,50,21.1,36.2,295.38
6/14/2026,10:10:37 AM,342,17.75765,-64.62041,33.5,50,21.2,36.2,545.94
6/14/2026,10:10:38 AM,343,17.75765,-64.62041,33.2,50,21.2,36.2,524.83
6/14/2026,10:10:39 AM,344,17.75765,-64.62040,33.1,49.7,21.1,36.1,426.22
6/14/2026,10:10:40 AM,345,17.75765,-64.62040,33.2,49.6,21,36.1,304.89
6/14/2026,10:10:41 AM,346,17.75764,-64.62040,33,49.6,21,36.1,308.04
6/14/2026,10:10:42 AM,347,17.75765,-64.62040,33.1,49.6,21,36.1,302.47
6/14/2026,10:10:43 AM,348,17.75765,-64.62040,33.1,49.6,21.1,36.1,306.45
6/14/2026,10:10:44 AM,349,17.75764,-64.62040,33.1,49.6,21.1,36.1,554.37
6/14/2026,10:10:45 AM,350,17.75765,-64.62040,33.1,49.6,21,36.1,351.81
6/14/2026,10:10:46 AM,351,17.75765,-64.62040,33.1,49.6,21,36.1,314.63
6/14/2026,10:10:47 AM,352,17.75765,-64.62040,33,49.6,21,36.1,356.69
6/14/2026,10:10:48 AM,353,17.75765,-64.62041,33,49.6,21,36.1,359.99
6/14/2026,10:10:49 AM,354,17.75765,-64.62041,33.1,49.6,21,36.1,356.09
6/14/2026,10:10:50 AM,355,17.75765,-64.62041,32.9,49.5,21,36.1,545.97
6/14/2026,10:10:51 AM,356,17.75765,-64.62041,32.9,49.3,21,36.1,560.69
6/14/2026,10:10:52 AM,357,17.75765,-64.62040,33,49.4,21,36.1,600.22
6/14/2026,10:10:53 AM,358,17.75764,-64.62040,33,49.2,20.9,36,346.99
6/14/2026,10:10:54 AM,359,17.75764,-64.62039,32.9,49.3,21,36,288.97
6/14/2026,10:10:55 AM,360,17.75763,-64.62039,33,49.3,20.9,36,333.23
6/14/2026,10:10:56 AM,361,17.75764,-64.62039,33,49.2,20.9,36,330.93
6/14/2026,10:10:57 AM,362,17.75764,-64.62039,33,49.2,20.9,36,320.44
6/14/2026,10:10:58 AM,363,17.75764,-64.62039,32.8,49.1,20.9,36,316.44
6/14/2026,10:10:59 AM,364,17.75764,-64.62039,32.8,49.4,21,36,352.71
6/14/2026,10:11:00 AM,365,17.75764,-64.62039,32.8,49.3,21,36,380.79
6/14/2026,10:11:01 AM,366,17.75764,-64.62039,32.9,49.4,21,36.1,355.54
6/14/2026,10:11:02 AM,367,17.75764,-64.62040,33,49.4,21,36.1,353.06
6/14/2026,10:11:03 AM,368,17.75764,-64.62040,33,49.4,21,36.1,330.83
6/14/2026,10:11:04 AM,369,17.75764,-64.62040,33,49.4,21,36.1,305.72
6/14/2026,10:11:05 AM,370,17.75764,-64.62040,33,49.5,21,36.1,362.58
6/14/2026,10:11:06 AM,371,17.75764,-64.62040,33.1,49.5,21,36.1,371.4
6/14/2026,10:11:07 AM,372,17.75764,-64.62040,33,49.5,21,36.1,593.08
6/14/2026,10:11:08 AM,373,17.75764,-64.62040,33,49.5,21,36.1,538.36
6/14/2026,10:11:09 AM,374,17.75764,-64.62039,33.2,49.5,21,36.2,511.22
6/14/2026,10:11:10 AM,375,17.75763,-64.62039,33.1,49.6,21.1,36.2,510.39
6/14/2026,10:11:11 AM,376,17.75763,-64.62039,33.2,49.5,21.1,36.2,613.19
6/14/2026,10:11:12 AM,377,17.75762,-64.62038,33,49.4,21,36.2,117.37
6/14/2026,10:11:13 AM,378,17.75761,-64.62038,33,49.3,21,36.2,358.73
6/14/2026,10:11:14 AM,379,17.75760,-64.62038,33,49.3,21,36.1,162.62
6/14/2026,10:11:15 AM,380,17.75760,-64.62037,32.9,49.1,21,36.1,177.47
6/14/2026,10:11:16 AM,381,17.75759,-64.62037,32.9,49.1,20.9,36.1,199.19
6/14/2026,10:11:17 AM,382,17.75758,-64.62037,33,49.1,20.9,36.1,404.58
6/14/2026,10:11:18 AM,383,17.75758,-64.62036,32.9,49,20.9,36,253.27
6/14/2026,10:11:19 AM,384,17.75758,-64.62036,32.9,49,20.9,36.1,233.43
6/14/2026,10:11:20 AM,385,17.75758,-64.62035,32.8,49,20.9,36.1,259.83
6/14/2026,10:11:21 AM,386,17.75758,-64.62035,32.8,49.1,20.9,36.1,248.23
6/14/2026,10:11:22 AM,387,17.75758,-64.62035,33,49.1,20.9,36.1,246.04
6/14/2026,10:11:23 AM,388,17.75758,-64.62035,32.9,49.1,21,36.1,243.9
6/14/2026,10:11:24 AM,389,17.75758,-64.62035,32.9,49.2,21,36.1,242.89
6/14/2026,10:11:25 AM,390,17.75758,-64.62036,32.9,49.1,21,36.1,234.31
6/14/2026,10:11:26 AM,391,17.75758,-64.62036,32.8,49.1,20.9,36.1,230.71
6/14/2026,10:11:27 AM,392,17.75758,-64.62036,32.9,49,20.9,36.1,228.78
6/14/2026,10:11:28 AM,393,17.75758,-64.62036,32.8,49,20.9,36.1,227.59
6/14/2026,10:11:29 AM,394,17.75758,-64.62036,32.9,49.1,20.9,36.1,237.89
6/14/2026,10:11:30 AM,395,17.75758,-64.62036,33,49.1,21,36.1,230.65
6/14/2026,10:11:31 AM,396,17.75758,-64.62036,33.1,49.2,21,36.1,226.53
6/14/2026,10:11:32 AM,397,17.75758,-64.62036,33,49.2,21,36.1,214.76
6/14/2026,10:11:33 AM,398,17.75758,-64.62036,33,49.1,21,36.1,233.3
6/14/2026,10:11:34 AM,399,17.75758,-64.62036,33,48.9,20.9,36,225.41
6/14/2026,10:11:35 AM,400,17.75758,-64.62036,33.1,49,20.9,36.1,219.26
6/14/2026,10:11:36 AM,401,17.75758,-64.62035,33,49,20.9,36.1,472.33
6/14/2026,10:11:37 AM,402,17.75758,-64.62035,33.1,49,20.9,36.1,648.28
6/14/2026,10:11:38 AM,403,17.75758,-64.62035,32.9,48.9,20.9,36.1,678.92
6/14/2026,10:11:39 AM,404,17.75757,-64.62034,32.9,48.8,20.9,36,561.33
6/14/2026,10:11:40 AM,405,17.75757,-64.62034,33.1,48.7,20.8,36,670.26
6/14/2026,10:11:41 AM,406,17.75756,-64.62034,32.9,48.7,20.8,36,820.23
6/14/2026,10:11:42 AM,407,17.75756,-64.62034,32.8,48.6,20.8,36,804.28
6/14/2026,10:11:43 AM,408,17.75755,-64.62034,32.8,48.5,20.8,36,826.26
6/14/2026,10:11:44 AM,409,17.75755,-64.62034,32.8,48.6,20.8,36,744.17
6/14/2026,10:11:45 AM,410,17.75755,-64.62034,33.1,48.7,20.8,36,821.09
6/14/2026,10:11:46 AM,411,17.75755,-64.62034,32.9,48.8,20.9,36.1,457.49
6/14/2026,10:11:47 AM,412,17.75755,-64.62034,32.9,48.6,20.8,36,492.81
6/14/2026,10:11:48 AM,413,17.75755,-64.62034,32.9,48.7,20.8,36,692.61
6/14/2026,10:11:49 AM,414,17.75755,-64.62034,32.9,48.7,20.8,36,272.56
6/14/2026,10:11:50 AM,415,17.75755,-64.62034,32.9,48.6,20.8,36,269.96
6/14/2026,10:11:51 AM,416,17.75755,-64.62034,32.9,48.5,20.8,36,460.98
6/14/2026,10:11:52 AM,417,17.75755,-64.62034,33,48.5,20.8,36,696.26
6/14/2026,10:11:53 AM,418,17.75755,-64.62033,33,48.5,20.8,36,605.64
6/14/2026,10:11:54 AM,419,17.75755,-64.62034,32.9,48.3,20.7,36,589.98
6/14/2026,10:11:55 AM,420,17.75755,-64.62033,32.8,48.4,20.8,36,648.23
6/14/2026,10:11:56 AM,421,17.75754,-64.62033,32.8,48.2,20.7,35.9,628.73
6/14/2026,10:11:57 AM,422,17.75754,-64.62033,32.7,48.2,20.7,35.9,797.62
6/14/2026,10:11:58 AM,423,17.75752,-64.62032,32.6,48.2,20.7,35.9,965.81
6/14/2026,10:11:59 AM,424,17.75751,-64.62032,32.4,48.1,20.6,35.9,767.86
6/14/2026,10:12:00 AM,425,17.75750,-64.62031,32.4,48.2,20.6,35.8,635.67
6/14/2026,10:12:01 AM,426,17.75749,-64.62031,32.5,48.4,20.7,35.8,725.14
6/14/2026,10:12:02 AM,427,17.75748,-64.62031,32.5,48.3,20.7,35.9,805.28
6/14/2026,10:12:03 AM,428,17.75748,-64.62031,32.6,48.3,20.7,35.9,881.22
6/14/2026,10:12:04 AM,429,17.75747,-64.62030,32.7,48.3,20.7,35.9,755.45
6/14/2026,10:12:05 AM,430,17.75746,-64.62029,32.7,48.4,20.7,35.9,698.06
6/14/2026,10:12:06 AM,431,17.75746,-64.62028,32.5,48.3,20.7,35.9,1100.29
6/14/2026,10:12:07 AM,432,17.75745,-64.62027,32.7,48.3,20.7,35.9,954.59
6/14/2026,10:12:08 AM,433,17.75744,-64.62026,32.8,48.4,20.7,35.9,864.12
6/14/2026,10:12:09 AM,434,17.75744,-64.62025,32.8,48.4,20.7,36,1139.28
6/14/2026,10:12:10 AM,435,17.75743,-64.62024,32.6,48.4,20.7,36,1128.32
6/14/2026,10:12:11 AM,436,17.75742,-64.62024,32.7,48.4,20.7,36,925.23
6/14/2026,10:12:12 AM,437,17.75742,-64.62023,32.8,48.3,20.7,36,1021.73
6/14/2026,10:12:13 AM,438,17.75741,-64.62022,32.8,48.3,20.8,36,1236.4
6/14/2026,10:12:14 AM,439,17.75741,-64.62021,32.8,48.4,20.8,36,1135.38
6/14/2026,10:12:15 AM,440,17.75740,-64.62021,32.8,48.4,20.8,36.1,910.15
6/14/2026,10:12:16 AM,441,17.75740,-64.62020,33.1,48.4,20.8,36.1,1155.82
6/14/2026,10:12:17 AM,442,17.75739,-64.62019,33,48.3,20.8,36.1,858.26
6/14/2026,10:12:18 AM,443,17.75739,-64.62018,32.8,48.3,20.8,36.1,991.37
6/14/2026,10:12:19 AM,444,17.75738,-64.62017,32.9,48.3,20.8,36.1,970.92
6/14/2026,10:12:20 AM,445,17.75738,-64.62017,33,48.3,20.8,36.1,728.98
6/14/2026,10:12:21 AM,446,17.75737,-64.62016,32.9,48.3,20.8,36.1,1037.03
6/14/2026,10:12:22 AM,447,17.75737,-64.62015,32.9,48.3,20.8,36.1,757.48
6/14/2026,10:12:23 AM,448,17.75736,-64.62014,32.8,48.2,20.8,36.1,260.29
6/14/2026,10:12:24 AM,449,17.75735,-64.62013,33,48.2,20.8,36.1,772.81
6/14/2026,10:12:25 AM,450,17.75735,-64.62012,33,48.2,20.8,36.1,843.34
6/14/2026,10:12:26 AM,451,17.75734,-64.62012,33,48.2,20.8,36.1,838.14
6/14/2026,10:12:27 AM,452,17.75734,-64.62011,32.9,48.2,20.8,36.2,599.3
6/14/2026,10:12:28 AM,453,17.75733,-64.62010,33,48.2,20.8,36.2,933.03
6/14/2026,10:12:29 AM,454,17.75733,-64.62009,32.9,48.2,20.8,36.2,1049.14
6/14/2026,10:12:30 AM,455,17.75732,-64.62008,32.9,48.2,20.8,36.2,1146.2
6/14/2026,10:12:31 AM,456,17.75731,-64.62007,32.9,48.2,20.8,36.2,938.37
6/14/2026,10:12:32 AM,457,17.75731,-64.62006,32.9,48.2,20.8,36.2,1041.09
6/14/2026,10:12:33 AM,458,17.75730,-64.62005,32.9,48.1,20.8,36.2,1112.21
6/14/2026,10:12:34 AM,459,17.75730,-64.62005,33,48.1,20.8,36.2,902.7
6/14/2026,10:12:35 AM,460,17.75729,-64.62004,33,47.9,20.7,36.1,691.83
6/14/2026,10:12:36 AM,461,17.75728,-64.62003,32.9,47.9,20.7,36.1,730.39
6/14/2026,10:12:37 AM,462,17.75728,-64.62002,32.9,47.9,20.7,36.1,673.15
6/14/2026,10:12:38 AM,463,17.75727,-64.62001,32.8,47.9,20.7,36.1,747.64
6/14/2026,10:12:39 AM,464,17.75726,-64.62000,32.9,47.9,20.7,36.1,692.36
6/14/2026,10:12:40 AM,465,17.75725,-64.62000,32.8,47.9,20.7,36.1,780.09
6/14/2026,10:12:41 AM,466,17.75724,-64.61999,32.9,47.9,20.7,36.1,737.44
6/14/2026,10:12:42 AM,467,17.75724,-64.61998,32.9,48,20.8,36.2,998.54
6/14/2026,10:12:43 AM,468,17.75723,-64.61997,32.9,48,20.8,36.2,1089.9
6/14/2026,10:12:44 AM,469,17.75722,-64.61997,33.1,48.1,20.8,36.2,1003.76
6/14/2026,10:12:45 AM,470,17.75722,-64.61996,33,48.1,20.8,36.2,1015.14
6/14/2026,10:12:46 AM,471,17.75721,-64.61995,32.9,47.9,20.7,36.2,905.81
6/14/2026,10:12:47 AM,472,17.75720,-64.61994,32.9,47.8,20.7,36.1,867.25
6/14/2026,10:12:48 AM,473,17.75719,-64.61993,32.9,47.8,20.7,36.1,813.98
6/14/2026,10:12:49 AM,474,17.75718,-64.61993,32.8,47.8,20.7,36.1,892.11
6/14/2026,10:12:50 AM,475,17.75717,-64.61992,32.8,47.8,20.7,36.1,829.54
6/14/2026,10:12:51 AM,476,17.75716,-64.61991,32.9,47.8,20.7,36.1,1113.87
6/14/2026,10:12:52 AM,477,17.75715,-64.61991,32.9,47.8,20.7,36.2,1147.17
6/14/2026,10:12:53 AM,478,17.75715,-64.61991,32.8,47.9,20.7,36.2,889.61
6/14/2026,10:12:54 AM,479,17.75714,-64.61990,32.9,47.9,20.7,36.2,938.75
6/14/2026,10:12:55 AM,480,17.75713,-64.61989,33.1,47.9,20.8,36.2,966.74
6/14/2026,10:12:56 AM,481,17.75712,-64.61989,32.9,48,20.8,36.3,940.7
6/14/2026,10:12:57 AM,482,17.75711,-64.61989,33,48,20.8,36.2,1062.7
6/14/2026,10:12:58 AM,483,17.75710,-64.61988,33,48.1,20.8,36.3,1006.07
6/14/2026,10:12:59 AM,484,17.75709,-64.61987,33,48.1,20.8,36.3,840.51
6/14/2026,10:13:00 AM,485,17.75708,-64.61986,32.9,48,20.8,36.3,792.28
6/14/2026,10:13:01 AM,486,17.75707,-64.61986,33,47.8,20.7,36.2,949.82
6/14/2026,10:13:02 AM,487,17.75706,-64.61985,32.9,47.8,20.7,36.2,998.48
6/14/2026,10:13:03 AM,488,17.75705,-64.61985,32.8,47.8,20.7,36.2,854.4
6/14/2026,10:13:04 AM,489,17.75704,-64.61984,32.9,47.8,20.7,36.2,352.14
6/14/2026,10:13:05 AM,490,17.75703,-64.61984,32.8,47.8,20.7,36.3,1235.65
6/14/2026,10:13:06 AM,491,17.75703,-64.61983,32.8,47.8,20.8,36.3,946.9
6/14/2026,10:13:07 AM,492,17.75702,-64.61983,32.8,47.8,20.8,36.3,1081.09
6/14/2026,10:13:08 AM,493,17.75701,-64.61982,32.9,47.8,20.7,36.3,1042.59
6/14/2026,10:13:09 AM,494,17.75700,-64.61982,32.9,47.7,20.7,36.2,1021.59
6/14/2026,10:13:10 AM,495,17.75699,-64.61981,33,47.6,20.7,36.2,794.95
6/14/2026,10:13:11 AM,496,17.75698,-64.61981,32.8,47.4,20.6,36.2,946
6/14/2026,10:13:12 AM,497,17.75698,-64.61981,32.7,47.4,20.6,36.2,877.97
6/14/2026,10:13:13 AM,498,17.75697,-64.61980,32.9,47.3,20.6,36.1,790.79
6/14/2026,10:13:14 AM,499,17.75695,-64.61980,32.8,47.3,20.6,36.1,821.56
6/14/2026,10:13:15 AM,500,17.75695,-64.61979,32.9,47.3,20.6,36.2,870.67
6/14/2026,10:13:16 AM,501,17.75694,-64.61979,32.9,47.4,20.6,36.2,879.76
6/14/2026,10:13:17 AM,502,17.75693,-64.61978,32.6,47.5,20.6,36.2,1171.43
6/14/2026,10:13:18 AM,503,17.75691,-64.61977,32.6,47.5,20.6,36.2,822.67
6/14/2026,10:13:19 AM,504,17.75691,-64.61977,32.6,47.6,20.7,36.2,733.17
6/14/2026,10:13:20 AM,505,17.75690,-64.61976,32.9,47.7,20.7,36.3,779.53
6/14/2026,10:13:21 AM,506,17.75689,-64.61976,32.9,47.7,20.7,36.3,820.76
6/14/2026,10:13:22 AM,507,17.75688,-64.61975,32.8,47.7,20.7,36.3,769.76
6/14/2026,10:13:23 AM,508,17.75687,-64.61975,32.9,47.6,20.7,36.2,975.97
6/14/2026,10:13:24 AM,509,17.75686,-64.61974,32.9,47.6,20.7,36.2,1014.31
6/14/2026,10:13:25 AM,510,17.75685,-64.61974,32.8,47.6,20.7,36.3,977.33
6/14/2026,10:13:26 AM,511,17.75684,-64.61972,32.6,47.6,20.7,36.3,797.28
6/14/2026,10:13:27 AM,512,17.75684,-64.61972,32.6,47.6,20.7,36.2,685.83
6/14/2026,10:13:28 AM,513,17.75683,-64.61973,32.5,47.5,20.6,36.1,622.12
6/14/2026,10:13:29 AM,514,17.75681,-64.61972,32.3,47.7,20.6,36,700.34
6/14/2026,10:13:30 AM,515,17.75680,-64.61972,32.3,47.8,20.6,36,719.58
6/14/2026,10:13:31 AM,516,17.75679,-64.61971,32.2,47.8,20.6,36,719.62
6/14/2026,10:13:32 AM,517,17.75678,-64.61971,31.9,47.9,20.6,35.8,632.94
6/14/2026,10:13:33 AM,518,17.75678,-64.61970,31.9,48,20.6,35.8,735.56
6/14/2026,10:13:34 AM,519,17.75677,-64.61970,31.9,48,20.6,35.8,983.84
6/14/2026,10:13:35 AM,520,17.75676,-64.61970,31.7,48,20.6,35.8,862.45
6/14/2026,10:13:36 AM,521,17.75674,-64.61970,31.7,48.1,20.6,35.8,885.98
6/14/2026,10:13:37 AM,522,17.75673,-64.61969,31.8,48,20.6,35.8,952.51
6/14/2026,10:13:38 AM,523,17.75672,-64.61969,31.6,48,20.6,35.8,868.72
6/14/2026,10:13:39 AM,524,17.75671,-64.61968,31.3,48.1,20.6,35.7,858
6/14/2026,10:13:40 AM,525,17.75670,-64.61968,31.5,48,20.6,35.8,852.03
6/14/2026,10:13:41 AM,526,17.75669,-64.61967,31.5,48.1,20.6,35.7,872.04
6/14/2026,10:13:42 AM,527,17.75668,-64.61967,31.4,48.2,20.6,35.7,892.81
6/14/2026,10:13:43 AM,528,17.75667,-64.61966,31.3,48.2,20.6,35.8,825.62
6/14/2026,10:13:44 AM,529,17.75666,-64.61966,31.5,48.1,20.6,35.8,322.62
6/14/2026,10:13:45 AM,530,17.75666,-64.61966,31.5,48.1,20.6,35.8,381.58
6/14/2026,10:13:46 AM,531,17.75666,-64.61966,31.6,48.1,20.6,35.8,953.47
6/14/2026,10:13:47 AM,532,17.75666,-64.61966,31.6,48,20.6,35.8,1234.78
6/14/2026,10:13:48 AM,533,17.75666,-64.61965,31.2,48.1,20.6,35.8,870.47
6/14/2026,10:13:49 AM,534,17.75666,-64.61965,31.5,48.2,20.6,35.8,1092.62
6/14/2026,10:13:50 AM,535,17.75664,-64.61965,31.4,48.2,20.6,35.8,1106.21
6/14/2026,10:13:51 AM,536,17.75663,-64.61965,31.4,48.2,20.6,35.8,988.31
6/14/2026,10:13:52 AM,537,17.75662,-64.61964,31.1,48.2,20.6,35.7,908.84
6/14/2026,10:13:53 AM,538,17.75661,-64.61964,31.2,48.3,20.6,35.8,918.36
6/14/2026,10:13:54 AM,539,17.75660,-64.61963,31.3,48.5,20.7,35.8,900.95
6/14/2026,10:13:55 AM,540,17.75659,-64.61963,31.5,48.5,20.7,35.8,781.15
6/14/2026,10:13:56 AM,541,17.75657,-64.61962,31.3,48.3,20.6,35.7,1023.17
6/14/2026,10:13:57 AM,542,17.75657,-64.61962,31.1,48.3,20.6,35.8,1237.63
6/14/2026,10:13:58 AM,543,17.75656,-64.61961,31.1,48.3,20.6,35.7,1060.45
6/14/2026,10:13:59 AM,544,17.75655,-64.61961,31.4,48.1,20.6,35.7,1126.68
6/14/2026,10:14:00 AM,545,17.75654,-64.61960,31.3,48.1,20.6,35.7,1187.01
6/14/2026,10:14:01 AM,546,17.75653,-64.61960,31.2,48.1,20.6,35.7,932.65
6/14/2026,10:14:02 AM,547,17.75652,-64.61959,31.4,48.3,20.6,35.8,945.25
6/14/2026,10:14:03 AM,548,17.75651,-64.61958,31.3,48.4,20.7,35.8,743.9
6/14/2026,10:14:04 AM,549,17.75650,-64.61958,31.3,48.3,20.6,35.8,783.11
6/14/2026,10:14:05 AM,550,17.75649,-64.61958,31.4,48.3,20.6,35.8,912.23
6/14/2026,10:14:06 AM,551,17.75648,-64.61957,31.2,48.3,20.6,35.7,769.26
6/14/2026,10:14:07 AM,552,17.75647,-64.61957,31.2,48.3,20.6,35.7,862.67
6/14/2026,10:14:08 AM,553,17.75646,-64.61957,31.3,48.3,20.6,35.7,873.22
6/14/2026,10:14:09 AM,554,17.75645,-64.61956,31.3,48.5,20.6,35.7,830.06
6/14/2026,10:14:10 AM,555,17.75644,-64.61955,31.3,48.5,20.7,35.7,917.84
6/14/2026,10:14:11 AM,556,17.75643,-64.61955,31.3,48.4,20.6,35.7,885.68
6/14/2026,10:14:12 AM,557,17.75642,-64.61955,31.3,48.4,20.6,35.7,726.59
6/14/2026,10:14:13 AM,558,17.75641,-64.61954,31.3,48.4,20.6,35.7,799.89
6/14/2026,10:14:14 AM,559,17.75640,-64.61954,31.2,48.4,20.6,35.7,867.56
6/14/2026,10:14:15 AM,560,17.75639,-64.61954,31.6,48.5,20.6,35.7,726.65
6/14/2026,10:14:16 AM,561,17.75638,-64.61953,31.5,48.5,20.6,35.7,777.87
6/14/2026,10:14:17 AM,562,17.75637,-64.61952,31.3,48.5,20.6,35.7,790.04
6/14/2026,10:14:18 AM,563,17.75636,-64.61952,31.5,48.5,20.6,35.7,770
6/14/2026,10:14:19 AM,564,17.75635,-64.61952,31.4,48.6,20.6,35.6,781.4
6/14/2026,10:14:20 AM,565,17.75634,-64.61951,31.5,48.4,20.5,35.5,791.06
6/14/2026,10:14:21 AM,566,17.75633,-64.61951,31.2,48.3,20.5,35.5,764.31
6/14/2026,10:14:22 AM,567,17.75632,-64.61950,31.1,48.2,20.4,35.4,779.37
6/14/2026,10:14:23 AM,568,17.75631,-64.61950,31.3,48.3,20.5,35.5,720.86
6/14/2026,10:14:24 AM,569,17.75630,-64.61949,31,48.3,20.4,35.4,684.56
6/14/2026,10:14:25 AM,570,17.75628,-64.61949,31.2,48.3,20.4,35.4,833.23
6/14/2026,10:14:26 AM,571,17.75627,-64.61949,31.1,48.2,20.4,35.3,869.39
6/14/2026,10:14:27 AM,572,17.75626,-64.61948,31.1,48.2,20.4,35.3,970.87
6/14/2026,10:14:28 AM,573,17.75625,-64.61948,30.9,48.3,20.4,35.3,788.09
6/14/2026,10:14:29 AM,574,17.75624,-64.61947,31,48.3,20.4,35.3,774.14
6/14/2026,10:14:30 AM,575,17.75623,-64.61947,30.9,48.3,20.4,35.3,762.28
6/14/2026,10:14:31 AM,576,17.75622,-64.61946,31,48.3,20.4,35.2,756.73
6/14/2026,10:14:32 AM,577,17.75621,-64.61946,30.9,48.3,20.3,35.2,740.78
6/14/2026,10:14:33 AM,578,17.75620,-64.61945,30.9,48.3,20.3,35.1,673.91
6/14/2026,10:14:34 AM,579,17.75619,-64.61945,30.8,48.4,20.3,35.1,707.37
6/14/2026,10:14:35 AM,580,17.75618,-64.61944,30.6,48.4,20.3,35,691.14
6/14/2026,10:14:36 AM,581,17.75617,-64.61944,30.4,48.5,20.3,35,697.89
6/14/2026,10:14:37 AM,582,17.75616,-64.61943,30.4,48.6,20.3,35,672.34
6/14/2026,10:14:38 AM,583,17.75615,-64.61943,30.4,48.7,20.3,34.9,644.06
6/14/2026,10:14:39 AM,584,17.75614,-64.61943,30.4,48.6,20.3,34.9,635.29
6/14/2026,10:14:40 AM,585,17.75613,-64.61942,30.3,48.7,20.3,34.9,545.8
6/14/2026,10:14:41 AM,586,17.75612,-64.61942,30.3,48.7,20.3,34.9,672.75
6/14/2026,10:14:42 AM,587,17.75611,-64.61941,30.3,48.7,20.3,34.9,919.2
6/14/2026,10:14:43 AM,588,17.75610,-64.61941,30.4,48.8,20.3,34.9,910.29
6/14/2026,10:14:44 AM,589,17.75609,-64.61941,30.3,48.7,20.3,34.9,854.18
6/14/2026,10:14:45 AM,590,17.75607,-64.61941,30.3,48.8,20.3,34.9,916.2
6/14/2026,10:14:46 AM,591,17.75606,-64.61940,30.3,48.8,20.3,34.9,829.64
6/14/2026,10:14:47 AM,592,17.75605,-64.61940,30.3,48.8,20.3,34.9,797.23
6/14/2026,10:14:48 AM,593,17.75604,-64.61940,30.3,48.8,20.3,35,895.64
6/14/2026,10:14:49 AM,594,17.75602,-64.61940,30.3,48.8,20.3,34.9,680.12
6/14/2026,10:14:50 AM,595,17.75601,-64.61940,30.3,48.8,20.3,34.8,704.61
6/14/2026,10:14:51 AM,596,17.75600,-64.61940,30.4,48.8,20.3,34.9,683.61
6/14/2026,10:14:52 AM,597,17.75599,-64.61940,30.2,48.9,20.3,34.9,726.69
6/14/2026,10:14:53 AM,598,17.75598,-64.61939,30.3,49,20.3,34.9,766.47
6/14/2026,10:14:54 AM,599,17.75597,-64.61939,30.4,49,20.3,34.8,770.34
6/14/2026,10:14:55 AM,600,17.75596,-64.61939,30.3,49.1,20.3,34.8,1396.18
6/14/2026,10:14:56 AM,601,17.75595,-64.61939,30.2,49.1,20.3,34.8,734.75
6/14/2026,10:14:57 AM,602,17.75594,-64.61939,30.3,49.2,20.3,34.8,732.41
6/14/2026,10:14:58 AM,603,17.75593,-64.61939,30.3,49.1,20.3,34.8,644.87
6/14/2026,10:14:59 AM,604,17.75592,-64.61939,30.1,49.2,20.3,34.8,889.09
6/14/2026,10:15:00 AM,605,17.75592,-64.61939,30.3,49.2,20.3,34.8,580.59
6/14/2026,10:15:01 AM,606,17.75593,-64.61939,30.3,49.2,20.3,34.8,691.45
6/14/2026,10:15:02 AM,607,17.75593,-64.61939,30.3,49.2,20.4,34.8,627.55
6/14/2026,10:15:03 AM,608,17.75593,-64.61939,30.2,49.1,20.3,34.8,445.14
6/14/2026,10:15:04 AM,609,17.75593,-64.61939,30.1,49.1,20.3,34.8,260.47
6/14/2026,10:15:05 AM,610,17.75593,-64.61940,30.2,49.2,20.3,34.8,513.28
6/14/2026,10:15:06 AM,611,17.75593,-64.61940,30.1,49.1,20.3,34.8,304.87
6/14/2026,10:15:07 AM,612,17.75593,-64.61940,30.2,49.2,20.3,34.8,283.41
6/14/2026,10:15:08 AM,613,17.75593,-64.61940,30,49.1,20.3,34.8,324.61
6/14/2026,10:15:09 AM,614,17.75592,-64.61939,30.4,49.2,20.4,34.8,344.3
6/14/2026,10:15:10 AM,615,17.75593,-64.61940,30.3,49.3,20.4,34.8,349.43
6/14/2026,10:15:11 AM,616,17.75594,-64.61940,30.3,49.3,20.4,34.8,312.08
6/14/2026,10:15:12 AM,617,17.75595,-64.61940,30.3,49.4,20.4,34.8,289.81
6/14/2026,10:15:13 AM,618,17.75596,-64.61940,30.5,49.4,20.4,34.8,376.37
6/14/2026,10:15:14 AM,619,17.75597,-64.61940,30.3,49.4,20.4,34.8,330.96
6/14/2026,10:15:15 AM,620,17.75597,-64.61939,30.3,49.4,20.4,34.8,302.13
6/14/2026,10:15:16 AM,621,17.75598,-64.61939,30.3,49.4,20.4,34.8,300.62
6/14/2026,10:15:17 AM,622,17.75598,-64.61939,30.3,49.4,20.4,34.8,244.77
6/14/2026,10:15:18 AM,623,17.75598,-64.61939,30.4,49.5,20.4,34.8,277.61
6/14/2026,10:15:19 AM,624,17.75598,-64.61939,30.3,49.4,20.4,34.8,213.1
6/14/2026,10:15:20 AM,625,17.75598,-64.61939,30.4,49.5,20.4,34.8,227.82
6/14/2026,10:15:21 AM,626,17.75598,-64.61939,30.5,49.5,20.4,34.8,281.06
6/14/2026,10:15:22 AM,627,17.75598,-64.61939,30.4,49.5,20.4,34.8,336.02
6/14/2026,10:15:23 AM,628,17.75599,-64.61939,30.4,49.5,20.4,34.8,281.36
6/14/2026,10:15:24 AM,629,17.75600,-64.61940,30.4,49.4,20.4,34.7,183.85
6/14/2026,10:15:25 AM,630,17.75600,-64.61940,30.5,49.4,20.4,34.7,239.27
6/14/2026,10:15:26 AM,631,17.75601,-64.61940,30.4,49.4,20.4,34.7,548.2
6/14/2026,10:15:27 AM,632,17.75602,-64.61940,30.4,49.5,20.4,34.7,424.18
6/14/2026,10:15:28 AM,633,17.75605,-64.61941,30.6,49.5,20.4,34.7,432.49
6/14/2026,10:15:29 AM,634,17.75605,-64.61941,30.7,49.6,20.4,34.7,459.28
6/14/2026,10:15:30 AM,635,17.75606,-64.61941,30.6,49.6,20.4,34.7,743.83
6/14/2026,10:15:31 AM,636,17.75607,-64.61941,30.6,49.6,20.4,34.7,803.11
6/14/2026,10:15:32 AM,637,17.75608,-64.61941,30.6,49.6,20.4,34.7,449.13
6/14/2026,10:15:33 AM,638,17.75609,-64.61941,30.6,49.7,20.4,34.7,765.5
6/14/2026,10:15:34 AM,639,17.75610,-64.61942,30.7,49.6,20.4,34.7,776.59
6/14/2026,10:15:35 AM,640,17.75610,-64.61942,30.6,49.6,20.4,34.7,627.42
6/14/2026,10:15:36 AM,641,17.75612,-64.61942,30.6,49.6,20.4,34.7,525.16
6/14/2026,10:15:37 AM,642,17.75612,-64.61943,30.7,49.7,20.4,34.7,449.16
6/14/2026,10:15:38 AM,643,17.75613,-64.61943,30.7,49.7,20.4,34.7,490.23
6/14/2026,10:15:39 AM,644,17.75614,-64.61943,30.7,49.6,20.4,34.7,298.19
6/14/2026,10:15:40 AM,645,17.75615,-64.61944,30.9,49.7,20.4,34.7,398.52
6/14/2026,10:15:41 AM,646,17.75616,-64.61944,30.7,49.8,20.4,34.7,408.26
6/14/2026,10:15:42 AM,647,17.75617,-64.61944,30.8,49.8,20.4,34.7,491.02
6/14/2026,10:15:43 AM,648,17.75618,-64.61945,30.8,49.8,20.4,34.7,483.73
6/14/2026,10:15:44 AM,649,17.75619,-64.61945,30.8,49.9,20.5,34.8,456.83
6/14/2026,10:15:45 AM,650,17.75620,-64.61945,30.9,49.9,20.5,34.8,455.42
6/14/2026,10:15:46 AM,651,17.75621,-64.61946,30.8,49.9,20.5,34.8,479.44
6/14/2026,10:15:47 AM,652,17.75622,-64.61946,30.8,50,20.5,34.8,486.58
6/14/2026,10:15:48 AM,653,17.75623,-64.61947,30.8,50,20.5,34.8,709.75
6/14/2026,10:15:49 AM,654,17.75624,-64.61947,30.9,50.1,20.5,34.8,553.47
6/14/2026,10:15:50 AM,655,17.75624,-64.61947,30.9,50.1,20.5,34.8,545.26
6/14/2026,10:15:51 AM,656,17.75625,-64.61948,30.8,50.1,20.5,34.8,505.02
6/14/2026,10:15:52 AM,657,17.75626,-64.61948,30.7,50.1,20.5,34.8,511.62
6/14/2026,10:15:53 AM,658,17.75627,-64.61949,30.7,50.1,20.5,34.7,509.3
6/14/2026,10:15:54 AM,659,17.75628,-64.61949,30.7,50.1,20.5,34.7,592.14
6/14/2026,10:15:55 AM,660,17.75629,-64.61950,30.7,50.1,20.5,34.7,745.61
6/14/2026,10:15:56 AM,661,17.75630,-64.61950,30.7,50.1,20.5,34.7,639.94
6/14/2026,10:15:57 AM,662,17.75631,-64.61951,30.8,50.1,20.5,34.7,597.4
6/14/2026,10:15:58 AM,663,17.75632,-64.61951,30.9,50.1,20.5,34.8,863.65
6/14/2026,10:15:59 AM,664,17.75633,-64.61952,31,50.1,20.5,34.7,545.77
6/14/2026,10:16:00 AM,665,17.75634,-64.61952,30.9,50.1,20.5,34.7,496.52
6/14/2026,10:16:01 AM,666,17.75635,-64.61952,30.9,50.1,20.5,34.7,468.33
6/14/2026,10:16:02 AM,667,17.75635,-64.61952,30.9,50.2,20.5,34.7,760.17
6/14/2026,10:16:03 AM,668,17.75636,-64.61953,30.9,50.1,20.5,34.7,461.59
6/14/2026,10:16:04 AM,669,17.75637,-64.61953,31,50.2,20.5,34.7,443.49
6/14/2026,10:16:05 AM,670,17.75639,-64.61953,30.9,50.2,20.5,34.7,645.97
6/14/2026,10:16:06 AM,671,17.75639,-64.61954,31,50.2,20.5,34.7,537.56
6/14/2026,10:16:07 AM,672,17.75640,-64.61954,31,50.3,20.5,34.7,513.66
6/14/2026,10:16:08 AM,673,17.75641,-64.61954,31,50.2,20.5,34.7,459.43
6/14/2026,10:16:09 AM,674,17.75642,-64.61955,31,50.3,20.5,34.7,485.1
6/14/2026,10:16:10 AM,675,17.75643,-64.61955,31.1,50.3,20.5,34.7,490.09
6/14/2026,10:16:11 AM,676,17.75644,-64.61955,31.1,50.3,20.6,34.8,523.51
6/14/2026,10:16:12 AM,677,17.75645,-64.61956,30.9,50.4,20.6,34.8,423.2
6/14/2026,10:16:13 AM,678,17.75646,-64.61956,31,50.4,20.6,34.7,478.45
6/14/2026,10:16:14 AM,679,17.75647,-64.61957,31.2,50.4,20.5,34.7,426.62
6/14/2026,10:16:15 AM,680,17.75648,-64.61957,30.9,50.3,20.5,34.7,472.12
6/14/2026,10:16:16 AM,681,17.75648,-64.61958,31,50.4,20.5,34.7,476.87
6/14/2026,10:16:17 AM,682,17.75649,-64.61958,31.1,50.4,20.6,34.7,566.28
6/14/2026,10:16:18 AM,683,17.75650,-64.61958,31.1,50.4,20.5,34.7,589.74
6/14/2026,10:16:19 AM,684,17.75651,-64.61959,30.9,50.4,20.6,34.7,638.53
6/14/2026,10:16:20 AM,685,17.75652,-64.61959,30.9,50.4,20.5,34.7,487.91
6/14/2026,10:16:21 AM,686,17.75653,-64.61960,31,50.4,20.5,34.7,478.07
6/14/2026,10:16:22 AM,687,17.75654,-64.61960,31.1,50.4,20.5,34.7,319.84
6/14/2026,10:16:23 AM,688,17.75655,-64.61961,31,50.4,20.5,34.7,472.64
6/14/2026,10:16:24 AM,689,17.75656,-64.61961,31,50.4,20.5,34.7,507.03
6/14/2026,10:16:25 AM,690,17.75657,-64.61962,31,50.4,20.6,34.7,436.45
6/14/2026,10:16:26 AM,691,17.75658,-64.61962,30.9,50.4,20.6,34.7,429.36
6/14/2026,10:16:27 AM,692,17.75659,-64.61963,31.1,50.4,20.6,34.7,311.68
6/14/2026,10:16:28 AM,693,17.75660,-64.61963,31,50.4,20.6,34.7,326.44
6/14/2026,10:16:29 AM,694,17.75661,-64.61963,31.2,50.4,20.5,34.7,425.74
6/14/2026,10:16:30 AM,695,17.75662,-64.61964,31.1,50.5,20.6,34.7,359.27
6/14/2026,10:16:31 AM,696,17.75663,-64.61964,31.2,50.6,20.6,34.8,371.2
6/14/2026,10:16:32 AM,697,17.75664,-64.61964,31.1,50.6,20.6,34.7,389.34
6/14/2026,10:16:33 AM,698,17.75665,-64.61965,31.2,50.5,20.6,34.7,757.01
6/14/2026,10:16:34 AM,699,17.75666,-64.61965,31.1,50.5,20.6,34.7,437.32
6/14/2026,10:16:35 AM,700,17.75667,-64.61966,31.5,50.6,20.6,34.7,588.67
6/14/2026,10:16:36 AM,701,17.75668,-64.61966,31.3,50.5,20.6,34.8,456.01
6/14/2026,10:16:37 AM,702,17.75669,-64.61967,31.6,50.5,20.6,34.8,397.67
6/14/2026,10:16:38 AM,703,17.75670,-64.61967,31.4,50.5,20.6,34.8,431.43
6/14/2026,10:16:39 AM,704,17.75672,-64.61968,31.5,50.6,20.6,34.7,518.41
6/14/2026,10:16:40 AM,705,17.75673,-64.61968,31.4,50.6,20.6,34.8,312.67
6/14/2026,10:16:41 AM,706,17.75674,-64.61968,31.5,50.6,20.6,34.8,693.25
6/14/2026,10:16:42 AM,707,17.75675,-64.61969,31.7,50.7,20.6,34.8,489.63
6/14/2026,10:16:43 AM,708,17.75675,-64.61969,31.5,50.6,20.6,34.8,709.22
6/14/2026,10:16:44 AM,709,17.75676,-64.61969,31.6,50.5,20.6,34.8,742.42
6/14/2026,10:16:45 AM,710,17.75678,-64.61970,31.5,50.5,20.6,34.7,753.69
6/14/2026,10:16:46 AM,711,17.75678,-64.61971,31.7,50.5,20.6,34.8,692.01
6/14/2026,10:16:47 AM,712,17.75679,-64.61972,31.6,50.5,20.6,34.8,633.22
6/14/2026,10:16:48 AM,713,17.75680,-64.61972,31.7,50.6,20.6,34.8,563.73
6/14/2026,10:16:49 AM,714,17.75681,-64.61973,31.7,50.6,20.6,34.8,1003.84
6/14/2026,10:16:50 AM,715,17.75682,-64.61973,31.6,50.7,20.6,34.8,691.31
6/14/2026,10:16:51 AM,716,17.75683,-64.61974,31.7,50.8,20.7,34.9,628.2
6/14/2026,10:16:52 AM,717,17.75685,-64.61975,31.9,50.8,20.7,34.9,612.34
6/14/2026,10:16:53 AM,718,17.75685,-64.61975,31.9,50.8,20.7,34.8,559.05
6/14/2026,10:16:54 AM,719,17.75686,-64.61975,31.8,50.8,20.7,34.9,546.3
6/14/2026,10:16:55 AM,720,17.75687,-64.61976,31.9,50.6,20.6,34.8,422.32
6/14/2026,10:16:56 AM,721,17.75688,-64.61976,31.8,50.6,20.6,34.8,550.17
6/14/2026,10:16:57 AM,722,17.75689,-64.61976,31.9,50.6,20.6,34.8,535.78
6/14/2026,10:16:58 AM,723,17.75690,-64.61977,31.9,50.5,20.6,34.8,573.08
6/14/2026,10:16:59 AM,724,17.75691,-64.61978,31.9,50.5,20.6,34.8,452.66
6/14/2026,10:17:00 AM,725,17.75693,-64.61979,31.8,50.4,20.6,34.8,580.34
6/14/2026,10:17:01 AM,726,17.75694,-64.61979,31.8,50.4,20.6,34.8,664
6/14/2026,10:17:02 AM,727,17.75695,-64.61980,31.8,50.4,20.6,34.8,411.46
6/14/2026,10:17:03 AM,728,17.75696,-64.61980,31.8,50.4,20.6,34.8,350.78
6/14/2026,10:17:04 AM,729,17.75697,-64.61981,31.7,50.4,20.6,34.8,458.38
6/14/2026,10:17:05 AM,730,17.75698,-64.61981,31.8,50.4,20.6,34.8,393.57
6/14/2026,10:17:06 AM,731,17.75699,-64.61982,31.9,50.4,20.6,34.8,360.35
6/14/2026,10:17:07 AM,732,17.75700,-64.61982,31.9,50.4,20.6,34.8,389.52
6/14/2026,10:17:08 AM,733,17.75700,-64.61982,31.8,50.3,20.6,34.8,422.37
6/14/2026,10:17:09 AM,734,17.75701,-64.61983,31.8,50.3,20.6,34.8,397.44
6/14/2026,10:17:10 AM,735,17.75702,-64.61983,31.9,50.3,20.6,34.8,577.59
6/14/2026,10:17:11 AM,736,17.75704,-64.61984,31.7,50.3,20.6,34.8,330.86
6/14/2026,10:17:12 AM,737,17.75705,-64.61984,31.8,50.3,20.6,34.8,424.23
6/14/2026,10:17:13 AM,738,17.75706,-64.61985,31.8,50.3,20.6,34.8,470.92
6/14/2026,10:17:14 AM,739,17.75706,-64.61986,31.9,50.3,20.6,34.8,895.04
6/14/2026,10:17:15 AM,740,17.75707,-64.61986,31.7,50.3,20.6,34.8,968.53
6/14/2026,10:17:16 AM,741,17.75708,-64.61986,31.9,50.3,20.6,34.8,787.67
6/14/2026,10:17:17 AM,742,17.75710,-64.61987,31.9,50.2,20.6,34.8,913.89
6/14/2026,10:17:18 AM,743,17.75711,-64.61988,32,50.3,20.6,34.8,907.5
6/14/2026,10:17:19 AM,744,17.75712,-64.61989,31.9,50.4,20.6,34.8,819.25
6/14/2026,10:17:20 AM,745,17.75713,-64.61989,32.1,50.4,20.6,34.8,1071.89
6/14/2026,10:17:21 AM,746,17.75713,-64.61990,32.2,50.4,20.6,34.8,560.07
6/14/2026,10:17:22 AM,747,17.75714,-64.61991,32.2,50.3,20.6,34.9,862.17
6/14/2026,10:17:23 AM,748,17.75716,-64.61992,32.2,50.3,20.6,34.9,773.97
6/14/2026,10:17:24 AM,749,17.75716,-64.61993,32.1,50.3,20.6,34.9,1133.78
6/14/2026,10:17:25 AM,750,17.75717,-64.61993,32.1,50.3,20.6,34.9,1210.53
6/14/2026,10:17:26 AM,751,17.75718,-64.61994,32.2,50.3,20.6,34.9,571.08
6/14/2026,10:17:27 AM,752,17.75719,-64.61994,32.4,50.3,20.6,34.9,622.98
6/14/2026,10:17:28 AM,753,17.75720,-64.61995,32.4,50.3,20.6,34.9,541.68
6/14/2026,10:17:29 AM,754,17.75721,-64.61996,32.4,50.3,20.6,34.9,662.17
6/14/2026,10:17:30 AM,755,17.75722,-64.61997,32.3,50.3,20.6,34.9,673.05
6/14/2026,10:17:31 AM,756,17.75723,-64.61998,32.3,50.2,20.6,34.9,675.98
6/14/2026,10:17:32 AM,757,17.75723,-64.61999,32.5,50.3,20.6,34.9,672.28
6/14/2026,10:17:33 AM,758,17.75724,-64.61999,32.3,50.2,20.6,34.9,678.86
6/14/2026,10:17:34 AM,759,17.75725,-64.62000,32.3,50.2,20.6,34.9,624.45
6/14/2026,10:17:35 AM,760,17.75726,-64.62001,32.5,50.2,20.6,35,773.08
6/14/2026,10:17:36 AM,761,17.75727,-64.62002,32.5,50.2,20.6,34.9,658.41
6/14/2026,10:17:37 AM,762,17.75728,-64.62003,32.6,50.2,20.6,34.9,747.01
6/14/2026,10:17:38 AM,763,17.75728,-64.62004,32.7,50.1,20.6,34.9,737.36
6/14/2026,10:17:39 AM,764,17.75729,-64.62005,32.4,50.1,20.6,35,632.97
6/14/2026,10:17:40 AM,765,17.75730,-64.62006,32.7,50.2,20.6,35,652.78
6/14/2026,10:17:41 AM,766,17.75730,-64.62007,32.5,50.2,20.6,35,672.44
6/14/2026,10:17:42 AM,767,17.75731,-64.62008,32.5,50.2,20.6,35,707.06
6/14/2026,10:17:43 AM,768,17.75732,-64.62009,32.6,50,20.6,34.9,543.42
6/14/2026,10:17:44 AM,769,17.75732,-64.62010,32.5,50,20.6,34.9,601.47
6/14/2026,10:17:45 AM,770,17.75733,-64.62011,32.6,50,20.6,35,665.28
6/14/2026,10:17:46 AM,771,17.75734,-64.62012,32.7,49.9,20.6,35,596.47
6/14/2026,10:17:47 AM,772,17.75735,-64.62013,32.6,50,20.6,35,536.13
6/14/2026,10:17:48 AM,773,17.75736,-64.62014,32.7,50,20.6,35,420.15
6/14/2026,10:17:49 AM,774,17.75736,-64.62015,32.7,50,20.6,35,469.66
6/14/2026,10:17:50 AM,775,17.75737,-64.62016,32.5,50,20.6,35,496.95
6/14/2026,10:17:51 AM,776,17.75737,-64.62017,32.6,49.9,20.6,35,1002.86
6/14/2026,10:17:52 AM,777,17.75738,-64.62020,32.7,49.9,20.6,35,406.19
6/14/2026,10:17:53 AM,778,17.75738,-64.62020,32.6,50,20.6,35,459.28
6/14/2026,10:17:54 AM,779,17.75739,-64.62021,32.7,50,20.6,35,445.06
6/14/2026,10:17:55 AM,780,17.75739,-64.62022,32.8,50,20.6,35,476.42
6/14/2026,10:17:56 AM,781,17.75740,-64.62023,32.8,50,20.6,35,737.81
6/14/2026,10:17:57 AM,782,17.75741,-64.62024,32.7,49.9,20.6,35.1,848.89
6/14/2026,10:17:58 AM,783,17.75741,-64.62025,32.9,50,20.6,35.1,1164.71
6/14/2026,10:17:59 AM,784,17.75742,-64.62026,32.5,49.9,20.6,35.1,909.79
6/14/2026,10:18:00 AM,785,17.75742,-64.62027,32.6,49.9,20.6,35.1,844.09
6/14/2026,10:18:01 AM,786,17.75743,-64.62028,32.6,50,20.7,35.1,895.39
6/14/2026,10:18:02 AM,787,17.75744,-64.62030,32.8,49.9,20.7,35.1,854.39
6/14/2026,10:18:03 AM,788,17.75744,-64.62030,32.8,49.9,20.6,35.1,763.39
6/14/2026,10:18:04 AM,789,17.75744,-64.62031,32.7,49.8,20.6,35.1,991.92
6/14/2026,10:18:05 AM,790,17.75745,-64.62032,32.9,49.9,20.6,35.1,957.95
6/14/2026,10:18:06 AM,791,17.75745,-64.62033,32.8,49.9,20.6,35.1,804.29
6/14/2026,10:18:07 AM,792,17.75746,-64.62034,32.9,49.9,20.7,35.1,862.29
6/14/2026,10:18:08 AM,793,17.75747,-64.62035,33.1,49.9,20.7,35.2,862.97
6/14/2026,10:18:09 AM,794,17.75747,-64.62037,32.8,49.8,20.6,35.2,866.65
6/14/2026,10:18:10 AM,795,17.75747,-64.62038,33,49.8,20.7,35.2,793.75
6/14/2026,10:18:11 AM,796,17.75747,-64.62039,32.8,49.8,20.6,35.2,778.29
6/14/2026,10:18:12 AM,797,17.75747,-64.62040,32.9,49.9,20.7,35.2,776.79
6/14/2026,10:18:13 AM,798,17.75747,-64.62041,32.7,49.8,20.6,35.2,761.44
6/14/2026,10:18:14 AM,799,17.75747,-64.62042,32.8,49.7,20.6,35.2,745.51
6/14/2026,10:18:15 AM,800,17.75747,-64.62043,32.7,49.7,20.6,35.2,743.47
6/14/2026,10:18:16 AM,801,17.75747,-64.62045,32.7,49.7,20.6,35.2,922.89
6/14/2026,10:18:17 AM,802,17.75746,-64.62046,32.9,49.6,20.6,35.2,830.61
6/14/2026,10:18:18 AM,803,17.75746,-64.62047,32.8,49.6,20.6,35.2,844.45
6/14/2026,10:18:19 AM,804,17.75746,-64.62048,32.9,49.6,20.6,35.2,827.73
6/14/2026,10:18:20 AM,805,17.75746,-64.62049,32.9,49.6,20.6,35.2,782.04
6/14/2026,10:18:21 AM,806,17.75745,-64.62050,32.8,49.6,20.6,35.2,785.56
6/14/2026,10:18:22 AM,807,17.75745,-64.62051,32.9,49.6,20.6,35.3,800.47
6/14/2026,10:18:23 AM,808,17.75745,-64.62052,32.8,49.5,20.6,35.3,940.57
6/14/2026,10:18:24 AM,809,17.75745,-64.62054,32.8,49.5,20.6,35.3,976.64
6/14/2026,10:18:25 AM,810,17.75744,-64.62054,32.9,49.5,20.6,35.3,842.5
6/14/2026,10:18:26 AM,811,17.75744,-64.62056,32.9,49.5,20.6,35.3,909.11
6/14/2026,10:18:27 AM,812,17.75744,-64.62057,32.9,49.4,20.6,35.3,942.42
6/14/2026,10:18:28 AM,813,17.75744,-64.62058,32.9,49.4,20.6,35.3,900.7
6/14/2026,10:18:29 AM,814,17.75743,-64.62059,32.8,49.4,20.6,35.3,746.19
6/14/2026,10:18:30 AM,815,17.75743,-64.62061,32.7,49.4,20.6,35.3,713.5
6/14/2026,10:18:31 AM,816,17.75743,-64.62061,32.9,49.3,20.6,35.3,789.28
6/14/2026,10:18:32 AM,817,17.75743,-64.62062,32.9,49.3,20.6,35.3,721.22
6/14/2026,10:18:33 AM,818,17.75743,-64.62064,32.7,49.3,20.6,35.3,724.72
6/14/2026,10:18:34 AM,819,17.75742,-64.62065,32.8,49.2,20.6,35.3,793.5
6/14/2026,10:18:35 AM,820,17.75742,-64.62066,32.8,49.2,20.6,35.3,947.01
6/14/2026,10:18:36 AM,821,17.75742,-64.62067,32.8,49.2,20.6,35.3,923.7
6/14/2026,10:18:37 AM,822,17.75741,-64.62068,32.8,49.2,20.6,35.3,874.39
6/14/2026,10:18:38 AM,823,17.75741,-64.62070,32.8,49.3,20.6,35.3,863.43
6/14/2026,10:18:39 AM,824,17.75741,-64.62072,32.8,49.2,20.6,35.4,903.45
6/14/2026,10:18:40 AM,825,17.75741,-64.62072,32.8,49.2,20.6,35.4,951.56
6/14/2026,10:18:41 AM,826,17.75741,-64.62073,32.9,49.3,20.6,35.4,889.62
6/14/2026,10:18:42 AM,827,17.75740,-64.62074,32.9,49.2,20.6,35.4,930.31
6/14/2026,10:18:43 AM,828,17.75740,-64.62075,32.9,49.3,20.6,35.4,882.75
6/14/2026,10:18:44 AM,829,17.75740,-64.62077,32.9,49.2,20.6,35.4,850.76
6/14/2026,10:18:45 AM,830,17.75739,-64.62079,32.7,49.2,20.6,35.4,918.54
6/14/2026,10:18:46 AM,831,17.75739,-64.62079,32.6,49.2,20.6,35.4,819.48
6/14/2026,10:18:47 AM,832,17.75739,-64.62080,32.8,49.2,20.6,35.4,764.73
6/14/2026,10:18:48 AM,833,17.75739,-64.62082,32.5,49.2,20.6,35.4,718.48
6/14/2026,10:18:49 AM,834,17.75739,-64.62083,32.8,49.2,20.6,35.4,794.84
6/14/2026,10:18:50 AM,835,17.75739,-64.62084,32.8,49.2,20.6,35.4,806.5
6/14/2026,10:18:51 AM,836,17.75739,-64.62085,32.6,49.1,20.6,35.4,720.5
6/14/2026,10:18:52 AM,837,17.75739,-64.62086,32.5,49,20.6,35.4,740.03
6/14/2026,10:18:53 AM,838,17.75739,-64.62088,32.6,49,20.6,35.4,790.08
6/14/2026,10:18:54 AM,839,17.75739,-64.62091,32.6,49.1,20.6,35.4,847.23
6/14/2026,10:18:55 AM,840,17.75739,-64.62091,32.4,48.9,20.6,35.4,790.47
6/14/2026,10:18:56 AM,841,17.75738,-64.62092,32.6,48.9,20.6,35.4,783.2
6/14/2026,10:18:57 AM,842,17.75738,-64.62093,32.7,48.9,20.6,35.4,721.01
6/14/2026,10:18:58 AM,843,17.75738,-64.62094,32.5,48.9,20.6,35.4,717.26
6/14/2026,10:18:59 AM,844,17.75738,-64.62095,32.7,48.9,20.6,35.4,784.9
6/14/2026,10:19:00 AM,845,17.75739,-64.62097,32.7,48.9,20.6,35.4,929.56
6/14/2026,10:19:01 AM,846,17.75739,-64.62098,32.5,48.9,20.6,35.4,678.83
6/14/2026,10:19:02 AM,847,17.75739,-64.62100,32.9,48.9,20.6,35.4,727.76
6/14/2026,10:19:03 AM,848,17.75739,-64.62101,32.6,49,20.6,35.5,869.28
6/14/2026,10:19:04 AM,849,17.75739,-64.62102,32.5,49,20.6,35.5,780.23
6/14/2026,10:19:05 AM,850,17.75739,-64.62104,32.6,49,20.6,35.5,694.83
6/14/2026,10:19:06 AM,851,17.75739,-64.62105,32.8,49,20.6,35.5,829.28
6/14/2026,10:19:07 AM,852,17.75739,-64.62106,32.7,49.1,20.6,35.5,866.19
6/14/2026,10:19:08 AM,853,17.75739,-64.62108,32.8,49.1,20.7,35.5,810.94
6/14/2026,10:19:09 AM,854,17.75739,-64.62110,32.7,49.1,20.7,35.5,794.87
6/14/2026,10:19:10 AM,855,17.75739,-64.62110,32.8,49.1,20.7,35.6,811.12
6/14/2026,10:19:11 AM,856,17.75739,-64.62112,32.9,49.1,20.7,35.6,793.58
6/14/2026,10:19:12 AM,857,17.75739,-64.62113,32.8,49.1,20.7,35.6,948.26
6/14/2026,10:19:13 AM,858,17.75740,-64.62115,32.9,49.1,20.7,35.6,862.03
6/14/2026,10:19:14 AM,859,17.75740,-64.62116,32.8,49.2,20.7,35.6,830.22
6/14/2026,10:19:15 AM,860,17.75740,-64.62117,32.9,49.2,20.7,35.6,833.94
6/14/2026,10:19:16 AM,861,17.75740,-64.62119,32.9,49.2,20.7,35.6,824.47
6/14/2026,10:19:17 AM,862,17.75740,-64.62120,33,49.2,20.7,35.6,762.86
6/14/2026,10:19:18 AM,863,17.75740,-64.62120,33,49.3,20.8,35.7,788.87
6/14/2026,10:19:19 AM,864,17.75740,-64.62121,32.9,49.2,20.8,35.7,767.7
6/14/2026,10:19:20 AM,865,17.75741,-64.62125,32.8,49.2,20.7,35.6,807.23
6/14/2026,10:19:21 AM,866,17.75741,-64.62125,32.8,49.2,20.8,35.7,836.23
6/14/2026,10:19:22 AM,867,17.75742,-64.62126,32.9,49.2,20.8,35.7,733.33
6/14/2026,10:19:23 AM,868,17.75742,-64.62127,32.9,49.2,20.8,35.7,742.67
6/14/2026,10:19:24 AM,869,17.75742,-64.62129,32.9,49.1,20.7,35.6,769.48
6/14/2026,10:19:25 AM,870,17.75742,-64.62130,33,49.2,20.8,35.7,648.78
6/14/2026,10:19:26 AM,871,17.75742,-64.62131,32.9,49.2,20.8,35.7,622.17
6/14/2026,10:19:27 AM,872,17.75743,-64.62133,32.9,49.2,20.8,35.7,653.17
6/14/2026,10:19:28 AM,873,17.75743,-64.62134,32.9,49.1,20.7,35.7,657.55
6/14/2026,10:19:29 AM,874,17.75743,-64.62136,33,49.1,20.8,35.7,321.1
6/14/2026,10:19:30 AM,875,17.75743,-64.62136,33,49.1,20.8,35.7,268.61
6/14/2026,10:19:31 AM,876,17.75744,-64.62137,33,49.2,20.8,35.7,304.62
6/14/2026,10:19:32 AM,877,17.75744,-64.62138,32.8,49.2,20.8,35.7,446.97
6/14/2026,10:19:33 AM,878,17.75744,-64.62141,33.1,49.1,20.8,35.7,751.94
6/14/2026,10:19:34 AM,879,17.75744,-64.62141,33,49,20.8,35.7,460.41
6/14/2026,10:19:35 AM,880,17.75744,-64.62142,33,48.9,20.7,35.7,940.78
6/14/2026,10:19:36 AM,881,17.75744,-64.62144,32.9,48.9,20.7,35.7,665.51
6/14/2026,10:19:37 AM,882,17.75744,-64.62144,32.9,48.8,20.7,35.7,675.5
6/14/2026,10:19:38 AM,883,17.75745,-64.62145,32.8,48.9,20.7,35.7,645.55
6/14/2026,10:19:39 AM,884,17.75745,-64.62147,32.8,48.9,20.7,35.7,791.15
6/14/2026,10:19:40 AM,885,17.75746,-64.62149,32.8,49,20.7,35.7,979.42
6/14/2026,10:19:41 AM,886,17.75746,-64.62149,32.8,48.9,20.7,35.7,674.76
6/14/2026,10:19:42 AM,887,17.75746,-64.62150,32.8,48.9,20.7,35.8,688.51
6/14/2026,10:19:43 AM,888,17.75746,-64.62151,32.8,48.9,20.7,35.7,736.75
6/14/2026,10:19:44 AM,889,17.75747,-64.62152,32.9,48.9,20.8,35.8,618.01
6/14/2026,10:19:45 AM,890,17.75747,-64.62155,32.9,49,20.8,35.8,661.31
6/14/2026,10:19:46 AM,891,17.75747,-64.62155,32.9,48.8,20.7,35.7,672.56
6/14/2026,10:19:47 AM,892,17.75748,-64.62156,32.6,48.9,20.8,35.8,649.87
6/14/2026,10:19:48 AM,893,17.75748,-64.62159,32.8,48.9,20.7,35.8,606.25
6/14/2026,10:19:49 AM,894,17.75748,-64.62159,33,48.9,20.7,35.8,621.73
6/14/2026,10:19:50 AM,895,17.75748,-64.62160,32.8,48.9,20.7,35.8,680.84
6/14/2026,10:19:51 AM,896,17.75748,-64.62161,32.8,48.9,20.8,35.8,1031.99
6/14/2026,10:19:52 AM,897,17.75748,-64.62162,32.8,48.9,20.8,35.8,949
6/14/2026,10:19:53 AM,898,17.75748,-64.62162,32.9,48.8,20.7,35.8,939.09
6/14/2026,10:19:54 AM,899,17.75748,-64.62164,32.9,48.8,20.7,35.8,794.25
6/14/2026,10:19:55 AM,900,17.75748,-64.62165,32.9,48.7,20.7,35.8,580.31
6/14/2026,10:19:56 AM,901,17.75748,-64.62165,32.6,48.7,20.7,35.8,608.08
6/14/2026,10:19:57 AM,902,17.75748,-64.62166,32.8,48.7,20.7,35.8,842.15
6/14/2026,10:19:58 AM,903,17.75748,-64.62168,32.7,48.7,20.7,35.8,738.37
6/14/2026,10:19:59 AM,904,17.75748,-64.62168,32.7,48.7,20.7,35.7,567.14
6/14/2026,10:20:00 AM,905,17.75749,-64.62171,32.7,48.7,20.7,35.7,629.56
6/14/2026,10:20:01 AM,906,17.75749,-64.62171,32.6,48.7,20.7,35.8,778.01
6/14/2026,10:20:02 AM,907,17.75749,-64.62172,32.8,48.7,20.7,35.7,714.37
6/14/2026,10:20:03 AM,908,17.75749,-64.62174,32.6,48.7,20.7,35.7,683.4
6/14/2026,10:20:04 AM,909,17.75750,-64.62175,32.6,48.7,20.7,35.8,658.28