Date,Time,Elapsed Seconds,Latitude,Longitude,Temperature Probe-Temperature (&#x2103;),Humidity-Humidity (%RH),Dew Point-Dew Point (&#x2103;),Ambient Light Intensity-Light (lux),Heat Index-Heat Index (&#x2103;)
6/10/2026,11:56:36 AM,0,17.74569,-64.71137,31.3,54.9,21.6,656.98,35.2
6/10/2026,11:56:37 AM,1,17.74568,-64.71139,31.3,54.8,21.6,698.56,35.2
6/10/2026,11:56:38 AM,2,17.74568,-64.71140,31.1,54.8,21.6,648.89,35.2
6/10/2026,11:56:39 AM,3,17.74568,-64.71141,31.2,54.8,21.6,604.34,35.3
6/10/2026,11:56:40 AM,4,17.74568,-64.71142,31.2,54.8,21.6,648.78,35.2
6/10/2026,11:56:41 AM,5,17.74568,-64.71143,31.2,54.8,21.6,722.23,35.3
6/10/2026,11:56:42 AM,6,17.74567,-64.71144,31,54.8,21.6,717.89,35.3
6/10/2026,11:56:43 AM,7,17.74567,-64.71144,31.1,54.9,21.7,673.59,35.3
6/10/2026,11:56:44 AM,8,17.74567,-64.71146,31.2,54.9,21.7,681.37,35.3
6/10/2026,11:56:45 AM,9,17.74567,-64.71147,31.2,54.9,21.7,686.39,35.3
6/10/2026,11:56:46 AM,10,17.74566,-64.71148,31.3,54.9,21.7,670.95,35.3
6/10/2026,11:56:47 AM,11,17.74567,-64.71149,31.3,54.9,21.7,657,35.3
6/10/2026,11:56:48 AM,12,17.74566,-64.71151,31.3,54.9,21.7,705.09,35.3
6/10/2026,11:56:49 AM,13,17.74566,-64.71151,31.4,54.9,21.7,660.05,35.3
6/10/2026,11:56:50 AM,14,17.74566,-64.71153,31.1,54.9,21.7,643.64,35.3
6/10/2026,11:56:51 AM,15,17.74566,-64.71154,31.3,54.8,21.7,598.51,35.3
6/10/2026,11:56:52 AM,16,17.74565,-64.71154,31.1,54.8,21.7,612.26,35.3
6/10/2026,11:56:53 AM,17,17.74565,-64.71155,31.1,54.8,21.7,654.87,35.3
6/10/2026,11:56:54 AM,18,17.74565,-64.71157,31.1,54.9,21.7,618.5,35.3
6/10/2026,11:56:55 AM,19,17.74564,-64.71158,31.1,54.9,21.7,629.36,35.3
6/10/2026,11:56:56 AM,20,17.74564,-64.71159,31.1,54.9,21.7,638.48,35.3
6/10/2026,11:56:57 AM,21,17.74564,-64.71160,31.2,54.8,21.7,718.54,35.3
6/10/2026,11:56:58 AM,22,17.74564,-64.71161,31,54.8,21.7,661.47,35.3
6/10/2026,11:56:59 AM,23,17.74563,-64.71162,31.1,54.8,21.6,623.76,35.3
6/10/2026,11:57:00 AM,24,17.74563,-64.71163,30.9,54.7,21.6,646.05,35.3
6/10/2026,11:57:01 AM,25,17.74564,-64.71165,31,54.7,21.6,680.53,35.3
6/10/2026,11:57:02 AM,26,17.74563,-64.71166,31,54.7,21.6,673.31,35.3
6/10/2026,11:57:03 AM,27,17.74563,-64.71167,30.9,54.7,21.6,682.03,35.3
6/10/2026,11:57:04 AM,28,17.74563,-64.71168,30.8,54.7,21.6,632.09,35.3
6/10/2026,11:57:05 AM,29,17.74563,-64.71168,30.9,54.7,21.6,676.51,35.3
6/10/2026,11:57:06 AM,30,17.74562,-64.71169,30.9,54.7,21.6,643.36,35.3
6/10/2026,11:57:07 AM,31,17.74562,-64.71171,30.8,54.5,21.6,672.39,35.3
6/10/2026,11:57:08 AM,32,17.74562,-64.71172,30.8,54.2,21.5,654.34,35.2
6/10/2026,11:57:09 AM,33,17.74561,-64.71173,30.9,54.3,21.5,635.3,35.2
6/10/2026,11:57:10 AM,34,17.74561,-64.71174,30.9,54.4,21.5,654.78,35.2
6/10/2026,11:57:11 AM,35,17.74561,-64.71175,30.9,54.2,21.5,641.26,35.2
6/10/2026,11:57:12 AM,36,17.74561,-64.71176,30.8,54.2,21.5,666.39,35.1
6/10/2026,11:57:13 AM,37,17.74561,-64.71177,30.9,54.1,21.5,654.81,35.1
6/10/2026,11:57:14 AM,38,17.74560,-64.71178,30.8,54.1,21.5,675.56,35.1
6/10/2026,11:57:15 AM,39,17.74560,-64.71180,30.7,54.2,21.5,661.51,35.2
6/10/2026,11:57:16 AM,40,17.74560,-64.71181,30.7,54,21.4,690.2,35.1
6/10/2026,11:57:17 AM,41,17.74560,-64.71182,30.6,53.9,21.4,694.08,35.1
6/10/2026,11:57:18 AM,42,17.74560,-64.71183,30.5,54,21.4,729.73,35.1
6/10/2026,11:57:19 AM,43,17.74560,-64.71185,30.7,54.2,21.5,665.64,35.2
6/10/2026,11:57:20 AM,44,17.74560,-64.71186,30.6,54.2,21.5,663.06,35.2
6/10/2026,11:57:21 AM,45,17.74560,-64.71186,30.7,54.3,21.5,633.45,35.2
6/10/2026,11:57:22 AM,46,17.74559,-64.71187,30.7,54.4,21.5,661.09,35.2
6/10/2026,11:57:23 AM,47,17.74559,-64.71189,30.8,54.5,21.6,659.26,35.2
6/10/2026,11:57:24 AM,48,17.74558,-64.71189,30.7,54.5,21.6,657.58,35.2
6/10/2026,11:57:25 AM,49,17.74558,-64.71192,30.7,54.5,21.6,629.7,35.2
6/10/2026,11:57:26 AM,50,17.74557,-64.71193,31,54.6,21.6,609.31,35.2
6/10/2026,11:57:27 AM,51,17.74557,-64.71194,30.7,54.6,21.6,585.76,35.2
6/10/2026,11:57:28 AM,52,17.74557,-64.71196,30.7,54.6,21.6,602.91,35.3
6/10/2026,11:57:29 AM,53,17.74556,-64.71197,30.9,54.6,21.6,637.41,35.3
6/10/2026,11:57:30 AM,54,17.74556,-64.71196,30.7,54.6,21.6,635.58,35.3
6/10/2026,11:57:31 AM,55,17.74556,-64.71198,30.7,54.7,21.6,657.33,35.3
6/10/2026,11:57:32 AM,56,17.74556,-64.71199,30.7,54.7,21.6,702.56,35.3
6/10/2026,11:57:33 AM,57,17.74556,-64.71200,30.9,54.8,21.7,646.48,35.3
6/10/2026,11:57:34 AM,58,17.74556,-64.71202,30.9,54.8,21.6,629.84,35.3
6/10/2026,11:57:35 AM,59,17.74556,-64.71203,30.8,54.8,21.7,670.61,35.3
6/10/2026,11:57:36 AM,60,17.74555,-64.71204,30.9,54.8,21.7,654.51,35.3
6/10/2026,11:57:37 AM,61,17.74555,-64.71205,30.9,54.8,21.7,641.78,35.3
6/10/2026,11:57:38 AM,62,17.74554,-64.71206,31.1,54.8,21.7,636.26,35.3
6/10/2026,11:57:39 AM,63,17.74554,-64.71207,31,54.8,21.7,646.22,35.3
6/10/2026,11:57:40 AM,64,17.74554,-64.71208,30.9,54.8,21.7,580.61,35.3
6/10/2026,11:57:41 AM,65,17.74553,-64.71209,31,54.8,21.7,622.69,35.3
6/10/2026,11:57:42 AM,66,17.74553,-64.71211,30.9,54.8,21.7,615.64,35.4
6/10/2026,11:57:43 AM,67,17.74553,-64.71212,31,54.8,21.7,655.11,35.3
6/10/2026,11:57:44 AM,68,17.74553,-64.71213,31,54.8,21.7,666.95,35.3
6/10/2026,11:57:45 AM,69,17.74553,-64.71214,31,54.8,21.7,598.58,35.4
6/10/2026,11:57:46 AM,70,17.74553,-64.71215,30.9,54.8,21.7,632.66,35.3
6/10/2026,11:57:47 AM,71,17.74553,-64.71216,31,54.8,21.7,659.95,35.3
6/10/2026,11:57:48 AM,72,17.74553,-64.71217,31,54.8,21.7,638.16,35.3
6/10/2026,11:57:49 AM,73,17.74552,-64.71218,31.2,54.8,21.7,628.95,35.3
6/10/2026,11:57:50 AM,74,17.74552,-64.71220,31,54.8,21.7,639.61,35.4
6/10/2026,11:57:51 AM,75,17.74552,-64.71221,30.9,54.8,21.7,623.89,35.4
6/10/2026,11:57:52 AM,76,17.74551,-64.71222,31.1,54.8,21.7,623.8,35.3
6/10/2026,11:57:53 AM,77,17.74551,-64.71223,31.2,54.8,21.7,605.89,35.4
6/10/2026,11:57:54 AM,78,17.74551,-64.71224,31,54.8,21.7,590.51,35.4
6/10/2026,11:57:55 AM,79,17.74550,-64.71225,31.2,54.8,21.7,645.28,35.3
6/10/2026,11:57:56 AM,80,17.74550,-64.71227,31,54.7,21.7,671.2,35.4
6/10/2026,11:57:57 AM,81,17.74549,-64.71228,31.1,54.7,21.7,624.08,35.3
6/10/2026,11:57:58 AM,82,17.74549,-64.71229,31.3,54.7,21.7,544.05,35.4
6/10/2026,11:57:59 AM,83,17.74548,-64.71230,31.1,54.7,21.7,566.19,35.4
6/10/2026,11:58:00 AM,84,17.74548,-64.71231,31.2,54.7,21.7,597.28,35.4
6/10/2026,11:58:01 AM,85,17.74548,-64.71232,31.2,54.7,21.7,553.78,35.4
6/10/2026,11:58:02 AM,86,17.74548,-64.71234,31,54.6,21.6,584.31,35.3
6/10/2026,11:58:03 AM,87,17.74547,-64.71235,31,54.6,21.6,579.26,35.3
6/10/2026,11:58:04 AM,88,17.74547,-64.71236,31.1,54.6,21.6,569.84,35.3
6/10/2026,11:58:05 AM,89,17.74547,-64.71237,31.2,54.5,21.6,556.16,35.3
6/10/2026,11:58:06 AM,90,17.74547,-64.71238,31.1,54.3,21.6,542.95,35.3
6/10/2026,11:58:07 AM,91,17.74547,-64.71239,31.1,54.3,21.6,570.36,35.3
6/10/2026,11:58:08 AM,92,17.74547,-64.71239,30.9,54.3,21.6,567.62,35.3
6/10/2026,11:58:09 AM,93,17.74546,-64.71240,31,54.3,21.6,558.36,35.3
6/10/2026,11:58:10 AM,94,17.74546,-64.71241,31.2,54.4,21.6,564.12,35.3
6/10/2026,11:58:11 AM,95,17.74546,-64.71242,31,54.5,21.6,617.61,35.3
6/10/2026,11:58:12 AM,96,17.74546,-64.71243,31.1,54.5,21.6,550.41,35.4
6/10/2026,11:58:13 AM,97,17.74546,-64.71243,31.1,54.6,21.6,559.37,35.4
6/10/2026,11:58:14 AM,98,17.74546,-64.71245,31.1,54.6,21.7,609.22,35.4
6/10/2026,11:58:15 AM,99,17.74546,-64.71246,31,54.6,21.7,601.75,35.4
6/10/2026,11:58:16 AM,100,17.74545,-64.71247,31.1,54.6,21.6,584.19,35.4
6/10/2026,11:58:17 AM,101,17.74545,-64.71249,31.1,54.6,21.7,574.16,35.4
6/10/2026,11:58:18 AM,102,17.74545,-64.71250,31.2,54.7,21.7,545.16,35.4
6/10/2026,11:58:19 AM,103,17.74544,-64.71252,31.2,54.7,21.7,604.84,35.4
6/10/2026,11:58:20 AM,104,17.74544,-64.71253,31.1,54.7,21.7,580.56,35.4
6/10/2026,11:58:21 AM,105,17.74544,-64.71253,31.1,54.7,21.7,647.98,35.4
6/10/2026,11:58:22 AM,106,17.74544,-64.71254,31.1,54.7,21.7,613.87,35.4
6/10/2026,11:58:23 AM,107,17.74544,-64.71255,31.1,54.7,21.7,604.39,35.4
6/10/2026,11:58:24 AM,108,17.74543,-64.71257,31,54.6,21.7,572.33,35.4
6/10/2026,11:58:25 AM,109,17.74543,-64.71258,31.1,54.6,21.7,457.03,35.4
6/10/2026,11:58:26 AM,110,17.74543,-64.71259,31,54.6,21.7,464.58,35.4
6/10/2026,11:58:27 AM,111,17.74543,-64.71260,31.1,54.6,21.7,434.06,35.4
6/10/2026,11:58:28 AM,112,17.74542,-64.71261,31.1,54.6,21.7,453.97,35.4
6/10/2026,11:58:29 AM,113,17.74542,-64.71263,31,54.6,21.7,351.39,35.4
6/10/2026,11:58:30 AM,114,17.74542,-64.71264,31.1,54.6,21.7,579.19,35.4
6/10/2026,11:58:31 AM,115,17.74542,-64.71264,31.2,54.8,21.7,629.92,35.5
6/10/2026,11:58:32 AM,116,17.74542,-64.71266,31.2,54.8,21.8,558.89,35.5
6/10/2026,11:58:33 AM,117,17.74542,-64.71267,31.2,55,21.8,577.05,35.5
6/10/2026,11:58:34 AM,118,17.74542,-64.71268,31.3,54.9,21.8,597.34,35.5
6/10/2026,11:58:35 AM,119,17.74541,-64.71269,31.2,54.9,21.8,613.31,35.5
6/10/2026,11:58:36 AM,120,17.74541,-64.71271,31.4,54.9,21.8,582.69,35.5
6/10/2026,11:58:37 AM,121,17.74541,-64.71272,31.2,55,21.8,591.33,35.5
6/10/2026,11:58:38 AM,122,17.74540,-64.71274,31.2,54.9,21.8,398.3,35.5
6/10/2026,11:58:39 AM,123,17.74540,-64.71275,31.2,55,21.8,402.96,35.5
6/10/2026,11:58:40 AM,124,17.74539,-64.71276,31.3,55,21.8,375.96,35.6
6/10/2026,11:58:41 AM,125,17.74539,-64.71278,31.2,55,21.8,372.48,35.6
6/10/2026,11:58:42 AM,126,17.74539,-64.71279,31.5,55,21.8,370.88,35.6
6/10/2026,11:58:43 AM,127,17.74538,-64.71280,31.3,55,21.8,381.86,35.6
6/10/2026,11:58:44 AM,128,17.74538,-64.71281,31.3,55,21.8,407.49,35.6
6/10/2026,11:58:45 AM,129,17.74538,-64.71282,31.4,55.1,21.8,367.48,35.6
6/10/2026,11:58:46 AM,130,17.74538,-64.71284,31.2,55.1,21.8,417.93,35.6
6/10/2026,11:58:47 AM,131,17.74538,-64.71285,31.3,55.1,21.8,379.05,35.6
6/10/2026,11:58:48 AM,132,17.74537,-64.71286,31.4,55.1,21.8,316.03,35.6
6/10/2026,11:58:49 AM,133,17.74537,-64.71287,31.5,55,21.8,375.41,35.6
6/10/2026,11:58:50 AM,134,17.74537,-64.71289,31.6,55,21.8,395.51,35.6
6/10/2026,11:58:51 AM,135,17.74536,-64.71290,31.4,54.9,21.8,458.96,35.6
6/10/2026,11:58:52 AM,136,17.74536,-64.71292,31.4,54.9,21.8,354.18,35.6
6/10/2026,11:58:53 AM,137,17.74536,-64.71293,31.4,54.8,21.8,379.03,35.5
6/10/2026,11:58:54 AM,138,17.74535,-64.71295,31.5,54.7,21.7,399.56,35.5
6/10/2026,11:58:55 AM,139,17.74535,-64.71296,31.4,54.7,21.7,332.42,35.5
6/10/2026,11:58:56 AM,140,17.74535,-64.71297,31.5,54.7,21.8,348.83,35.6
6/10/2026,11:58:57 AM,141,17.74535,-64.71298,31.4,54.7,21.7,334.04,35.5
6/10/2026,11:58:58 AM,142,17.74535,-64.71299,31.3,54.7,21.7,353.27,35.5
6/10/2026,11:58:59 AM,143,17.74535,-64.71301,31.3,54.7,21.7,346.48,35.5
6/10/2026,11:59:00 AM,144,17.74534,-64.71302,31.4,54.8,21.8,396.12,35.6
6/10/2026,11:59:01 AM,145,17.74535,-64.71304,31.6,54.8,21.8,432.65,35.6
6/10/2026,11:59:02 AM,146,17.74535,-64.71305,31.3,54.8,21.8,465.93,35.6
6/10/2026,11:59:03 AM,147,17.74535,-64.71307,31.4,54.8,21.8,478.54,35.6
6/10/2026,11:59:04 AM,148,17.74535,-64.71308,31.4,54.8,21.8,534.61,35.6
6/10/2026,11:59:05 AM,149,17.74535,-64.71310,31.4,54.9,21.8,488.84,35.6
6/10/2026,11:59:06 AM,150,17.74535,-64.71310,31.6,54.9,21.8,448.1,35.6
6/10/2026,11:59:07 AM,151,17.74536,-64.71311,31.4,54.9,21.8,385.39,35.6
6/10/2026,11:59:08 AM,152,17.74536,-64.71312,31.6,54.9,21.8,350.33,35.7
6/10/2026,11:59:09 AM,153,17.74536,-64.71313,31.3,54.9,21.8,350.17,35.6
6/10/2026,11:59:10 AM,154,17.74537,-64.71315,31.4,54.8,21.8,302.99,35.6
6/10/2026,11:59:11 AM,155,17.74537,-64.71316,31.5,54.8,21.8,277.16,35.7
6/10/2026,11:59:12 AM,156,17.74537,-64.71317,31.3,54.8,21.8,242.37,35.6
6/10/2026,11:59:13 AM,157,17.74538,-64.71319,31.3,54.8,21.8,271.09,35.6
6/10/2026,11:59:14 AM,158,17.74538,-64.71320,31.3,54.7,21.8,275.32,35.6
6/10/2026,11:59:15 AM,159,17.74539,-64.71321,31.4,54.7,21.8,251.07,35.6
6/10/2026,11:59:16 AM,160,17.74539,-64.71322,31.3,54.7,21.8,260.39,35.6
6/10/2026,11:59:17 AM,161,17.74541,-64.71323,31.2,54.7,21.8,293.15,35.6
6/10/2026,11:59:18 AM,162,17.74542,-64.71324,31.2,54.7,21.8,253.64,35.6
6/10/2026,11:59:19 AM,163,17.74543,-64.71324,31.1,54.7,21.8,220.06,35.6
6/10/2026,11:59:20 AM,164,17.74544,-64.71325,31.3,54.7,21.8,246.59,35.6
6/10/2026,11:59:21 AM,165,17.74545,-64.71325,31.2,54.7,21.8,232.98,35.6
6/10/2026,11:59:22 AM,166,17.74547,-64.71325,31.5,54.8,21.8,232.66,35.6
6/10/2026,11:59:23 AM,167,17.74548,-64.71324,31.2,54.9,21.8,290.12,35.6
6/10/2026,11:59:24 AM,168,17.74549,-64.71323,31.4,54.9,21.8,350.2,35.7
6/10/2026,11:59:25 AM,169,17.74550,-64.71322,31.4,54.9,21.8,215.11,35.6
6/10/2026,11:59:26 AM,170,17.74550,-64.71322,31.3,54.9,21.8,165.94,35.7
6/10/2026,11:59:27 AM,171,17.74551,-64.71321,31.3,54.9,21.8,193.04,35.7
6/10/2026,11:59:28 AM,172,17.74552,-64.71321,31.3,54.9,21.8,160.93,35.7
6/10/2026,11:59:29 AM,173,17.74554,-64.71321,31.3,54.9,21.8,133.23,35.6
6/10/2026,11:59:30 AM,174,17.74554,-64.71321,31.3,54.9,21.8,149.33,35.7
6/10/2026,11:59:31 AM,175,17.74555,-64.71320,31.5,54.9,21.8,114.32,35.7
6/10/2026,11:59:32 AM,176,17.74556,-64.71319,31.4,54.9,21.8,114.8,35.6
6/10/2026,11:59:33 AM,177,17.74558,-64.71319,31.5,54.9,21.8,101.26,35.7
6/10/2026,11:59:34 AM,178,17.74559,-64.71319,31.5,54.9,21.8,83.41,35.7
6/10/2026,11:59:35 AM,179,17.74560,-64.71319,31.3,54.9,21.8,100.63,35.7
6/10/2026,11:59:36 AM,180,17.74560,-64.71318,31.5,54.9,21.8,113.69,35.7
6/10/2026,11:59:37 AM,181,17.74561,-64.71317,31.5,54.9,21.8,120.59,35.7
6/10/2026,11:59:38 AM,182,17.74562,-64.71317,31.5,54.9,21.8,117.09,35.6
6/10/2026,11:59:39 AM,183,17.74563,-64.71317,31.4,54.9,21.8,144.71,35.7
6/10/2026,11:59:40 AM,184,17.74564,-64.71316,31.3,54.9,21.8,148.46,35.7
6/10/2026,11:59:41 AM,185,17.74565,-64.71315,31.4,54.9,21.8,160.63,35.7
6/10/2026,11:59:42 AM,186,17.74566,-64.71315,31.5,54.9,21.8,151.5,35.7
6/10/2026,11:59:43 AM,187,17.74566,-64.71314,31.4,54.9,21.8,130.89,35.7
6/10/2026,11:59:44 AM,188,17.74566,-64.71314,31.4,54.8,21.8,144.26,35.7
6/10/2026,11:59:45 AM,189,17.74566,-64.71314,31.3,54.8,21.8,132.73,35.7
6/10/2026,11:59:46 AM,190,17.74567,-64.71313,31.4,54.8,21.8,134.58,35.7
6/10/2026,11:59:47 AM,191,17.74568,-64.71313,31.5,54.8,21.8,121.37,35.6
6/10/2026,11:59:48 AM,192,17.74569,-64.71313,31.3,54.8,21.8,137.87,35.7
6/10/2026,11:59:49 AM,193,17.74570,-64.71313,31.4,54.8,21.8,140.91,35.7
6/10/2026,11:59:50 AM,194,17.74571,-64.71312,31.3,54.8,21.8,149.65,35.6
6/10/2026,11:59:51 AM,195,17.74571,-64.71312,31.3,54.7,21.8,132.09,35.6
6/10/2026,11:59:52 AM,196,17.74571,-64.71311,31.4,54.7,21.8,128.22,35.6
6/10/2026,11:59:53 AM,197,17.74572,-64.71310,31.2,54.7,21.8,107.74,35.6
6/10/2026,11:59:54 AM,198,17.74573,-64.71310,31.2,54.6,21.8,77.55,35.6
6/10/2026,11:59:55 AM,199,17.74573,-64.71309,31.3,54.6,21.8,74.23,35.6
6/10/2026,11:59:56 AM,200,17.74574,-64.71309,31.3,54.6,21.8,65.55,35.6
6/10/2026,11:59:57 AM,201,17.74574,-64.71308,31.4,54.6,21.7,48.27,35.6
6/10/2026,11:59:58 AM,202,17.74575,-64.71307,31.3,54.6,21.7,38.11,35.6
6/10/2026,11:59:59 AM,203,17.74575,-64.71307,31.1,54.5,21.7,22.46,35.6
6/10/2026,12:00:00 PM,204,17.74576,-64.71306,31.1,54.5,21.7,18.75,35.6
6/10/2026,12:00:01 PM,205,17.74577,-64.71304,31.2,54.5,21.7,19.5,35.6
6/10/2026,12:00:02 PM,206,17.74578,-64.71303,31.4,54.5,21.7,22.49,35.6
6/10/2026,12:00:03 PM,207,17.74578,-64.71302,31.2,54.5,21.7,24.59,35.6
6/10/2026,12:00:04 PM,208,17.74579,-64.71301,31.1,54.5,21.7,19.51,35.6
6/10/2026,12:00:05 PM,209,17.74580,-64.71301,31.1,54.5,21.7,22.84,35.6
6/10/2026,12:00:06 PM,210,17.74582,-64.71300,31.1,54.5,21.7,30.42,35.6
6/10/2026,12:00:07 PM,211,17.74582,-64.71300,31.1,54.5,21.7,40.34,35.6
6/10/2026,12:00:08 PM,212,17.74583,-64.71299,31.1,54.5,21.7,42.86,35.6
6/10/2026,12:00:09 PM,213,17.74585,-64.71298,31.1,54.5,21.7,48.43,35.6
6/10/2026,12:00:10 PM,214,17.74586,-64.71298,31,54.5,21.7,36.48,35.6
6/10/2026,12:00:11 PM,215,17.74587,-64.71298,30.9,54.5,21.7,39.76,35.6
6/10/2026,12:00:12 PM,216,17.74589,-64.71297,31,54.5,21.7,46.38,35.6
6/10/2026,12:00:13 PM,217,17.74590,-64.71296,31,54.5,21.7,53.97,35.6
6/10/2026,12:00:14 PM,218,17.74591,-64.71296,31.1,54.4,21.7,48.62,35.6
6/10/2026,12:00:15 PM,219,17.74592,-64.71296,31.2,54.5,21.7,59.71,35.6
6/10/2026,12:00:16 PM,220,17.74594,-64.71295,31,54.4,21.7,73.14,35.6
6/10/2026,12:00:17 PM,221,17.74595,-64.71294,31,54.4,21.7,77.2,35.5
6/10/2026,12:00:18 PM,222,17.74596,-64.71294,31,54.4,21.7,68.61,35.5
6/10/2026,12:00:19 PM,223,17.74597,-64.71293,31.2,54.4,21.7,88.83,35.5
6/10/2026,12:00:20 PM,224,17.74599,-64.71292,31,54.4,21.7,78.12,35.5
6/10/2026,12:00:21 PM,225,17.74600,-64.71292,31,54.3,21.6,124.53,35.5
6/10/2026,12:00:22 PM,226,17.74601,-64.71291,31,54.3,21.6,152.91,35.5
6/10/2026,12:00:23 PM,227,17.74602,-64.71290,31,54.2,21.6,189.71,35.5
6/10/2026,12:00:24 PM,228,17.74603,-64.71289,31,54.3,21.6,193.39,35.5
6/10/2026,12:00:25 PM,229,17.74604,-64.71288,30.8,54.3,21.6,191.91,35.5
6/10/2026,12:00:26 PM,230,17.74605,-64.71287,31,54.3,21.6,187.34,35.5
6/10/2026,12:00:27 PM,231,17.74606,-64.71287,31,54.3,21.6,198.98,35.5
6/10/2026,12:00:28 PM,232,17.74607,-64.71286,30.9,54.3,21.6,200.4,35.5
6/10/2026,12:00:29 PM,233,17.74608,-64.71286,30.8,54.2,21.6,192.02,35.5
6/10/2026,12:00:30 PM,234,17.74608,-64.71284,30.8,54.2,21.6,200.81,35.5
6/10/2026,12:00:31 PM,235,17.74607,-64.71283,30.9,54.2,21.6,193.24,35.5
6/10/2026,12:00:32 PM,236,17.74606,-64.71283,31.1,54.2,21.6,203.14,35.5
6/10/2026,12:00:33 PM,237,17.74605,-64.71282,30.8,54.2,21.6,221.24,35.4
6/10/2026,12:00:34 PM,238,17.74605,-64.71281,30.9,54.2,21.6,230.87,35.4
6/10/2026,12:00:35 PM,239,17.74606,-64.71281,30.9,54.2,21.6,245.22,35.4
6/10/2026,12:00:36 PM,240,17.74606,-64.71279,30.9,54.2,21.6,220.03,35.5
6/10/2026,12:00:37 PM,241,17.74606,-64.71278,30.8,54.2,21.6,222.93,35.4
6/10/2026,12:00:38 PM,242,17.74607,-64.71276,30.9,54.2,21.6,239.52,35.4
6/10/2026,12:00:39 PM,243,17.74607,-64.71275,30.9,54.2,21.6,198.39,35.4
6/10/2026,12:00:40 PM,244,17.74608,-64.71274,30.8,54.2,21.6,197.76,35.4
6/10/2026,12:00:41 PM,245,17.74608,-64.71272,30.9,54.2,21.6,198.26,35.4
6/10/2026,12:00:42 PM,246,17.74608,-64.71270,30.7,54.2,21.6,206.55,35.4
6/10/2026,12:00:43 PM,247,17.74608,-64.71269,30.9,54.2,21.6,209.47,35.5
6/10/2026,12:00:44 PM,248,17.74608,-64.71268,30.9,54.2,21.6,197.6,35.4
6/10/2026,12:00:45 PM,249,17.74608,-64.71267,31,54.2,21.6,215.55,35.4
6/10/2026,12:00:46 PM,250,17.74608,-64.71265,31.1,54.2,21.6,251.03,35.4
6/10/2026,12:00:47 PM,251,17.74608,-64.71264,30.9,54.2,21.6,209.7,35.4
6/10/2026,12:00:48 PM,252,17.74608,-64.71263,31,54.3,21.6,229.45,35.4
6/10/2026,12:00:49 PM,253,17.74609,-64.71261,31,54.3,21.6,271.98,35.5
6/10/2026,12:00:50 PM,254,17.74608,-64.71261,30.9,54.4,21.7,238.08,35.5
6/10/2026,12:00:51 PM,255,17.74608,-64.71260,31.1,54.4,21.7,290.39,35.5
6/10/2026,12:00:52 PM,256,17.74608,-64.71259,30.9,54.5,21.7,274.64,35.5
6/10/2026,12:00:53 PM,257,17.74608,-64.71259,30.9,54.5,21.7,235.09,35.5
6/10/2026,12:00:54 PM,258,17.74607,-64.71259,30.9,54.5,21.7,223.44,35.5
6/10/2026,12:00:55 PM,259,17.74607,-64.71259,31.1,54.4,21.7,224.43,35.5
6/10/2026,12:00:56 PM,260,17.74607,-64.71258,31,54.5,21.7,223.96,35.5
6/10/2026,12:00:57 PM,261,17.74607,-64.71257,31.1,54.5,21.7,224.47,35.5
6/10/2026,12:00:58 PM,262,17.74608,-64.71256,31.1,54.5,21.7,170.2,35.5
6/10/2026,12:00:59 PM,263,17.74608,-64.71255,31.1,54.6,21.7,212.89,35.5
6/10/2026,12:01:00 PM,264,17.74608,-64.71254,31.1,54.5,21.7,230.03,35.5
6/10/2026,12:01:01 PM,265,17.74609,-64.71252,31,54.5,21.7,182.95,35.5
6/10/2026,12:01:02 PM,266,17.74609,-64.71251,31.1,54.5,21.7,258.34,35.5
6/10/2026,12:01:03 PM,267,17.74610,-64.71250,31,54.5,21.7,241.27,35.5
6/10/2026,12:01:04 PM,268,17.74610,-64.71248,31.1,54.5,21.7,226.61,35.5
6/10/2026,12:01:05 PM,269,17.74610,-64.71247,31.2,54.6,21.7,179.82,35.5
6/10/2026,12:01:06 PM,270,17.74611,-64.71246,31.1,54.6,21.7,188.9,35.5
6/10/2026,12:01:07 PM,271,17.74611,-64.71245,31.1,54.6,21.7,177.81,35.5
6/10/2026,12:01:08 PM,272,17.74611,-64.71244,31,54.6,21.7,176.98,35.5
6/10/2026,12:01:09 PM,273,17.74611,-64.71243,31.1,54.6,21.7,236.09,35.5
6/10/2026,12:01:10 PM,274,17.74611,-64.71242,31.1,54.6,21.7,230.22,35.5
6/10/2026,12:01:11 PM,275,17.74611,-64.71241,31.1,54.7,21.8,185.91,35.6
6/10/2026,12:01:12 PM,276,17.74611,-64.71240,31.2,54.7,21.8,223.61,35.5
6/10/2026,12:01:13 PM,277,17.74611,-64.71239,31.1,54.7,21.7,245.62,35.5
6/10/2026,12:01:14 PM,278,17.74611,-64.71237,31.1,54.6,21.7,223.62,35.5
6/10/2026,12:01:15 PM,279,17.74611,-64.71236,31.3,54.6,21.7,195.27,35.5
6/10/2026,12:01:16 PM,280,17.74611,-64.71235,31,54.6,21.7,201.53,35.5
6/10/2026,12:01:17 PM,281,17.74612,-64.71233,31.1,54.6,21.7,256.45,35.5
6/10/2026,12:01:18 PM,282,17.74612,-64.71232,31,54.6,21.7,181.51,35.5
6/10/2026,12:01:19 PM,283,17.74612,-64.71230,31.3,54.6,21.7,211.88,35.5
6/10/2026,12:01:20 PM,284,17.74612,-64.71229,31.1,54.6,21.7,193.05,35.5
6/10/2026,12:01:21 PM,285,17.74612,-64.71228,31.1,54.6,21.7,214.16,35.5
6/10/2026,12:01:22 PM,286,17.74612,-64.71227,31.2,54.6,21.7,208.64,35.5
6/10/2026,12:01:23 PM,287,17.74612,-64.71226,31.1,54.7,21.7,176.72,35.5
6/10/2026,12:01:24 PM,288,17.74613,-64.71225,31.1,54.7,21.7,196.77,35.5
6/10/2026,12:01:25 PM,289,17.74612,-64.71224,31,54.7,21.7,227.13,35.5
6/10/2026,12:01:26 PM,290,17.74613,-64.71223,31.2,54.7,21.7,228.4,35.5
6/10/2026,12:01:27 PM,291,17.74612,-64.71223,31.1,54.7,21.7,228.65,35.5
6/10/2026,12:01:28 PM,292,17.74611,-64.71224,31.1,54.6,21.7,225.42,35.5
6/10/2026,12:01:29 PM,293,17.74611,-64.71224,31.2,54.6,21.7,225.34,35.5
6/10/2026,12:01:30 PM,294,17.74610,-64.71224,31.1,54.6,21.7,227.57,35.5
6/10/2026,12:01:31 PM,295,17.74610,-64.71224,31.2,54.6,21.7,227.99,35.5
6/10/2026,12:01:32 PM,296,17.74610,-64.71224,31.1,54.6,21.7,228.97,35.5
6/10/2026,12:01:33 PM,297,17.74610,-64.71224,31.1,54.6,21.7,228.88,35.5
6/10/2026,12:01:34 PM,298,17.74610,-64.71224,31,54.5,21.7,226.45,35.5
6/10/2026,12:01:35 PM,299,17.74609,-64.71224,31.2,54.6,21.7,223.76,35.5
6/10/2026,12:01:36 PM,300,17.74609,-64.71224,30.9,54.6,21.7,222.24,35.5
6/10/2026,12:01:37 PM,301,17.74609,-64.71224,31,54.5,21.7,217.86,35.5
6/10/2026,12:01:38 PM,302,17.74609,-64.71224,31.1,54.6,21.7,213.16,35.5
6/10/2026,12:01:39 PM,303,17.74609,-64.71224,31,54.6,21.7,214.39,35.5
6/10/2026,12:01:40 PM,304,17.74609,-64.71224,31.1,54.7,21.7,214.17,35.5
6/10/2026,12:01:41 PM,305,17.74609,-64.71224,31.1,54.6,21.7,213.06,35.5
6/10/2026,12:01:42 PM,306,17.74609,-64.71224,31.3,54.6,21.7,213.29,35.5
6/10/2026,12:01:43 PM,307,17.74609,-64.71224,31.1,54.6,21.7,212.55,35.5
6/10/2026,12:01:44 PM,308,17.74609,-64.71224,31.2,54.5,21.7,214.79,35.5
6/10/2026,12:01:45 PM,309,17.74609,-64.71224,31.1,54.6,21.7,215.95,35.5
6/10/2026,12:01:46 PM,310,17.74609,-64.71224,31.2,54.6,21.7,216.81,35.5
6/10/2026,12:01:47 PM,311,17.74609,-64.71226,31.3,54.6,21.7,214.42,35.5
6/10/2026,12:01:48 PM,312,17.74609,-64.71225,31.2,54.6,21.7,214.45,35.5
6/10/2026,12:01:49 PM,313,17.74610,-64.71224,31.1,54.6,21.7,231.59,35.5
6/10/2026,12:01:50 PM,314,17.74610,-64.71223,31.1,54.5,21.7,200.26,35.5
6/10/2026,12:01:51 PM,315,17.74610,-64.71222,31,54.5,21.7,210.57,35.5
6/10/2026,12:01:52 PM,316,17.74611,-64.71220,31.1,54.5,21.7,207.15,35.5
6/10/2026,12:01:53 PM,317,17.74611,-64.71219,31.1,54.5,21.7,207.18,35.5
6/10/2026,12:01:54 PM,318,17.74611,-64.71218,31.1,54.6,21.7,194.48,35.5
6/10/2026,12:01:55 PM,319,17.74611,-64.71217,31.1,54.7,21.7,215.99,35.5
6/10/2026,12:01:56 PM,320,17.74611,-64.71215,31,54.7,21.7,204.65,35.5
6/10/2026,12:01:57 PM,321,17.74612,-64.71215,31.1,54.7,21.8,223.77,35.6
6/10/2026,12:01:58 PM,322,17.74612,-64.71214,31.1,54.7,21.8,208.48,35.5
6/10/2026,12:01:59 PM,323,17.74612,-64.71213,31.1,54.8,21.8,198.29,35.6
6/10/2026,12:02:00 PM,324,17.74612,-64.71211,31.1,54.9,21.8,203.86,35.6
6/10/2026,12:02:01 PM,325,17.74611,-64.71209,31,54.9,21.8,209.94,35.6
6/10/2026,12:02:02 PM,326,17.74611,-64.71207,31.1,54.8,21.8,214.64,35.6
6/10/2026,12:02:03 PM,327,17.74612,-64.71206,31,54.8,21.8,215.51,35.5
6/10/2026,12:02:04 PM,328,17.74613,-64.71205,31.1,54.7,21.7,209.41,35.5
6/10/2026,12:02:05 PM,329,17.74613,-64.71204,31.1,54.7,21.7,253.9,35.5
6/10/2026,12:02:06 PM,330,17.74613,-64.71203,31,54.6,21.7,237,35.5
6/10/2026,12:02:07 PM,331,17.74613,-64.71201,31,54.6,21.7,243.57,35.5
6/10/2026,12:02:08 PM,332,17.74613,-64.71200,31,54.7,21.7,246.81,35.5
6/10/2026,12:02:09 PM,333,17.74613,-64.71199,31.1,54.7,21.7,236.66,35.5
6/10/2026,12:02:10 PM,334,17.74614,-64.71198,31.2,54.7,21.7,195.36,35.5
6/10/2026,12:02:11 PM,335,17.74614,-64.71197,31,54.8,21.8,198.36,35.6
6/10/2026,12:02:12 PM,336,17.74614,-64.71196,30.9,54.8,21.8,186.78,35.6
6/10/2026,12:02:13 PM,337,17.74614,-64.71195,31.1,54.8,21.8,205.45,35.6
6/10/2026,12:02:14 PM,338,17.74614,-64.71194,30.9,54.8,21.8,199.65,35.6
6/10/2026,12:02:15 PM,339,17.74615,-64.71192,30.9,54.8,21.8,178.71,35.6
6/10/2026,12:02:16 PM,340,17.74615,-64.71191,31,54.8,21.8,177.18,35.6
6/10/2026,12:02:17 PM,341,17.74615,-64.71190,31.1,54.8,21.8,200.84,35.6
6/10/2026,12:02:18 PM,342,17.74616,-64.71189,31,54.8,21.8,158,35.5
6/10/2026,12:02:19 PM,343,17.74616,-64.71188,30.9,54.8,21.8,185.52,35.5
6/10/2026,12:02:20 PM,344,17.74616,-64.71186,31,54.8,21.8,200.75,35.5
6/10/2026,12:02:21 PM,345,17.74616,-64.71185,30.9,54.8,21.8,162.48,35.6
6/10/2026,12:02:22 PM,346,17.74616,-64.71184,31,54.8,21.8,203.29,35.6
6/10/2026,12:02:23 PM,347,17.74617,-64.71183,31.1,54.8,21.8,244.69,35.6
6/10/2026,12:02:24 PM,348,17.74617,-64.71181,31,54.8,21.8,197.65,35.6
6/10/2026,12:02:25 PM,349,17.74617,-64.71180,31,54.8,21.8,181.79,35.6
6/10/2026,12:02:26 PM,350,17.74617,-64.71179,31,54.8,21.8,204.15,35.6
6/10/2026,12:02:27 PM,351,17.74617,-64.71178,30.9,54.9,21.8,217.96,35.6
6/10/2026,12:02:28 PM,352,17.74617,-64.71177,31,54.9,21.8,177.11,35.6
6/10/2026,12:02:29 PM,353,17.74617,-64.71175,31,54.9,21.8,293.37,35.6
6/10/2026,12:02:30 PM,354,17.74617,-64.71175,31,54.9,21.8,288.97,35.6
6/10/2026,12:02:31 PM,355,17.74617,-64.71174,30.8,54.9,21.8,261.18,35.6
6/10/2026,12:02:32 PM,356,17.74617,-64.71173,30.9,54.9,21.8,246.21,35.6
6/10/2026,12:02:33 PM,357,17.74616,-64.71171,30.9,54.8,21.8,241.02,35.5
6/10/2026,12:02:34 PM,358,17.74617,-64.71170,31,54.8,21.8,225.51,35.5
6/10/2026,12:02:35 PM,359,17.74617,-64.71170,31,54.8,21.8,277.64,35.6
6/10/2026,12:02:36 PM,360,17.74616,-64.71169,31,54.8,21.8,246.68,35.6
6/10/2026,12:02:37 PM,361,17.74616,-64.71167,30.8,54.9,21.8,277.53,35.6
6/10/2026,12:02:38 PM,362,17.74616,-64.71166,31,54.9,21.8,281.66,35.6
6/10/2026,12:02:39 PM,363,17.74616,-64.71165,30.9,54.9,21.8,281.78,35.6
6/10/2026,12:02:40 PM,364,17.74617,-64.71164,30.7,55,21.8,230.42,35.6
6/10/2026,12:02:41 PM,365,17.74617,-64.71162,30.7,55,21.8,261.32,35.6
6/10/2026,12:02:42 PM,366,17.74617,-64.71161,30.9,55,21.8,226.73,35.6
6/10/2026,12:02:43 PM,367,17.74618,-64.71161,30.9,55,21.8,197.8,35.6
6/10/2026,12:02:44 PM,368,17.74618,-64.71160,30.9,54.9,21.8,197.6,35.6
6/10/2026,12:02:45 PM,369,17.74618,-64.71159,30.9,54.9,21.8,199,35.6
6/10/2026,12:02:46 PM,370,17.74618,-64.71157,30.9,54.9,21.8,163.09,35.6
6/10/2026,12:02:47 PM,371,17.74618,-64.71156,30.8,54.9,21.8,181.14,35.6
6/10/2026,12:02:48 PM,372,17.74618,-64.71155,30.9,54.9,21.8,189.76,35.6
6/10/2026,12:02:49 PM,373,17.74618,-64.71153,31,55,21.8,178.79,35.6
6/10/2026,12:02:50 PM,374,17.74618,-64.71152,30.8,55,21.8,234.45,35.6
6/10/2026,12:02:51 PM,375,17.74619,-64.71151,30.7,55,21.8,216.96,35.5
6/10/2026,12:02:52 PM,376,17.74619,-64.71150,30.8,55,21.8,186.25,35.6
6/10/2026,12:02:53 PM,377,17.74618,-64.71149,30.9,55,21.8,229.34,35.5
6/10/2026,12:02:54 PM,378,17.74618,-64.71148,30.9,55,21.8,202.89,35.5
6/10/2026,12:02:55 PM,379,17.74619,-64.71146,31,55,21.8,166.22,35.6
6/10/2026,12:02:56 PM,380,17.74619,-64.71145,30.9,54.9,21.8,223.91,35.6
6/10/2026,12:02:57 PM,381,17.74619,-64.71144,30.8,54.9,21.8,251.87,35.5
6/10/2026,12:02:58 PM,382,17.74619,-64.71143,30.8,55,21.8,233.27,35.5
6/10/2026,12:02:59 PM,383,17.74620,-64.71141,30.9,54.9,21.8,172.25,35.5
6/10/2026,12:03:00 PM,384,17.74620,-64.71140,30.8,54.9,21.8,251.96,35.5
6/10/2026,12:03:01 PM,385,17.74620,-64.71139,30.7,54.9,21.8,267.14,35.5
6/10/2026,12:03:02 PM,386,17.74620,-64.71138,30.8,54.8,21.7,257.5,35.5
6/10/2026,12:03:03 PM,387,17.74620,-64.71136,30.6,54.7,21.7,228.41,35.5
6/10/2026,12:03:04 PM,388,17.74620,-64.71135,30.9,54.5,21.6,232.8,35.4
6/10/2026,12:03:05 PM,389,17.74621,-64.71134,30.8,54.5,21.6,237.72,35.4
6/10/2026,12:03:06 PM,390,17.74621,-64.71133,30.6,54.5,21.6,259.38,35.4
6/10/2026,12:03:07 PM,391,17.74621,-64.71132,30.7,54.5,21.6,209.92,35.4
6/10/2026,12:03:08 PM,392,17.74621,-64.71130,30.6,54.5,21.7,262.66,35.4
6/10/2026,12:03:09 PM,393,17.74621,-64.71130,30.6,54.6,21.7,309.32,35.4
6/10/2026,12:03:10 PM,394,17.74621,-64.71128,30.7,54.6,21.7,253.98,35.4
6/10/2026,12:03:11 PM,395,17.74621,-64.71127,30.7,54.6,21.7,216.68,35.4
6/10/2026,12:03:12 PM,396,17.74622,-64.71126,30.6,54.6,21.6,241.35,35.4
6/10/2026,12:03:13 PM,397,17.74622,-64.71125,30.4,54.6,21.6,167.06,35.4
6/10/2026,12:03:14 PM,398,17.74622,-64.71123,30.4,54.6,21.7,216.47,35.4
6/10/2026,12:03:15 PM,399,17.74622,-64.71123,30.6,54.5,21.6,182.51,35.4
6/10/2026,12:03:16 PM,400,17.74622,-64.71122,30.6,54.5,21.6,197.73,35.4
6/10/2026,12:03:17 PM,401,17.74622,-64.71122,30.6,54.6,21.6,213.5,35.4
6/10/2026,12:03:18 PM,402,17.74623,-64.71122,30.4,54.5,21.6,200.89,35.3
6/10/2026,12:03:19 PM,403,17.74623,-64.71121,30.7,54.5,21.6,219.55,35.3
6/10/2026,12:03:20 PM,404,17.74624,-64.71121,30.6,54.5,21.6,196.51,35.3
6/10/2026,12:03:21 PM,405,17.74624,-64.71120,30.4,54.6,21.6,205.51,35.3
6/10/2026,12:03:22 PM,406,17.74624,-64.71119,30.4,54.5,21.6,239.18,35.3
6/10/2026,12:03:23 PM,407,17.74624,-64.71119,30.6,54.5,21.6,191.15,35.3
6/10/2026,12:03:24 PM,408,17.74624,-64.71118,30.6,54.6,21.6,190.4,35.3
6/10/2026,12:03:25 PM,409,17.74624,-64.71116,30.5,54.5,21.6,214.76,35.3
6/10/2026,12:03:26 PM,410,17.74624,-64.71115,30.6,54.5,21.6,257.07,35.3
6/10/2026,12:03:27 PM,411,17.74624,-64.71114,30.6,54.5,21.6,243.72,35.3
6/10/2026,12:03:28 PM,412,17.74624,-64.71114,30.7,54.5,21.6,213.56,35.3
6/10/2026,12:03:29 PM,413,17.74625,-64.71113,30.7,54.5,21.6,211.68,35.3
6/10/2026,12:03:30 PM,414,17.74625,-64.71112,30.6,54.6,21.6,243.64,35.3
6/10/2026,12:03:31 PM,415,17.74625,-64.71111,30.5,54.7,21.6,235.68,35.3
6/10/2026,12:03:32 PM,416,17.74625,-64.71110,30.6,54.7,21.7,242.04,35.3
6/10/2026,12:03:33 PM,417,17.74625,-64.71109,30.8,54.8,21.7,209.5,35.3
6/10/2026,12:03:34 PM,418,17.74625,-64.71108,30.6,54.7,21.6,202.37,35.3
6/10/2026,12:03:35 PM,419,17.74624,-64.71108,30.7,54.7,21.6,198.68,35.3
6/10/2026,12:03:36 PM,420,17.74624,-64.71107,30.6,54.7,21.6,190.9,35.3
6/10/2026,12:03:37 PM,421,17.74623,-64.71108,30.6,54.7,21.6,214.24,35.3
6/10/2026,12:03:38 PM,422,17.74622,-64.71107,30.7,54.7,21.6,221.36,35.3
6/10/2026,12:03:39 PM,423,17.74621,-64.71106,30.6,54.7,21.6,217.3,35.3
6/10/2026,12:03:40 PM,424,17.74620,-64.71105,30.7,54.7,21.6,220.26,35.3
6/10/2026,12:03:41 PM,425,17.74620,-64.71105,30.6,54.7,21.6,228.68,35.3
6/10/2026,12:03:42 PM,426,17.74620,-64.71104,30.8,54.7,21.6,192.92,35.3
6/10/2026,12:03:43 PM,427,17.74620,-64.71105,30.7,54.8,21.6,172.17,35.3
6/10/2026,12:03:44 PM,428,17.74620,-64.71106,30.6,54.7,21.6,180.98,35.3
6/10/2026,12:03:45 PM,429,17.74620,-64.71105,30.7,54.7,21.6,175.22,35.2
6/10/2026,12:03:46 PM,430,17.74621,-64.71105,30.7,54.6,21.6,202.13,35.3
6/10/2026,12:03:47 PM,431,17.74621,-64.71105,30.7,54.7,21.6,194.11,35.2
6/10/2026,12:03:48 PM,432,17.74621,-64.71105,30.8,54.7,21.6,190.42,35.2
6/10/2026,12:03:49 PM,433,17.74621,-64.71105,30.8,54.6,21.6,191.82,35.2
6/10/2026,12:03:50 PM,434,17.74621,-64.71105,30.6,54.6,21.6,182.88,35.2
6/10/2026,12:03:51 PM,435,17.74621,-64.71106,30.7,54.6,21.6,198.53,35.2
6/10/2026,12:03:52 PM,436,17.74621,-64.71107,30.5,54.6,21.6,190.86,35.2
6/10/2026,12:03:53 PM,437,17.74621,-64.71107,30.6,54.6,21.6,196.2,35.2
6/10/2026,12:03:54 PM,438,17.74621,-64.71107,30.6,54.6,21.6,189.65,35.2
6/10/2026,12:03:55 PM,439,17.74621,-64.71107,30.6,54.6,21.6,208.31,35.2
6/10/2026,12:03:56 PM,440,17.74621,-64.71107,30.6,54.6,21.6,220.22,35.2
6/10/2026,12:03:57 PM,441,17.74622,-64.71107,30.8,54.6,21.6,208.28,35.2
6/10/2026,12:03:58 PM,442,17.74622,-64.71106,30.7,54.6,21.6,237.41,35.2
6/10/2026,12:03:59 PM,443,17.74622,-64.71105,30.7,54.6,21.6,240.02,35.2
6/10/2026,12:04:00 PM,444,17.74623,-64.71103,30.8,54.7,21.6,225.56,35.2
6/10/2026,12:04:01 PM,445,17.74623,-64.71102,30.6,54.7,21.6,210.24,35.2
6/10/2026,12:04:02 PM,446,17.74623,-64.71101,30.7,54.7,21.6,222.67,35.2
6/10/2026,12:04:03 PM,447,17.74623,-64.71100,30.5,54.7,21.6,250.49,35.2
6/10/2026,12:04:04 PM,448,17.74624,-64.71099,30.7,54.7,21.6,237.64,35.2
6/10/2026,12:04:05 PM,449,17.74624,-64.71097,30.8,54.8,21.6,230.73,35.2
6/10/2026,12:04:06 PM,450,17.74624,-64.71096,30.7,54.8,21.6,185.86,35.2
6/10/2026,12:04:07 PM,451,17.74624,-64.71095,30.6,54.9,21.6,204.19,35.3
6/10/2026,12:04:08 PM,452,17.74625,-64.71094,30.6,54.8,21.6,218.32,35.2
6/10/2026,12:04:09 PM,453,17.74625,-64.71093,30.8,54.8,21.6,232.16,35.2
6/10/2026,12:04:10 PM,454,17.74625,-64.71091,30.7,54.9,21.6,239.21,35.2
6/10/2026,12:04:11 PM,455,17.74626,-64.71090,30.6,54.9,21.7,232.04,35.3
6/10/2026,12:04:12 PM,456,17.74626,-64.71089,30.7,55,21.7,189.46,35.3
6/10/2026,12:04:13 PM,457,17.74627,-64.71088,30.7,55,21.7,215.21,35.3
6/10/2026,12:04:14 PM,458,17.74628,-64.71087,30.6,55,21.7,215.55,35.3
6/10/2026,12:04:15 PM,459,17.74628,-64.71087,30.8,55,21.7,225.4,35.3
6/10/2026,12:04:16 PM,460,17.74628,-64.71086,30.7,55,21.7,222.94,35.3
6/10/2026,12:04:17 PM,461,17.74628,-64.71086,30.5,54.9,21.7,252.95,35.3
6/10/2026,12:04:18 PM,462,17.74629,-64.71085,30.6,54.9,21.6,223.94,35.2
6/10/2026,12:04:19 PM,463,17.74630,-64.71083,30.7,54.9,21.6,251.11,35.2
6/10/2026,12:04:20 PM,464,17.74629,-64.71084,30.7,54.9,21.6,258.92,35.2
6/10/2026,12:04:21 PM,465,17.74630,-64.71084,30.7,54.9,21.6,233.78,35.2
6/10/2026,12:04:22 PM,466,17.74631,-64.71085,30.5,54.9,21.6,252.13,35.2
6/10/2026,12:04:23 PM,467,17.74630,-64.71086,30.6,54.9,21.6,240.59,35.2
6/10/2026,12:04:24 PM,468,17.74631,-64.71087,30.6,54.9,21.6,230.75,35.2
6/10/2026,12:04:25 PM,469,17.74631,-64.71088,30.8,54.9,21.6,186.83,35.2
6/10/2026,12:04:26 PM,470,17.74631,-64.71089,30.7,55,21.7,214.2,35.2
6/10/2026,12:04:27 PM,471,17.74632,-64.71090,30.6,55,21.7,219.2,35.2
6/10/2026,12:04:28 PM,472,17.74633,-64.71091,30.6,55,21.7,229.71,35.3
6/10/2026,12:04:29 PM,473,17.74633,-64.71092,30.6,55,21.7,217.48,35.2
6/10/2026,12:04:30 PM,474,17.74633,-64.71092,30.8,55,21.6,183.15,35.2
6/10/2026,12:04:31 PM,475,17.74634,-64.71093,30.6,54.9,21.6,213.3,35.2
6/10/2026,12:04:32 PM,476,17.74634,-64.71094,30.6,54.9,21.6,226.79,35.2
6/10/2026,12:04:33 PM,477,17.74634,-64.71095,30.5,54.9,21.6,264.15,35.2
6/10/2026,12:04:34 PM,478,17.74635,-64.71096,30.6,54.9,21.6,226.78,35.2
6/10/2026,12:04:35 PM,479,17.74635,-64.71097,30.6,54.9,21.6,225.49,35.2
6/10/2026,12:04:36 PM,480,17.74635,-64.71098,30.5,55,21.6,251.36,35.2
6/10/2026,12:04:37 PM,481,17.74635,-64.71098,30.7,55,21.6,356.26,35.2
6/10/2026,12:04:38 PM,482,17.74636,-64.71099,30.6,55,21.7,236.3,35.2
6/10/2026,12:04:39 PM,483,17.74636,-64.71099,30.5,55,21.7,233.88,35.2
6/10/2026,12:04:40 PM,484,17.74637,-64.71101,30.5,55.1,21.7,239.87,35.2
6/10/2026,12:04:41 PM,485,17.74637,-64.71102,30.5,55.1,21.7,245.63,35.2
6/10/2026,12:04:42 PM,486,17.74637,-64.71104,30.5,55.1,21.7,296.5,35.2
6/10/2026,12:04:43 PM,487,17.74637,-64.71105,30.5,55.1,21.7,304.61,35.2
6/10/2026,12:04:44 PM,488,17.74638,-64.71106,30.6,55.1,21.7,282.64,35.2
6/10/2026,12:04:45 PM,489,17.74638,-64.71106,30.7,55.1,21.7,258.81,35.2
6/10/2026,12:04:46 PM,490,17.74639,-64.71108,30.5,55.1,21.7,259.9,35.2
6/10/2026,12:04:47 PM,491,17.74639,-64.71109,30.5,55.1,21.7,302.33,35.2
6/10/2026,12:04:48 PM,492,17.74640,-64.71110,30.7,55,21.6,270.41,35.2
6/10/2026,12:04:49 PM,493,17.74640,-64.71111,30.5,55,21.6,336.76,35.2
6/10/2026,12:04:50 PM,494,17.74641,-64.71112,30.5,54.9,21.6,347.54,35.2
6/10/2026,12:04:51 PM,495,17.74642,-64.71113,30.5,54.9,21.6,261.55,35.2
6/10/2026,12:04:52 PM,496,17.74642,-64.71114,30.4,54.9,21.6,264.71,35.1
6/10/2026,12:04:53 PM,497,17.74643,-64.71115,30.5,54.9,21.6,304.85,35.1
6/10/2026,12:04:54 PM,498,17.74643,-64.71116,30.5,54.9,21.6,288.14,35.1
6/10/2026,12:04:55 PM,499,17.74644,-64.71117,30.6,54.9,21.6,331.03,35.2
6/10/2026,12:04:56 PM,500,17.74644,-64.71118,30.4,54.9,21.6,268.37,35.1
6/10/2026,12:04:57 PM,501,17.74645,-64.71119,30.4,55,21.6,281.41,35.2
6/10/2026,12:04:58 PM,502,17.74646,-64.71120,30.5,54.9,21.6,290.5,35.1
6/10/2026,12:04:59 PM,503,17.74646,-64.71121,30.2,55,21.6,239.97,35.1
6/10/2026,12:05:00 PM,504,17.74647,-64.71122,30.5,55,21.6,339.89,35.1
6/10/2026,12:05:01 PM,505,17.74647,-64.71123,30.4,55,21.6,320.39,35.1
6/10/2026,12:05:02 PM,506,17.74648,-64.71124,30.4,54.9,21.6,262.77,35.1
6/10/2026,12:05:03 PM,507,17.74649,-64.71125,30.3,54.8,21.5,260.79,35.1
6/10/2026,12:05:04 PM,508,17.74649,-64.71126,30.3,54.9,21.6,285.3,35.1
6/10/2026,12:05:05 PM,509,17.74650,-64.71127,30.3,54.8,21.6,226.42,35.1
6/10/2026,12:05:06 PM,510,17.74650,-64.71127,30.4,54.9,21.6,263.63,35.1
6/10/2026,12:05:07 PM,511,17.74651,-64.71128,30.3,54.9,21.6,307.03,35.1
6/10/2026,12:05:08 PM,512,17.74652,-64.71128,30.2,54.9,21.6,220.45,35.1
6/10/2026,12:05:09 PM,513,17.74653,-64.71129,30.4,54.9,21.6,266.61,35.1
6/10/2026,12:05:10 PM,514,17.74653,-64.71130,30,54.9,21.6,286,35.1
6/10/2026,12:05:11 PM,515,17.74654,-64.71131,30.3,54.9,21.6,264.85,35.1
6/10/2026,12:05:12 PM,516,17.74654,-64.71132,30.2,55,21.6,221.01,35.1
6/10/2026,12:05:13 PM,517,17.74654,-64.71133,30.3,55,21.6,243.41,35.1
6/10/2026,12:05:14 PM,518,17.74654,-64.71134,30.3,55.1,21.6,271.97,35.1
6/10/2026,12:05:15 PM,519,17.74655,-64.71135,30.4,55.2,21.6,244.9,35.1
6/10/2026,12:05:16 PM,520,17.74655,-64.71137,30.4,55.2,21.6,217.8,35.1
6/10/2026,12:05:17 PM,521,17.74655,-64.71138,30.4,55.2,21.6,216.53,35.1
6/10/2026,12:05:18 PM,522,17.74655,-64.71139,30.4,55.2,21.6,204.16,35.1
6/10/2026,12:05:19 PM,523,17.74656,-64.71140,30.6,55.2,21.6,190.74,35.1
6/10/2026,12:05:20 PM,524,17.74656,-64.71141,30.4,55.2,21.6,215.93,35.1
6/10/2026,12:05:21 PM,525,17.74656,-64.71142,30.4,55.2,21.6,224.83,35.1
6/10/2026,12:05:22 PM,526,17.74656,-64.71143,30.5,55.3,21.6,185.55,35.1
6/10/2026,12:05:23 PM,527,17.74656,-64.71144,30.5,55.3,21.6,189.16,35.1
6/10/2026,12:05:24 PM,528,17.74657,-64.71146,30.5,55.3,21.6,162.04,35.1
6/10/2026,12:05:25 PM,529,17.74657,-64.71147,30.4,55.3,21.7,174.2,35.1
6/10/2026,12:05:26 PM,530,17.74657,-64.71149,30.4,55.4,21.7,124.57,35.1
6/10/2026,12:05:27 PM,531,17.74657,-64.71149,30.4,55.4,21.7,163.41,35.1
6/10/2026,12:05:28 PM,532,17.74657,-64.71151,30.6,55.3,21.7,162.77,35.1
6/10/2026,12:05:29 PM,533,17.74657,-64.71152,30.4,55.4,21.7,152.07,35.1
6/10/2026,12:05:30 PM,534,17.74657,-64.71153,30.7,55.3,21.6,162.77,35.1
6/10/2026,12:05:31 PM,535,17.74657,-64.71154,30.6,55.3,21.6,180.31,35.1
6/10/2026,12:05:32 PM,536,17.74657,-64.71156,30.6,55.3,21.6,196.23,35.1
6/10/2026,12:05:33 PM,537,17.74658,-64.71157,30.4,55.3,21.6,200.84,35.1
6/10/2026,12:05:34 PM,538,17.74658,-64.71159,30.6,55.2,21.6,214.18,35
6/10/2026,12:05:35 PM,539,17.74658,-64.71160,30.4,55.2,21.6,200.31,35
6/10/2026,12:05:36 PM,540,17.74659,-64.71161,30.5,55.3,21.6,122.09,35.1
6/10/2026,12:05:37 PM,541,17.74659,-64.71163,30.7,55.2,21.6,178.22,35
6/10/2026,12:05:38 PM,542,17.74660,-64.71164,30.6,55.2,21.6,168.62,35
6/10/2026,12:05:39 PM,543,17.74660,-64.71165,30.6,55.2,21.6,203.15,35
6/10/2026,12:05:40 PM,544,17.74660,-64.71166,30.4,55.2,21.6,210.08,35
6/10/2026,12:05:41 PM,545,17.74660,-64.71167,30.4,55.2,21.6,212.17,35
6/10/2026,12:05:42 PM,546,17.74661,-64.71168,30.4,55.2,21.6,241.28,35
6/10/2026,12:05:43 PM,547,17.74661,-64.71168,30.6,55.2,21.6,185.89,35
6/10/2026,12:05:44 PM,548,17.74662,-64.71169,30.4,55.2,21.6,210.37,35
6/10/2026,12:05:45 PM,549,17.74662,-64.71170,30.4,55.3,21.6,236.54,35
6/10/2026,12:05:46 PM,550,17.74662,-64.71172,30.4,55.3,21.6,255.62,35
6/10/2026,12:05:47 PM,551,17.74661,-64.71172,30.5,55.3,21.6,274.08,35
6/10/2026,12:05:48 PM,552,17.74661,-64.71173,30.6,55.3,21.6,259.98,35
6/10/2026,12:05:49 PM,553,17.74661,-64.71175,30.6,55.3,21.6,247.17,35
6/10/2026,12:05:50 PM,554,17.74660,-64.71176,30.6,55.3,21.6,253.21,35
6/10/2026,12:05:51 PM,555,17.74661,-64.71178,30.7,55.3,21.6,243.24,35
6/10/2026,12:05:52 PM,556,17.74661,-64.71179,30.7,55.3,21.6,271.09,35
6/10/2026,12:05:53 PM,557,17.74661,-64.71180,30.6,55.3,21.6,274.75,35
6/10/2026,12:05:54 PM,558,17.74661,-64.71181,30.7,55.4,21.6,269.52,35
6/10/2026,12:05:55 PM,559,17.74661,-64.71183,30.6,55.4,21.6,252.14,35
6/10/2026,12:05:56 PM,560,17.74661,-64.71184,30.6,55.4,21.6,241.22,35
6/10/2026,12:05:57 PM,561,17.74661,-64.71185,30.6,55.5,21.7,229.73,35.1
6/10/2026,12:05:58 PM,562,17.74662,-64.71186,30.6,55.5,21.7,211.68,35.1
6/10/2026,12:05:59 PM,563,17.74662,-64.71187,30.4,55.6,21.7,163.91,35.1
6/10/2026,12:06:00 PM,564,17.74662,-64.71188,30.6,55.5,21.7,137.8,35.1
6/10/2026,12:06:01 PM,565,17.74663,-64.71188,30.7,55.6,21.7,105.87,35
6/10/2026,12:06:02 PM,566,17.74663,-64.71189,30.6,55.6,21.7,104.82,35.1
6/10/2026,12:06:03 PM,567,17.74664,-64.71190,30.6,55.5,21.7,171.81,35
6/10/2026,12:06:04 PM,568,17.74664,-64.71192,30.6,55.4,21.6,152.96,35
6/10/2026,12:06:05 PM,569,17.74664,-64.71193,30.7,55.4,21.6,132.87,35
6/10/2026,12:06:06 PM,570,17.74664,-64.71195,30.6,55.3,21.6,153.94,35
6/10/2026,12:06:07 PM,571,17.74664,-64.71196,30.5,55.3,21.6,176.2,35
6/10/2026,12:06:08 PM,572,17.74663,-64.71197,30.5,55.3,21.6,169.84,35
6/10/2026,12:06:09 PM,573,17.74663,-64.71198,30.5,55.2,21.6,184.45,34.9
6/10/2026,12:06:10 PM,574,17.74664,-64.71199,30.3,55.2,21.6,177.27,35
6/10/2026,12:06:11 PM,575,17.74664,-64.71201,30.4,55.2,21.6,152.24,34.9
6/10/2026,12:06:12 PM,576,17.74664,-64.71202,30.5,55.2,21.5,137.28,34.9
6/10/2026,12:06:13 PM,577,17.74664,-64.71203,30.4,55.2,21.5,123.24,34.9
6/10/2026,12:06:14 PM,578,17.74664,-64.71204,30.4,55.2,21.5,149.15,34.9
6/10/2026,12:06:15 PM,579,17.74665,-64.71205,30.3,55.1,21.5,134.8,34.9
6/10/2026,12:06:16 PM,580,17.74666,-64.71206,30.4,55.1,21.5,130.73,34.9
6/10/2026,12:06:17 PM,581,17.74666,-64.71207,30.5,55.1,21.5,144.17,34.9
6/10/2026,12:06:18 PM,582,17.74666,-64.71209,30.4,55,21.5,129.31,34.9
6/10/2026,12:06:19 PM,583,17.74666,-64.71210,30.4,55.1,21.5,145.82,34.9
6/10/2026,12:06:20 PM,584,17.74667,-64.71212,30.2,55.1,21.5,145.18,34.9
6/10/2026,12:06:21 PM,585,17.74666,-64.71213,30.3,55.1,21.5,156,34.9
6/10/2026,12:06:22 PM,586,17.74666,-64.71214,30.3,55.1,21.5,166.72,34.9
6/10/2026,12:06:23 PM,587,17.74666,-64.71216,30.3,55.1,21.5,193.46,34.9
6/10/2026,12:06:24 PM,588,17.74667,-64.71217,30.4,55.1,21.5,208.06,34.9
6/10/2026,12:06:25 PM,589,17.74667,-64.71219,30.3,55.1,21.5,191.47,34.9
6/10/2026,12:06:26 PM,590,17.74666,-64.71219,30.3,55.1,21.5,192.91,34.8
6/10/2026,12:06:27 PM,591,17.74667,-64.71220,30.3,55,21.5,208.48,34.8
6/10/2026,12:06:28 PM,592,17.74666,-64.71222,30.3,55.1,21.5,187.86,34.8
6/10/2026,12:06:29 PM,593,17.74667,-64.71223,30.3,55.1,21.5,207.15,34.8
6/10/2026,12:06:30 PM,594,17.74667,-64.71224,30.3,55.1,21.5,208.3,34.8
6/10/2026,12:06:31 PM,595,17.74667,-64.71225,30.3,55.1,21.5,183.41,34.8
6/10/2026,12:06:32 PM,596,17.74667,-64.71227,30.3,55.1,21.5,182.51,34.8
6/10/2026,12:06:33 PM,597,17.74667,-64.71228,30.2,55.1,21.5,172.52,34.8
6/10/2026,12:06:34 PM,598,17.74668,-64.71229,30.3,55.1,21.5,138.81,34.8
6/10/2026,12:06:35 PM,599,17.74668,-64.71230,30.4,55.2,21.5,142.97,34.8
6/10/2026,12:06:36 PM,600,17.74668,-64.71232,30.5,55.2,21.5,154.61,34.8
6/10/2026,12:06:37 PM,601,17.74668,-64.71233,30.4,55.1,21.5,139.17,34.8
6/10/2026,12:06:38 PM,602,17.74667,-64.71233,30.5,55.1,21.5,107.22,34.8
6/10/2026,12:06:39 PM,603,17.74668,-64.71234,30.3,55.1,21.5,124.95,34.8
6/10/2026,12:06:40 PM,604,17.74668,-64.71236,30.4,55.1,21.5,138.37,34.8
6/10/2026,12:06:41 PM,605,17.74668,-64.71237,30.3,55.1,21.5,155.77,34.8
6/10/2026,12:06:42 PM,606,17.74669,-64.71238,30.3,55.1,21.5,207.51,34.8
6/10/2026,12:06:43 PM,607,17.74670,-64.71240,30.5,55.1,21.5,237.22,34.8
6/10/2026,12:06:44 PM,608,17.74671,-64.71241,30.4,55.1,21.5,213.24,34.8
6/10/2026,12:06:45 PM,609,17.74672,-64.71242,30.6,55.1,21.5,244.25,34.8
6/10/2026,12:06:46 PM,610,17.74672,-64.71243,30.5,55.1,21.5,253.23,34.8
6/10/2026,12:06:47 PM,611,17.74672,-64.71244,30.4,55.1,21.5,220.88,34.8
6/10/2026,12:06:48 PM,612,17.74672,-64.71245,30.6,55.1,21.5,253.21,34.8
6/10/2026,12:06:49 PM,613,17.74674,-64.71244,30.4,55.2,21.5,276.59,34.8
6/10/2026,12:06:50 PM,614,17.74675,-64.71244,30.4,55.3,21.5,286.62,34.8
6/10/2026,12:06:51 PM,615,17.74677,-64.71243,30.6,55.4,21.6,268.89,34.9
6/10/2026,12:06:52 PM,616,17.74678,-64.71242,30.6,55.4,21.6,315.12,34.9
6/10/2026,12:06:53 PM,617,17.74679,-64.71242,30.6,55.5,21.6,282.02,34.9
6/10/2026,12:06:54 PM,618,17.74681,-64.71242,30.5,55.5,21.6,299.69,34.9
6/10/2026,12:06:55 PM,619,17.74682,-64.71241,30.5,55.7,21.7,272.36,35
6/10/2026,12:06:56 PM,620,17.74683,-64.71241,30.4,55.9,21.7,292.36,35
6/10/2026,12:06:57 PM,621,17.74685,-64.71241,30.4,55.9,21.7,261.59,35
6/10/2026,12:06:58 PM,622,17.74686,-64.71240,30.7,55.9,21.7,289.39,35
6/10/2026,12:06:59 PM,623,17.74687,-64.71240,30.4,55.9,21.7,299.54,35
6/10/2026,12:07:00 PM,624,17.74688,-64.71239,30.4,55.8,21.7,273.09,35
6/10/2026,12:07:01 PM,625,17.74689,-64.71239,30.5,55.8,21.7,227.98,35
6/10/2026,12:07:02 PM,626,17.74692,-64.71239,30.5,55.8,21.7,284.96,35
6/10/2026,12:07:03 PM,627,17.74693,-64.71239,30.7,55.9,21.7,318.38,35
6/10/2026,12:07:04 PM,628,17.74694,-64.71238,30.6,55.9,21.7,323.18,35
6/10/2026,12:07:05 PM,629,17.74695,-64.71238,30.5,56,21.8,236.46,35
6/10/2026,12:07:06 PM,630,17.74696,-64.71237,30.5,56.1,21.8,246.82,35
6/10/2026,12:07:07 PM,631,17.74697,-64.71236,30.5,56,21.7,219.8,35
6/10/2026,12:07:08 PM,632,17.74698,-64.71235,30.5,56.1,21.8,303.1,35
6/10/2026,12:07:09 PM,633,17.74699,-64.71234,30.5,56.1,21.8,316.87,35
6/10/2026,12:07:10 PM,634,17.74700,-64.71233,30.5,56.1,21.8,292.29,35
6/10/2026,12:07:11 PM,635,17.74701,-64.71233,30.5,56.1,21.8,328.11,35
6/10/2026,12:07:12 PM,636,17.74703,-64.71232,30.7,56.2,21.8,304.45,35
6/10/2026,12:07:13 PM,637,17.74704,-64.71231,30.6,56.2,21.8,261.48,35
6/10/2026,12:07:14 PM,638,17.74704,-64.71231,30.5,56.1,21.7,270.34,35
6/10/2026,12:07:15 PM,639,17.74706,-64.71230,30.6,56,21.7,322.89,35
6/10/2026,12:07:16 PM,640,17.74708,-64.71230,30.6,56.1,21.8,333.86,35
6/10/2026,12:07:17 PM,641,17.74709,-64.71229,30.4,56,21.7,243.33,35
6/10/2026,12:07:18 PM,642,17.74709,-64.71228,30.5,56.1,21.8,253.21,35
6/10/2026,12:07:19 PM,643,17.74710,-64.71228,30.4,56,21.7,261.27,35
6/10/2026,12:07:20 PM,644,17.74711,-64.71227,30.6,56,21.7,244.44,35
6/10/2026,12:07:21 PM,645,17.74712,-64.71226,30.6,56.1,21.8,207.31,35
6/10/2026,12:07:22 PM,646,17.74713,-64.71225,30.6,56,21.7,234.66,35
6/10/2026,12:07:23 PM,647,17.74714,-64.71224,30.7,56,21.7,263.34,35
6/10/2026,12:07:24 PM,648,17.74715,-64.71223,30.3,56,21.7,191.85,35
6/10/2026,12:07:25 PM,649,17.74716,-64.71222,30.5,56,21.7,192.52,35
6/10/2026,12:07:26 PM,650,17.74716,-64.71221,30.6,56,21.7,170.93,35
6/10/2026,12:07:27 PM,651,17.74717,-64.71220,30.6,56,21.7,162.5,35
6/10/2026,12:07:28 PM,652,17.74718,-64.71220,30.5,56,21.7,187.07,35
6/10/2026,12:07:29 PM,653,17.74719,-64.71219,30.3,56,21.7,162.87,35
6/10/2026,12:07:30 PM,654,17.74720,-64.71218,30.5,56,21.7,179.25,35
6/10/2026,12:07:31 PM,655,17.74721,-64.71217,30.3,56,21.7,201.25,35
6/10/2026,12:07:32 PM,656,17.74723,-64.71217,30.4,56,21.7,208.55,35
6/10/2026,12:07:33 PM,657,17.74724,-64.71216,30.3,56.1,21.7,205.06,35
6/10/2026,12:07:34 PM,658,17.74725,-64.71216,30.3,56.2,21.8,196.09,35
6/10/2026,12:07:35 PM,659,17.74726,-64.71216,30.4,56.1,21.7,154.38,35
6/10/2026,12:07:36 PM,660,17.74727,-64.71215,30.4,56.1,21.7,186.58,35
6/10/2026,12:07:37 PM,661,17.74729,-64.71214,30.4,56.2,21.8,213.24,35
6/10/2026,12:07:38 PM,662,17.74730,-64.71213,30.4,56.1,21.8,163.23,35
6/10/2026,12:07:39 PM,663,17.74731,-64.71213,30.3,56.2,21.8,195.38,35
6/10/2026,12:07:40 PM,664,17.74732,-64.71212,30.4,56.2,21.8,195.35,35
6/10/2026,12:07:41 PM,665,17.74733,-64.71211,30.4,56.2,21.8,238.35,35
6/10/2026,12:07:42 PM,666,17.74734,-64.71211,30.3,56.1,21.7,197.5,35
6/10/2026,12:07:43 PM,667,17.74735,-64.71211,30.3,56.1,21.7,175.19,35
6/10/2026,12:07:44 PM,668,17.74736,-64.71210,30.3,56.2,21.8,192.43,35
6/10/2026,12:07:45 PM,669,17.74737,-64.71209,30.3,56.1,21.7,219.78,34.9
6/10/2026,12:07:46 PM,670,17.74738,-64.71208,30.3,56.1,21.7,222.68,35
6/10/2026,12:07:47 PM,671,17.74739,-64.71207,30.2,56.1,21.7,197.04,34.9
6/10/2026,12:07:48 PM,672,17.74740,-64.71206,30.5,56.1,21.7,291.8,35
6/10/2026,12:07:49 PM,673,17.74741,-64.71205,30.3,56.2,21.7,337.62,35
6/10/2026,12:07:50 PM,674,17.74740,-64.71204,30.4,56.1,21.7,239.41,34.9
6/10/2026,12:07:51 PM,675,17.74740,-64.71203,30.3,56.1,21.7,214.44,34.9
6/10/2026,12:07:52 PM,676,17.74740,-64.71202,30.4,56.1,21.7,225.06,34.9
6/10/2026,12:07:53 PM,677,17.74740,-64.71201,30.4,56.1,21.7,228.84,35
6/10/2026,12:07:54 PM,678,17.74739,-64.71200,30.5,56.2,21.7,233.89,35
6/10/2026,12:07:55 PM,679,17.74740,-64.71199,30.3,56.1,21.7,278.42,35
6/10/2026,12:07:56 PM,680,17.74739,-64.71197,30.5,56.2,21.7,321.02,35
6/10/2026,12:07:57 PM,681,17.74738,-64.71196,30.6,56.1,21.7,327.02,34.9
6/10/2026,12:07:58 PM,682,17.74738,-64.71195,30.5,56.1,21.7,310.32,34.9
6/10/2026,12:07:59 PM,683,17.74737,-64.71194,30.6,56.1,21.7,312.13,34.9
6/10/2026,12:08:00 PM,684,17.74737,-64.71192,30.4,56,21.7,356.51,34.9
6/10/2026,12:08:01 PM,685,17.74736,-64.71191,30.3,55.9,21.7,257.77,34.9
6/10/2026,12:08:02 PM,686,17.74735,-64.71190,30.4,55.8,21.6,290.31,34.9
6/10/2026,12:08:03 PM,687,17.74735,-64.71189,30.3,55.8,21.6,270.92,34.8
6/10/2026,12:08:04 PM,688,17.74734,-64.71188,30.3,55.7,21.6,249.61,34.8
6/10/2026,12:08:05 PM,689,17.74734,-64.71187,30.5,55.6,21.6,262.48,34.8
6/10/2026,12:08:06 PM,690,17.74734,-64.71186,30.3,55.5,21.5,289.69,34.8
6/10/2026,12:08:07 PM,691,17.74733,-64.71184,30.3,55.4,21.5,290.96,34.7
6/10/2026,12:08:08 PM,692,17.74733,-64.71183,30.3,55.5,21.5,264.63,34.7
6/10/2026,12:08:09 PM,693,17.74732,-64.71182,30.2,55.4,21.5,170.39,34.7
6/10/2026,12:08:10 PM,694,17.74732,-64.71180,30.2,55.4,21.5,155.73,34.7
6/10/2026,12:08:11 PM,695,17.74732,-64.71179,30.2,55.4,21.5,145.01,34.7
6/10/2026,12:08:12 PM,696,17.74731,-64.71178,30.3,55.4,21.5,139.95,34.7
6/10/2026,12:08:13 PM,697,17.74731,-64.71177,30.5,55.5,21.5,161.02,34.7
6/10/2026,12:08:14 PM,698,17.74730,-64.71175,30.2,55.7,21.6,137.6,34.8
6/10/2026,12:08:15 PM,699,17.74730,-64.71174,30.3,55.8,21.6,84.4,34.8
6/10/2026,12:08:16 PM,700,17.74729,-64.71174,30.3,55.8,21.6,82.07,34.8
6/10/2026,12:08:17 PM,701,17.74729,-64.71173,30.3,55.9,21.6,96.49,34.8
6/10/2026,12:08:18 PM,702,17.74728,-64.71172,30.4,55.9,21.6,167.58,34.8
6/10/2026,12:08:19 PM,703,17.74728,-64.71171,30.2,56,21.6,201.59,34.8
6/10/2026,12:08:20 PM,704,17.74727,-64.71170,30.2,56,21.7,139.34,34.8
6/10/2026,12:08:21 PM,705,17.74727,-64.71169,30.3,56,21.7,161.85,34.8
6/10/2026,12:08:22 PM,706,17.74725,-64.71168,30.2,56,21.6,176.51,34.8
6/10/2026,12:08:23 PM,707,17.74724,-64.71167,30.2,56,21.6,193.34,34.8
6/10/2026,12:08:24 PM,708,17.74723,-64.71167,30.1,55.9,21.6,183.98,34.8
6/10/2026,12:08:25 PM,709,17.74723,-64.71166,30,56,21.6,216.56,34.8
6/10/2026,12:08:26 PM,710,17.74722,-64.71165,30,56.1,21.7,182.26,34.8
6/10/2026,12:08:27 PM,711,17.74721,-64.71164,30.2,56,21.6,228.26,34.8
6/10/2026,12:08:28 PM,712,17.74721,-64.71162,30.2,56,21.6,242.41,34.8
6/10/2026,12:08:29 PM,713,17.74721,-64.71162,30.1,56.1,21.7,266.06,34.8
6/10/2026,12:08:30 PM,714,17.74721,-64.71161,30,56.3,21.7,262.76,34.8
6/10/2026,12:08:31 PM,715,17.74721,-64.71161,30.1,56.2,21.7,261.33,34.8
6/10/2026,12:08:32 PM,716,17.74722,-64.71160,30,56.1,21.7,273.65,34.8
6/10/2026,12:08:33 PM,717,17.74723,-64.71159,30,56.1,21.7,259.24,34.8
6/10/2026,12:08:34 PM,718,17.74723,-64.71158,30,56.2,21.7,279.7,34.8
6/10/2026,12:08:35 PM,719,17.74723,-64.71157,30.2,56.2,21.7,266.84,34.8
6/10/2026,12:08:36 PM,720,17.74723,-64.71157,30,56.2,21.7,267.48,34.8
6/10/2026,12:08:37 PM,721,17.74723,-64.71157,30,56,21.6,254.8,34.7
6/10/2026,12:08:38 PM,722,17.74723,-64.71157,30.1,55.8,21.5,260.08,34.7
6/10/2026,12:08:39 PM,723,17.74723,-64.71157,29.9,55.7,21.5,254.73,34.6
6/10/2026,12:08:40 PM,724,17.74723,-64.71157,29.9,55.8,21.5,270.1,34.6
6/10/2026,12:08:41 PM,725,17.74722,-64.71158,29.8,55.7,21.5,270.5,34.6
6/10/2026,12:08:42 PM,726,17.74722,-64.71158,29.8,55.8,21.5,270.97,34.6
6/10/2026,12:08:43 PM,727,17.74722,-64.71158,29.9,55.9,21.6,271,34.7
6/10/2026,12:08:44 PM,728,17.74722,-64.71158,29.8,55.9,21.6,269.51,34.7
6/10/2026,12:08:45 PM,729,17.74722,-64.71158,29.8,55.9,21.6,274.3,34.7
6/10/2026,12:08:46 PM,730,17.74722,-64.71158,29.8,55.9,21.6,271.75,34.7
6/10/2026,12:08:47 PM,731,17.74722,-64.71159,29.9,55.9,21.5,271.26,34.6
6/10/2026,12:08:48 PM,732,17.74722,-64.71158,29.7,56,21.6,264.15,34.6
6/10/2026,12:08:49 PM,733,17.74722,-64.71158,29.8,55.8,21.5,264.69,34.6
6/10/2026,12:08:50 PM,734,17.74722,-64.71158,29.9,55.9,21.5,270.18,34.6
6/10/2026,12:08:51 PM,735,17.74722,-64.71159,29.8,55.9,21.5,262.26,34.6
6/10/2026,12:08:52 PM,736,17.74722,-64.71159,29.9,56,21.6,261.23,34.6
6/10/2026,12:08:53 PM,737,17.74723,-64.71158,29.6,56.2,21.6,269.95,34.6
6/10/2026,12:08:54 PM,738,17.74724,-64.71157,29.8,56.3,21.6,245.46,34.7
6/10/2026,12:08:55 PM,739,17.74724,-64.71157,29.8,56.4,21.7,239.7,34.7
6/10/2026,12:08:56 PM,740,17.74725,-64.71157,29.7,56.5,21.7,247.79,34.7
6/10/2026,12:08:57 PM,741,17.74725,-64.71157,29.7,56.6,21.7,246.98,34.7
6/10/2026,12:08:58 PM,742,17.74724,-64.71157,29.6,56.5,21.7,245.23,34.7
6/10/2026,12:08:59 PM,743,17.74724,-64.71157,29.6,56.5,21.7,246.28,34.7
6/10/2026,12:09:00 PM,744,17.74724,-64.71157,29.6,56.5,21.7,245.64,34.6
6/10/2026,12:09:01 PM,745,17.74724,-64.71157,29.6,56.5,21.7,244.33,34.7
6/10/2026,12:09:02 PM,746,17.74725,-64.71157,29.6,56.5,21.7,243.89,34.6
6/10/2026,12:09:03 PM,747,17.74725,-64.71158,29.8,56.5,21.7,248.71,34.6
6/10/2026,12:09:04 PM,748,17.74725,-64.71158,29.8,56.5,21.6,245.51,34.6
6/10/2026,12:09:05 PM,749,17.74724,-64.71158,29.8,56.5,21.6,247.16,34.6
6/10/2026,12:09:06 PM,750,17.74724,-64.71158,29.8,56.6,21.7,253.08,34.6
6/10/2026,12:09:07 PM,751,17.74724,-64.71158,29.6,56.6,21.7,230.36,34.6
6/10/2026,12:09:08 PM,752,17.74725,-64.71158,29.8,56.5,21.6,241.46,34.6
6/10/2026,12:09:09 PM,753,17.74726,-64.71158,29.6,56.5,21.6,230.96,34.6
6/10/2026,12:09:10 PM,754,17.74726,-64.71158,29.7,56.5,21.6,231.53,34.6
6/10/2026,12:09:11 PM,755,17.74726,-64.71158,29.7,56.7,21.7,212.84,34.6
6/10/2026,12:09:12 PM,756,17.74726,-64.71158,29.7,56.8,21.7,208.06,34.7
6/10/2026,12:09:13 PM,757,17.74726,-64.71158,29.8,56.9,21.7,210.86,34.6
6/10/2026,12:09:14 PM,758,17.74726,-64.71158,29.9,57.1,21.8,211.33,34.7
6/10/2026,12:09:15 PM,759,17.74726,-64.71158,29.8,57.3,21.8,221.8,34.7
6/10/2026,12:09:16 PM,760,17.74725,-64.71158,29.6,57.7,22,220.12,34.8
6/10/2026,12:09:17 PM,761,17.74726,-64.71158,29.7,57.8,22,219.52,34.8
6/10/2026,12:09:18 PM,762,17.74725,-64.71158,29.7,57.5,21.9,206.93,34.8
6/10/2026,12:09:19 PM,763,17.74726,-64.71158,29.7,57.4,21.8,213.66,34.7
6/10/2026,12:09:20 PM,764,17.74725,-64.71158,29.8,57.3,21.8,219.44,34.7
6/10/2026,12:09:21 PM,765,17.74725,-64.71159,29.8,57.2,21.8,213.24,34.7
6/10/2026,12:09:22 PM,766,17.74724,-64.71159,29.7,57.2,21.8,209.62,34.6
6/10/2026,12:09:23 PM,767,17.74724,-64.71160,29.6,57.2,21.8,214.4,34.6
6/10/2026,12:09:24 PM,768,17.74724,-64.71160,29.6,57.4,21.8,210.02,34.6
6/10/2026,12:09:25 PM,769,17.74724,-64.71159,29.5,57.5,21.8,204.84,34.7
6/10/2026,12:09:26 PM,770,17.74724,-64.71160,29.5,57.5,21.8,225.73,34.7
6/10/2026,12:09:27 PM,771,17.74724,-64.71160,29.5,57.4,21.8,225.32,34.6
6/10/2026,12:09:28 PM,772,17.74724,-64.71160,29.5,57.5,21.8,207.8,34.6
6/10/2026,12:09:29 PM,773,17.74724,-64.71160,29.4,57.5,21.8,204.36,34.6
6/10/2026,12:09:30 PM,774,17.74724,-64.71160,29.4,57.5,21.8,211.22,34.6
6/10/2026,12:09:31 PM,775,17.74723,-64.71160,29.4,57.6,21.8,219.32,34.6
6/10/2026,12:09:32 PM,776,17.74724,-64.71160,29.5,57.6,21.8,222,34.6
6/10/2026,12:09:33 PM,777,17.74725,-64.71160,29.5,57.6,21.8,210.59,34.6
6/10/2026,12:09:34 PM,778,17.74725,-64.71159,29.4,57.6,21.8,199.92,34.6
6/10/2026,12:09:35 PM,779,17.74724,-64.71159,29.3,57.8,21.9,238.9,34.6
6/10/2026,12:09:36 PM,780,17.74725,-64.71159,29.3,57.9,21.9,210.25,34.6
6/10/2026,12:09:37 PM,781,17.74724,-64.71160,29.4,57.7,21.8,213.56,34.6
6/10/2026,12:09:38 PM,782,17.74724,-64.71160,29.4,57.7,21.8,199.21,34.6
6/10/2026,12:09:39 PM,783,17.74725,-64.71160,29.4,57.8,21.8,208.72,34.6
6/10/2026,12:09:40 PM,784,17.74724,-64.71160,29.5,57.9,21.9,208.15,34.6
6/10/2026,12:09:41 PM,785,17.74725,-64.71160,29.4,58.1,21.9,204.77,34.6
6/10/2026,12:09:42 PM,786,17.74724,-64.71160,29.4,58,21.9,204.2,34.6
6/10/2026,12:09:43 PM,787,17.74724,-64.71160,29.4,57.9,21.9,201.75,34.5
6/10/2026,12:09:44 PM,788,17.74724,-64.71160,29.2,58,21.9,215.39,34.6
6/10/2026,12:09:45 PM,789,17.74724,-64.71160,29.3,58,21.9,202.5,34.5
6/10/2026,12:09:46 PM,790,17.74724,-64.71161,29.3,58,21.9,200.34,34.5
6/10/2026,12:09:47 PM,791,17.74723,-64.71161,29.3,58.2,21.9,199.84,34.6
6/10/2026,12:09:48 PM,792,17.74723,-64.71161,29.2,58.3,21.9,200.9,34.6
6/10/2026,12:09:49 PM,793,17.74723,-64.71161,29.3,58.3,21.9,198.91,34.5
6/10/2026,12:09:50 PM,794,17.74723,-64.71161,29.3,58.1,21.9,211.4,34.5
6/10/2026,12:09:51 PM,795,17.74723,-64.71162,29.3,58,21.8,198.66,34.4
6/10/2026,12:09:52 PM,796,17.74723,-64.71162,29.2,58.1,21.8,202.41,34.5
6/10/2026,12:09:53 PM,797,17.74723,-64.71162,29.2,58.2,21.8,202.96,34.4
6/10/2026,12:09:54 PM,798,17.74723,-64.71162,29.2,58.3,21.9,202.35,34.5
6/10/2026,12:09:55 PM,799,17.74723,-64.71162,29.3,58.3,21.9,197.06,34.4
6/10/2026,12:09:56 PM,800,17.74723,-64.71162,29.3,58.2,21.8,202.59,34.4
6/10/2026,12:09:57 PM,801,17.74722,-64.71162,29.3,58.2,21.8,207.78,34.4
6/10/2026,12:09:58 PM,802,17.74722,-64.71162,29.3,58.2,21.8,228.29,34.4
6/10/2026,12:09:59 PM,803,17.74722,-64.71162,29.2,58.3,21.8,224.25,34.4
6/10/2026,12:10:00 PM,804,17.74722,-64.71162,29.3,58.2,21.8,220.55,34.4
6/10/2026,12:10:01 PM,805,17.74722,-64.71162,29.2,58.2,21.8,220.95,34.4
6/10/2026,12:10:02 PM,806,17.74722,-64.71162,29.4,58.1,21.8,213.01,34.3
6/10/2026,12:10:03 PM,807,17.74723,-64.71162,29.2,58.2,21.8,217.47,34.3
6/10/2026,12:10:04 PM,808,17.74723,-64.71162,29.3,58.4,21.9,215.44,34.4
6/10/2026,12:10:05 PM,809,17.74723,-64.71162,29.2,58.5,21.9,214.7,34.4
6/10/2026,12:10:06 PM,810,17.74723,-64.71162,29.1,58.5,21.9,218.46,34.4
6/10/2026,12:10:07 PM,811,17.74723,-64.71162,29.2,58.4,21.9,215.14,34.4
6/10/2026,12:10:08 PM,812,17.74724,-64.71161,29.1,58.3,21.8,212.06,34.3
6/10/2026,12:10:09 PM,813,17.74724,-64.71161,29.4,58.2,21.8,210.78,34.3
6/10/2026,12:10:10 PM,814,17.74724,-64.71161,29.2,58.4,21.8,220.36,34.3
6/10/2026,12:10:11 PM,815,17.74724,-64.71161,29.2,58.5,21.9,202.68,34.3
6/10/2026,12:10:12 PM,816,17.74724,-64.71160,29.1,58.5,21.8,175.31,34.3
6/10/2026,12:10:13 PM,817,17.74725,-64.71160,29.2,58.5,21.8,155.92,34.3
6/10/2026,12:10:14 PM,818,17.74725,-64.71159,29,58.5,21.8,174.95,34.3
6/10/2026,12:10:15 PM,819,17.74725,-64.71158,29.2,58.7,21.9,164.89,34.3
6/10/2026,12:10:16 PM,820,17.74725,-64.71158,29.2,58.3,21.8,154.52,34.2
6/10/2026,12:10:17 PM,821,17.74724,-64.71157,29.2,57.9,21.6,175.39,34.1
6/10/2026,12:10:18 PM,822,17.74724,-64.71157,29,58,21.7,163.56,34.1
6/10/2026,12:10:19 PM,823,17.74724,-64.71158,28.9,57.9,21.6,164.6,34.1
6/10/2026,12:10:20 PM,824,17.74724,-64.71158,29,57.8,21.6,161,34
6/10/2026,12:10:21 PM,825,17.74724,-64.71158,29.1,57.7,21.6,165.83,34
6/10/2026,12:10:22 PM,826,17.74724,-64.71158,29.1,57.5,21.5,156.98,33.9
6/10/2026,12:10:23 PM,827,17.74723,-64.71158,29,57.6,21.5,166.16,33.9
6/10/2026,12:10:24 PM,828,17.74723,-64.71158,28.9,57.6,21.5,160.99,33.9
6/10/2026,12:10:25 PM,829,17.74723,-64.71158,28.9,57.7,21.5,169.02,33.9
6/10/2026,12:10:26 PM,830,17.74722,-64.71158,29,57.7,21.5,216.89,33.9
6/10/2026,12:10:27 PM,831,17.74722,-64.71157,28.8,57.9,21.6,214.82,33.9
6/10/2026,12:10:28 PM,832,17.74721,-64.71157,28.9,58,21.6,222.61,33.9
6/10/2026,12:10:29 PM,833,17.74721,-64.71156,28.8,58,21.6,234.17,33.9
6/10/2026,12:10:30 PM,834,17.74720,-64.71155,28.9,58,21.6,227.07,33.9
6/10/2026,12:10:31 PM,835,17.74719,-64.71154,28.9,58.1,21.6,304.2,33.9
6/10/2026,12:10:32 PM,836,17.74718,-64.71153,28.9,58.1,21.6,239.37,33.9
6/10/2026,12:10:33 PM,837,17.74717,-64.71152,29,58.1,21.6,271.87,33.9
6/10/2026,12:10:34 PM,838,17.74717,-64.71151,28.9,58,21.6,231.05,33.9
6/10/2026,12:10:35 PM,839,17.74716,-64.71150,29,58,21.6,287.54,33.8
6/10/2026,12:10:36 PM,840,17.74716,-64.71149,29,58,21.5,299.08,33.8
6/10/2026,12:10:37 PM,841,17.74715,-64.71147,29,57.9,21.5,248.08,33.8
6/10/2026,12:10:38 PM,842,17.74715,-64.71147,29,57.9,21.5,299.86,33.8
6/10/2026,12:10:39 PM,843,17.74714,-64.71146,29,57.9,21.5,273.63,33.8
6/10/2026,12:10:40 PM,844,17.74714,-64.71145,29,57.8,21.5,303.28,33.7
6/10/2026,12:10:41 PM,845,17.74714,-64.71144,29,57.9,21.5,281.24,33.8
6/10/2026,12:10:42 PM,846,17.74713,-64.71143,29.1,57.9,21.5,320.66,33.8
6/10/2026,12:10:43 PM,847,17.74713,-64.71142,29,58,21.5,292,33.7
6/10/2026,12:10:44 PM,848,17.74712,-64.71141,29.1,57.9,21.5,245.8,33.7
6/10/2026,12:10:45 PM,849,17.74712,-64.71140,29,58,21.5,273.59,33.7
6/10/2026,12:10:46 PM,850,17.74712,-64.71139,29.2,58.1,21.5,265.11,33.7
6/10/2026,12:10:47 PM,851,17.74711,-64.71138,29.1,58.2,21.5,228.04,33.8
6/10/2026,12:10:48 PM,852,17.74710,-64.71137,29.2,58.1,21.5,266.11,33.7
6/10/2026,12:10:49 PM,853,17.74710,-64.71136,29.2,58.1,21.5,257.14,33.7
6/10/2026,12:10:50 PM,854,17.74710,-64.71135,29.1,58.2,21.5,216.51,33.7
6/10/2026,12:10:51 PM,855,17.74709,-64.71134,29.2,58.2,21.5,254.2,33.8
6/10/2026,12:10:52 PM,856,17.74708,-64.71133,29.2,58.3,21.5,256.24,33.8
6/10/2026,12:10:53 PM,857,17.74708,-64.71132,29.3,58.4,21.6,244.1,33.8
6/10/2026,12:10:54 PM,858,17.74708,-64.71131,29.2,58.4,21.6,237.64,33.8
6/10/2026,12:10:55 PM,859,17.74707,-64.71130,29.1,58.4,21.6,201.28,33.8
6/10/2026,12:10:56 PM,860,17.74707,-64.71129,29.2,58.4,21.6,201.52,33.8
6/10/2026,12:10:57 PM,861,17.74706,-64.71128,29.3,58.5,21.6,177.78,33.8
6/10/2026,12:10:58 PM,862,17.74706,-64.71127,29.4,58.4,21.6,192.16,33.8
6/10/2026,12:10:59 PM,863,17.74706,-64.71126,29.4,58.6,21.6,146.23,33.8
6/10/2026,12:11:00 PM,864,17.74705,-64.71125,29.3,58.7,21.6,147.92,33.8
6/10/2026,12:11:01 PM,865,17.74705,-64.71124,29.5,58.8,21.7,176.39,33.8
6/10/2026,12:11:02 PM,866,17.74704,-64.71123,29.4,58.9,21.7,152.38,33.9
6/10/2026,12:11:03 PM,867,17.74703,-64.71122,29.3,58.9,21.7,124.25,33.8
6/10/2026,12:11:04 PM,868,17.74702,-64.71121,29.5,58.8,21.7,129.38,33.8
6/10/2026,12:11:05 PM,869,17.74702,-64.71120,29.4,58.9,21.7,175.01,33.8
6/10/2026,12:11:06 PM,870,17.74702,-64.71119,29.3,58.9,21.7,177.06,33.8
6/10/2026,12:11:07 PM,871,17.74701,-64.71118,29.2,58.8,21.7,205.69,33.8
6/10/2026,12:11:08 PM,872,17.74701,-64.71117,29.3,58.9,21.7,189.11,33.8
6/10/2026,12:11:09 PM,873,17.74700,-64.71115,29.5,58.9,21.7,210.83,33.8
6/10/2026,12:11:10 PM,874,17.74700,-64.71114,29.4,58.8,21.7,210.03,33.8
6/10/2026,12:11:11 PM,875,17.74699,-64.71114,29.5,58.8,21.7,222.47,33.8
6/10/2026,12:11:12 PM,876,17.74699,-64.71113,29.3,58.8,21.7,211.86,33.8
6/10/2026,12:11:13 PM,877,17.74698,-64.71112,29.3,58.8,21.7,234.44,33.8
6/10/2026,12:11:14 PM,878,17.74698,-64.71110,29.6,58.9,21.7,246.28,33.8
6/10/2026,12:11:15 PM,879,17.74697,-64.71110,29.3,58.9,21.7,249.19,33.8
6/10/2026,12:11:16 PM,880,17.74696,-64.71109,29.6,58.8,21.7,225.38,33.8
6/10/2026,12:11:17 PM,881,17.74696,-64.71107,29.4,58.8,21.6,218.94,33.7
6/10/2026,12:11:18 PM,882,17.74696,-64.71106,29.5,58.7,21.6,191.68,33.8
6/10/2026,12:11:19 PM,883,17.74695,-64.71105,29.4,58.7,21.6,209.3,33.7
6/10/2026,12:11:20 PM,884,17.74695,-64.71105,29.6,58.7,21.6,271.78,33.7
6/10/2026,12:11:21 PM,885,17.74694,-64.71103,29.5,58.7,21.6,298.19,33.7
6/10/2026,12:11:22 PM,886,17.74694,-64.71102,29.5,58.7,21.6,219.09,33.7
6/10/2026,12:11:23 PM,887,17.74693,-64.71101,29.6,58.7,21.6,230.38,33.7
6/10/2026,12:11:24 PM,888,17.74693,-64.71100,29.6,58.7,21.6,228.75,33.7
6/10/2026,12:11:25 PM,889,17.74692,-64.71098,29.6,58.7,21.6,273.88,33.7
6/10/2026,12:11:26 PM,890,17.74692,-64.71097,29.6,58.7,21.6,250.92,33.7
6/10/2026,12:11:27 PM,891,17.74691,-64.71096,29.6,58.7,21.6,239.43,33.7
6/10/2026,12:11:28 PM,892,17.74690,-64.71094,29.6,58.6,21.6,267.22,33.7
6/10/2026,12:11:29 PM,893,17.74690,-64.71093,29.6,58.7,21.6,247.37,33.7
6/10/2026,12:11:30 PM,894,17.74688,-64.71092,29.6,58.8,21.6,231.1,33.7
6/10/2026,12:11:31 PM,895,17.74688,-64.71091,29.7,58.8,21.6,245.27,33.7
6/10/2026,12:11:32 PM,896,17.74688,-64.71090,29.6,58.7,21.6,264.75,33.7
6/10/2026,12:11:33 PM,897,17.74687,-64.71089,29.6,58.8,21.6,274.89,33.7
6/10/2026,12:11:34 PM,898,17.74686,-64.71088,29.9,58.7,21.6,330.34,33.7
6/10/2026,12:11:35 PM,899,17.74686,-64.71087,29.5,58.7,21.6,329.91,33.7
6/10/2026,12:11:36 PM,900,17.74685,-64.71086,29.6,58.6,21.6,416.06,33.7
6/10/2026,12:11:37 PM,901,17.74685,-64.71087,29.6,58.6,21.6,458.39,33.7
6/10/2026,12:11:38 PM,902,17.74685,-64.71086,29.6,58.8,21.6,340.08,33.7
6/10/2026,12:11:39 PM,903,17.74685,-64.71085,29.6,58.7,21.6,362.21,33.7
6/10/2026,12:11:40 PM,904,17.74685,-64.71083,29.8,58.6,21.6,372.38,33.7
6/10/2026,12:11:41 PM,905,17.74685,-64.71082,29.8,58.6,21.6,361.58,33.7
6/10/2026,12:11:42 PM,906,17.74685,-64.71081,29.6,58.5,21.6,363.72,33.7
6/10/2026,12:11:43 PM,907,17.74684,-64.71080,29.6,58.6,21.6,390.66,33.7
6/10/2026,12:11:44 PM,908,17.74684,-64.71079,29.6,58.7,21.6,445.13,33.7
6/10/2026,12:11:45 PM,909,17.74683,-64.71078,29.6,58.7,21.6,394.69,33.7
6/10/2026,12:11:46 PM,910,17.74683,-64.71077,29.7,58.7,21.6,432.93,33.7
6/10/2026,12:11:47 PM,911,17.74682,-64.71076,29.9,58.7,21.6,541.83,33.7
6/10/2026,12:11:48 PM,912,17.74682,-64.71075,29.7,58.8,21.6,722.37,33.8
6/10/2026,12:11:49 PM,913,17.74681,-64.71074,29.8,58.9,21.7,837.75,33.8
6/10/2026,12:11:50 PM,914,17.74681,-64.71073,29.7,58.8,21.6,746.03,33.7
6/10/2026,12:11:51 PM,915,17.74681,-64.71072,29.8,58.9,21.7,817.65,33.8
6/10/2026,12:11:52 PM,916,17.74680,-64.71071,29.9,58.9,21.7,864.17,33.8
6/10/2026,12:11:53 PM,917,17.74680,-64.71070,29.7,58.9,21.7,710.62,33.8
6/10/2026,12:11:54 PM,918,17.74680,-64.71069,29.8,58.9,21.7,776.36,33.8
6/10/2026,12:11:55 PM,919,17.74680,-64.71067,30,58.8,21.7,534.81,33.8
6/10/2026,12:11:56 PM,920,17.74680,-64.71067,29.9,58.8,21.7,415.33,33.8
6/10/2026,12:11:57 PM,921,17.74680,-64.71066,29.9,58.8,21.6,459.6,33.8
6/10/2026,12:11:58 PM,922,17.74679,-64.71065,29.9,58.9,21.7,480.3,33.8
6/10/2026,12:11:59 PM,923,17.74679,-64.71063,30.1,58.9,21.7,461.93,33.8
6/10/2026,12:12:00 PM,924,17.74678,-64.71062,29.9,58.8,21.7,444.96,33.8
6/10/2026,12:12:01 PM,925,17.74678,-64.71061,29.8,58.9,21.7,402.74,33.8
6/10/2026,12:12:02 PM,926,17.74678,-64.71060,29.9,58.8,21.7,482.89,33.8
6/10/2026,12:12:03 PM,927,17.74677,-64.71058,30.1,58.8,21.7,685.25,33.8
6/10/2026,12:12:04 PM,928,17.74677,-64.71057,30.1,58.8,21.7,471.11,33.8
6/10/2026,12:12:05 PM,929,17.74677,-64.71057,29.8,58.9,21.7,425.32,33.8
6/10/2026,12:12:06 PM,930,17.74676,-64.71056,29.8,58.8,21.7,372.43,33.8
6/10/2026,12:12:07 PM,931,17.74675,-64.71055,29.9,58.8,21.7,413.47,33.8
6/10/2026,12:12:08 PM,932,17.74675,-64.71056,29.8,58.7,21.7,356.99,33.8
6/10/2026,12:12:09 PM,933,17.74674,-64.71055,29.6,58.6,21.6,409.1,33.8
6/10/2026,12:12:10 PM,934,17.74673,-64.71054,29.9,58.7,21.7,391.59,33.8
6/10/2026,12:12:11 PM,935,17.74673,-64.71052,29.8,58.7,21.7,403.95,33.8
6/10/2026,12:12:12 PM,936,17.74673,-64.71051,29.8,58.7,21.7,424.47,33.8
6/10/2026,12:12:13 PM,937,17.74672,-64.71050,29.8,58.7,21.7,515.37,33.8
6/10/2026,12:12:14 PM,938,17.74672,-64.71048,29.7,58.7,21.7,479.25,33.8
6/10/2026,12:12:15 PM,939,17.74671,-64.71047,29.9,58.8,21.7,461.96,33.9
6/10/2026,12:12:16 PM,940,17.74671,-64.71047,29.8,58.8,21.7,431.75,33.9
6/10/2026,12:12:17 PM,941,17.74670,-64.71046,29.6,58.8,21.7,423.25,33.9
6/10/2026,12:12:18 PM,942,17.74669,-64.71045,29.6,58.8,21.7,412.17,33.9
6/10/2026,12:12:19 PM,943,17.74669,-64.71044,29.7,58.8,21.7,319.3,33.9
6/10/2026,12:12:20 PM,944,17.74669,-64.71043,29.6,58.8,21.7,395.51,33.9
6/10/2026,12:12:21 PM,945,17.74668,-64.71042,29.8,58.8,21.7,398.42,33.9
6/10/2026,12:12:22 PM,946,17.74667,-64.71041,29.8,58.8,21.7,355.65,33.9
6/10/2026,12:12:23 PM,947,17.74667,-64.71039,29.9,58.9,21.7,380.96,33.9
6/10/2026,12:12:24 PM,948,17.74667,-64.71038,29.8,59,21.8,388.76,33.9
6/10/2026,12:12:25 PM,949,17.74666,-64.71037,29.8,59,21.8,467.11,33.9
6/10/2026,12:12:26 PM,950,17.74666,-64.71036,29.8,59,21.7,384.15,33.9
6/10/2026,12:12:27 PM,951,17.74665,-64.71035,29.8,58.9,21.7,377.65,33.9
6/10/2026,12:12:28 PM,952,17.74665,-64.71034,29.7,58.8,21.7,406.5,33.9
6/10/2026,12:12:29 PM,953,17.74664,-64.71033,29.9,58.8,21.7,442.17,33.9
6/10/2026,12:12:30 PM,954,17.74664,-64.71032,29.8,59,21.8,406.64,33.9
6/10/2026,12:12:31 PM,955,17.74663,-64.71031,29.7,59,21.8,354.42,33.9
6/10/2026,12:12:32 PM,956,17.74662,-64.71031,29.8,58.9,21.7,391.7,33.9
6/10/2026,12:12:33 PM,957,17.74661,-64.71030,29.8,58.8,21.7,401.81,33.9
6/10/2026,12:12:34 PM,958,17.74661,-64.71029,29.8,58.8,21.7,387.16,33.9
6/10/2026,12:12:35 PM,959,17.74661,-64.71027,29.8,58.8,21.7,369.02,33.9
6/10/2026,12:12:36 PM,960,17.74661,-64.71026,29.8,58.8,21.7,332.83,33.9
6/10/2026,12:12:37 PM,961,17.74661,-64.71026,29.9,58.9,21.7,354.34,33.9
6/10/2026,12:12:38 PM,962,17.74661,-64.71027,29.9,58.8,21.7,356.66,33.9