Date,Time,Elapsed Seconds,Latitude,Longitude,Humidity-Humidity (%RH),Dew Point-Dew Point (&#x2103;),Heat Index-Heat Index (&#x2103;),Ambient Light Intensity-Light (lux),Temperature Probe-Temperature (&#x2103;)
6/10/2026,10:26:38 AM,0,17.74582,-64.71839,50.6,20,33.6,338.15,31.9
6/10/2026,10:26:39 AM,1,17.74583,-64.71839,50.7,20.1,33.6,365.26,32
6/10/2026,10:26:40 AM,2,17.74585,-64.71838,50.7,20.1,33.6,377.88,32.1
6/10/2026,10:26:41 AM,3,17.74585,-64.71838,50.6,20,33.6,386.65,32
6/10/2026,10:26:42 AM,4,17.74586,-64.71838,50.3,19.9,33.5,397.05,31.8
6/10/2026,10:26:43 AM,5,17.74586,-64.71838,50.2,19.9,33.5,406.35,32
6/10/2026,10:26:44 AM,6,17.74586,-64.71838,50.3,19.9,33.6,545.56,32
6/10/2026,10:26:45 AM,7,17.74586,-64.71838,50.3,20,33.6,543.89,32
6/10/2026,10:26:46 AM,8,17.74586,-64.71838,50.4,20,33.6,399.47,32
6/10/2026,10:26:47 AM,9,17.74586,-64.71838,50.5,20,33.6,384.75,32
6/10/2026,10:26:48 AM,10,17.74586,-64.71838,50.6,20.1,33.7,385.89,32.1
6/10/2026,10:26:49 AM,11,17.74587,-64.71838,50.6,20.1,33.7,398.6,32.1
6/10/2026,10:26:50 AM,12,17.74587,-64.71838,50.6,20.1,33.7,398.47,32.1
6/10/2026,10:26:51 AM,13,17.74587,-64.71837,50.7,20.1,33.7,403.09,32.2
6/10/2026,10:26:52 AM,14,17.74587,-64.71837,50.7,20.1,33.7,370.4,32.2
6/10/2026,10:26:53 AM,15,17.74587,-64.71837,50.4,20,33.7,368.18,32.2
6/10/2026,10:26:54 AM,16,17.74587,-64.71837,50.5,20,33.7,357.4,32.3
6/10/2026,10:26:55 AM,17,17.74587,-64.71837,50.5,20.1,33.7,345.66,32.3
6/10/2026,10:26:56 AM,18,17.74587,-64.71837,50.6,20.1,33.7,410.96,32.2
6/10/2026,10:26:57 AM,19,17.74587,-64.71837,50.5,20.1,33.7,560.56,32.2
6/10/2026,10:26:58 AM,20,17.74587,-64.71837,50.5,20.1,33.7,363.88,32.2
6/10/2026,10:26:59 AM,21,17.74587,-64.71837,50.5,20.1,33.7,555.97,32.1
6/10/2026,10:27:00 AM,22,17.74587,-64.71837,50.5,20.1,33.7,363.39,32.2
6/10/2026,10:27:01 AM,23,17.74587,-64.71837,50.5,20.1,33.7,363.73,32.3
6/10/2026,10:27:02 AM,24,17.74587,-64.71837,50.5,20.1,33.7,373.67,32.3
6/10/2026,10:27:03 AM,25,17.74587,-64.71837,50.6,20.1,33.7,368.8,32.4
6/10/2026,10:27:04 AM,26,17.74587,-64.71837,50.6,20.1,33.7,369.16,32.3
6/10/2026,10:27:05 AM,27,17.74587,-64.71837,50.6,20.1,33.7,371.78,32.5
6/10/2026,10:27:06 AM,28,17.74587,-64.71837,50.6,20.1,33.7,375,32.4
6/10/2026,10:27:07 AM,29,17.74587,-64.71837,50.6,20.1,33.7,379.25,32.5
6/10/2026,10:27:08 AM,30,17.74587,-64.71837,50.6,20.1,33.7,398.78,32.4
6/10/2026,10:27:09 AM,31,17.74587,-64.71837,50.6,20.1,33.8,534.17,32.5
6/10/2026,10:27:10 AM,32,17.74587,-64.71837,50.7,20.1,33.8,611.06,32.4
6/10/2026,10:27:11 AM,33,17.74587,-64.71837,50.7,20.2,33.8,379.66,32.4
6/10/2026,10:27:12 AM,34,17.74587,-64.71837,50.7,20.2,33.8,558.19,32.7
6/10/2026,10:27:13 AM,35,17.74587,-64.71837,50.8,20.2,33.8,379.15,32.4
6/10/2026,10:27:14 AM,36,17.74587,-64.71837,50.9,20.2,33.9,525.31,32.3
6/10/2026,10:27:15 AM,37,17.74587,-64.71837,50.9,20.2,33.9,562.37,32.5
6/10/2026,10:27:16 AM,38,17.74587,-64.71837,50.9,20.2,33.9,616.48,32.5
6/10/2026,10:27:17 AM,39,17.74587,-64.71837,50.9,20.2,33.9,585.7,32.7
6/10/2026,10:27:18 AM,40,17.74587,-64.71837,50.8,20.2,33.9,581.17,32.6
6/10/2026,10:27:19 AM,41,17.74587,-64.71837,50.8,20.2,33.9,575.92,32.5
6/10/2026,10:27:20 AM,42,17.74587,-64.71837,50.8,20.2,33.9,574.34,32.5
6/10/2026,10:27:21 AM,43,17.74587,-64.71837,50.8,20.2,33.9,580.66,32.7
6/10/2026,10:27:22 AM,44,17.74587,-64.71837,50.8,20.2,33.9,569.17,32.6
6/10/2026,10:27:23 AM,45,17.74587,-64.71837,50.7,20.2,33.9,401.74,32.7
6/10/2026,10:27:24 AM,46,17.74587,-64.71837,50.6,20.2,33.9,382.9,32.6
6/10/2026,10:27:25 AM,47,17.74587,-64.71837,50.6,20.2,33.9,379.59,32.6
6/10/2026,10:27:26 AM,48,17.74587,-64.71837,50.6,20.2,33.9,379.9,32.7
6/10/2026,10:27:27 AM,49,17.74587,-64.71837,50.6,20.2,33.9,380.3,32.8
6/10/2026,10:27:28 AM,50,17.74587,-64.71837,50.5,20.2,33.9,400.66,32.8
6/10/2026,10:27:29 AM,51,17.74587,-64.71837,50.5,20.2,33.9,391.44,32.6
6/10/2026,10:27:30 AM,52,17.74587,-64.71837,50.6,20.2,33.9,612.81,32.9
6/10/2026,10:27:31 AM,53,17.74587,-64.71837,50.6,20.2,34,338.4,32.9
6/10/2026,10:27:32 AM,54,17.74587,-64.71837,50.4,20.1,33.9,551.2,32.8
6/10/2026,10:27:33 AM,55,17.74587,-64.71837,50.5,20.2,33.9,534.72,32.9
6/10/2026,10:27:34 AM,56,17.74587,-64.71837,50.5,20.2,33.9,596.81,32.9
6/10/2026,10:27:35 AM,57,17.74587,-64.71837,50.5,20.2,34,627.64,32.9
6/10/2026,10:27:36 AM,58,17.74587,-64.71837,50.5,20.2,34,590.34,32.8
6/10/2026,10:27:37 AM,59,17.74587,-64.71837,50.5,20.2,34,407.63,33.1
6/10/2026,10:27:38 AM,60,17.74587,-64.71837,50.5,20.2,34,422.2,33
6/10/2026,10:27:39 AM,61,17.74587,-64.71837,50.5,20.2,34,558.16,32.9
6/10/2026,10:27:40 AM,62,17.74587,-64.71837,50.6,20.2,34,560.7,32.8
6/10/2026,10:27:41 AM,63,17.74587,-64.71837,50.5,20.2,34,559.16,32.9
6/10/2026,10:27:42 AM,64,17.74587,-64.71837,50.5,20.2,34.1,573.12,32.9
6/10/2026,10:27:43 AM,65,17.74587,-64.71837,50.5,20.2,34.1,408.9,32.9
6/10/2026,10:27:44 AM,66,17.74587,-64.71837,50.6,20.3,34.1,414.04,33
6/10/2026,10:27:45 AM,67,17.74587,-64.71837,50.6,20.3,34.1,387.85,33
6/10/2026,10:27:46 AM,68,17.74587,-64.71837,50.6,20.3,34.1,381.29,32.9
6/10/2026,10:27:47 AM,69,17.74587,-64.71837,50.6,20.3,34.1,373.51,32.9
6/10/2026,10:27:48 AM,70,17.74587,-64.71837,50.4,20.2,34.1,378.02,33
6/10/2026,10:27:49 AM,71,17.74587,-64.71837,50.4,20.2,34.1,378.29,33.1
6/10/2026,10:27:50 AM,72,17.74587,-64.71837,50.4,20.2,34.1,362.42,33.1
6/10/2026,10:27:51 AM,73,17.74587,-64.71837,50.4,20.2,34.1,354.21,32.9
6/10/2026,10:27:52 AM,74,17.74587,-64.71837,50.4,20.2,34.1,367.15,32.9
6/10/2026,10:27:53 AM,75,17.74587,-64.71837,50.4,20.2,34.1,375.97,32.9
6/10/2026,10:27:54 AM,76,17.74587,-64.71837,50.5,20.3,34.1,594.48,32.9
6/10/2026,10:27:55 AM,77,17.74587,-64.71837,50.4,20.3,34.1,357.31,33
6/10/2026,10:27:56 AM,78,17.74587,-64.71837,50.4,20.2,34.1,512.25,33
6/10/2026,10:27:57 AM,79,17.74587,-64.71837,50.4,20.2,34.1,507.7,32.9
6/10/2026,10:27:58 AM,80,17.74587,-64.71837,50.4,20.3,34.1,502.62,33.1
6/10/2026,10:27:59 AM,81,17.74587,-64.71837,50.3,20.2,34.1,492.33,32.9
6/10/2026,10:28:00 AM,82,17.74587,-64.71837,50.3,20.2,34.1,566.51,32.9
6/10/2026,10:28:01 AM,83,17.74587,-64.71837,50.4,20.3,34.1,602.86,32.8
6/10/2026,10:28:02 AM,84,17.74587,-64.71837,50.2,20.2,34.1,594.3,32.9
6/10/2026,10:28:03 AM,85,17.74587,-64.71837,50,20.2,34.1,499,32.8
6/10/2026,10:28:04 AM,86,17.74587,-64.71837,49.7,20.1,34,664.67,32.8
6/10/2026,10:28:05 AM,87,17.74587,-64.71837,49.6,20,34,660.39,32.9
6/10/2026,10:28:06 AM,88,17.74587,-64.71837,49.5,20,34,670.75,32.9
6/10/2026,10:28:07 AM,89,17.74587,-64.71837,49.6,20,34,667.73,33
6/10/2026,10:28:08 AM,90,17.74587,-64.71837,49.4,20,34,691.39,32.8
6/10/2026,10:28:09 AM,91,17.74587,-64.71837,49.3,20,34,699.11,32.8
6/10/2026,10:28:10 AM,92,17.74587,-64.71837,49.5,20,34,784.19,32.9
6/10/2026,10:28:11 AM,93,17.74587,-64.71837,49.6,20.1,34.1,662.23,32.8
6/10/2026,10:28:12 AM,94,17.74587,-64.71837,49.7,20.1,34.1,677.08,32.8
6/10/2026,10:28:13 AM,95,17.74587,-64.71837,49.7,20.1,34.1,681.42,32.8
6/10/2026,10:28:14 AM,96,17.74587,-64.71837,49.8,20.1,34.1,682.69,32.9
6/10/2026,10:28:15 AM,97,17.74587,-64.71837,49.8,20.1,34.1,680.41,32.8
6/10/2026,10:28:16 AM,98,17.74587,-64.71837,49.8,20.1,34.1,667.55,33
6/10/2026,10:28:17 AM,99,17.74587,-64.71837,49.3,20,34,673.56,33
6/10/2026,10:28:18 AM,100,17.74587,-64.71837,49.2,19.9,34,644.76,32.9
6/10/2026,10:28:19 AM,101,17.74587,-64.71837,49.2,19.9,34,671.05,32.9
6/10/2026,10:28:20 AM,102,17.74587,-64.71837,49,19.9,33.9,664.34,32.9
6/10/2026,10:28:21 AM,103,17.74587,-64.71837,48.9,19.8,33.9,670.47,32.8
6/10/2026,10:28:22 AM,104,17.74587,-64.71837,48.9,19.9,33.9,669.01,32.8
6/10/2026,10:28:23 AM,105,17.74587,-64.71837,48.9,19.9,34,667.8,33
6/10/2026,10:28:24 AM,106,17.74587,-64.71837,49,19.9,34,672.17,32.8
6/10/2026,10:28:25 AM,107,17.74587,-64.71837,48.9,19.9,34,675.3,32.9
6/10/2026,10:28:26 AM,108,17.74587,-64.71837,48.8,19.8,34,675.34,32.7
6/10/2026,10:28:27 AM,109,17.74587,-64.71837,48.8,19.9,34,678.16,32.8
6/10/2026,10:28:28 AM,110,17.74587,-64.71837,48.9,19.9,34,681.39,32.7
6/10/2026,10:28:29 AM,111,17.74587,-64.71837,49,19.9,34,681.69,32.6
6/10/2026,10:28:30 AM,112,17.74587,-64.71837,49,19.9,34,697.34,32.6
6/10/2026,10:28:31 AM,113,17.74587,-64.71837,49,19.9,34,691.06,32.4
6/10/2026,10:28:32 AM,114,17.74587,-64.71837,48.9,19.9,34,659.55,32.5
6/10/2026,10:28:33 AM,115,17.74587,-64.71837,48.9,19.9,34,662.86,32.5
6/10/2026,10:28:34 AM,116,17.74587,-64.71837,48.9,19.9,34,638.7,32.6
6/10/2026,10:28:35 AM,117,17.74587,-64.71837,48.8,19.9,34,506.07,32.4
6/10/2026,10:28:36 AM,118,17.74587,-64.71837,48.9,19.9,34,629.73,32.4
6/10/2026,10:28:37 AM,119,17.74587,-64.71837,49,19.9,34.1,414.05,32.3
6/10/2026,10:28:38 AM,120,17.74587,-64.71837,49.2,20,34.1,418.22,32.5
6/10/2026,10:28:39 AM,121,17.74587,-64.71837,49.1,20,34.1,678.86,32.5
6/10/2026,10:28:40 AM,122,17.74587,-64.71837,49.1,20,34.1,475.58,32.5
6/10/2026,10:28:41 AM,123,17.74587,-64.71837,49.1,20,34.1,607.09,32.4
6/10/2026,10:28:42 AM,124,17.74587,-64.71837,49,19.9,34.1,485.55,32.6
6/10/2026,10:28:43 AM,125,17.74587,-64.71837,49,19.9,34.1,480.4,32.5
6/10/2026,10:28:44 AM,126,17.74587,-64.71837,48.9,19.9,34,388.52,32.7
6/10/2026,10:28:45 AM,127,17.74587,-64.71837,48.8,19.9,34,374.99,32.4
6/10/2026,10:28:46 AM,128,17.74587,-64.71837,48.7,19.9,34,397.57,32.7
6/10/2026,10:28:47 AM,129,17.74587,-64.71837,48.8,19.9,34,408.44,32.6
6/10/2026,10:28:48 AM,130,17.74587,-64.71837,48.9,19.9,34.1,659.75,32.6
6/10/2026,10:28:49 AM,131,17.74587,-64.71837,48.9,19.9,34,452.05,32.4
6/10/2026,10:28:50 AM,132,17.74587,-64.71837,49,19.9,34.1,626.16,32.5
6/10/2026,10:28:51 AM,133,17.74587,-64.71837,49,20,34.1,559.47,32.6
6/10/2026,10:28:52 AM,134,17.74587,-64.71837,49.1,20,34.1,537.78,32.6
6/10/2026,10:28:53 AM,135,17.74587,-64.71837,49.1,20,34.1,547.32,32.5
6/10/2026,10:28:54 AM,136,17.74587,-64.71837,49.1,20,34.1,566.26,32.5
6/10/2026,10:28:55 AM,137,17.74587,-64.71837,49.2,20,34.2,621.47,32.6
6/10/2026,10:28:56 AM,138,17.74587,-64.71837,49.3,20.1,34.2,626.05,32.8
6/10/2026,10:28:57 AM,139,17.74587,-64.71837,49.4,20.1,34.2,458.24,32.5
6/10/2026,10:28:58 AM,140,17.74587,-64.71837,49.4,20.1,34.2,591.36,32.6
6/10/2026,10:28:59 AM,141,17.74587,-64.71837,49.3,20.1,34.2,600.05,32.6
6/10/2026,10:29:00 AM,142,17.74587,-64.71837,49.3,20.1,34.2,462.31,32.6
6/10/2026,10:29:01 AM,143,17.74587,-64.71837,49.4,20.1,34.2,495.24,32.6
6/10/2026,10:29:02 AM,144,17.74587,-64.71837,49.4,20.1,34.2,463.96,32.6
6/10/2026,10:29:03 AM,145,17.74587,-64.71837,49.4,20.1,34.2,524.73,32.7
6/10/2026,10:29:04 AM,146,17.74587,-64.71837,49.4,20.1,34.2,753.83,32.6
6/10/2026,10:29:05 AM,147,17.74587,-64.71837,49.4,20.1,34.3,757.86,32.7
6/10/2026,10:29:06 AM,148,17.74587,-64.71837,49.4,20.1,34.3,696.97,32.6
6/10/2026,10:29:07 AM,149,17.74587,-64.71837,49.5,20.1,34.3,869.98,32.8
6/10/2026,10:29:08 AM,150,17.74587,-64.71837,49.4,20.1,34.3,761.48,32.9
6/10/2026,10:29:09 AM,151,17.74587,-64.71837,49.4,20.1,34.3,803.36,32.7
6/10/2026,10:29:10 AM,152,17.74587,-64.71837,49.4,20.1,34.3,685.12,32.8
6/10/2026,10:29:11 AM,153,17.74587,-64.71837,49.3,20.1,34.3,794.31,32.8
6/10/2026,10:29:12 AM,154,17.74587,-64.71837,49.3,20.1,34.3,725.62,32.6
6/10/2026,10:29:13 AM,155,17.74587,-64.71837,49.3,20.1,34.3,748.47,32.7
6/10/2026,10:29:14 AM,156,17.74587,-64.71837,49.3,20.1,34.3,758.76,32.7
6/10/2026,10:29:15 AM,157,17.74587,-64.71837,49.2,20.1,34.3,764.22,32.9
6/10/2026,10:29:16 AM,158,17.74587,-64.71837,49,20,34.2,854.34,32.9
6/10/2026,10:29:17 AM,159,17.74587,-64.71837,48.7,19.9,34.2,900.28,32.9
6/10/2026,10:29:18 AM,160,17.74587,-64.71837,48.9,20,34.2,977.12,32.7
6/10/2026,10:29:19 AM,161,17.74587,-64.71837,49.1,20.1,34.3,1012.96,32.7
6/10/2026,10:29:20 AM,162,17.74587,-64.71837,49.2,20.1,34.3,926.59,32.6
6/10/2026,10:29:21 AM,163,17.74587,-64.71837,49.2,20.1,34.3,734.75,32.8
6/10/2026,10:29:22 AM,164,17.74587,-64.71837,49.1,20.1,34.3,604.78,32.8
6/10/2026,10:29:23 AM,165,17.74587,-64.71837,49.1,20.1,34.3,840.54,32.7
6/10/2026,10:29:24 AM,166,17.74587,-64.71837,49.1,20.1,34.3,915.98,32.9
6/10/2026,10:29:25 AM,167,17.74587,-64.71837,49.1,20.1,34.3,732.72,32.9
6/10/2026,10:29:26 AM,168,17.74587,-64.71837,49.1,20.1,34.3,747.59,32.9
6/10/2026,10:29:27 AM,169,17.74587,-64.71837,49.1,20.1,34.3,976.67,32.9
6/10/2026,10:29:28 AM,170,17.74587,-64.71837,49.1,20.1,34.3,843.97,32.9
6/10/2026,10:29:29 AM,171,17.74587,-64.71837,49.1,20.1,34.3,941.33,32.7
6/10/2026,10:29:30 AM,172,17.74587,-64.71837,49.1,20.1,34.3,809.01,32.6
6/10/2026,10:29:31 AM,173,17.74587,-64.71837,49.2,20.1,34.4,766.12,33
6/10/2026,10:29:32 AM,174,17.74587,-64.71837,49.2,20.1,34.4,842.37,33.1
6/10/2026,10:29:33 AM,175,17.74587,-64.71837,49.3,20.2,34.4,888.34,32.9
6/10/2026,10:29:34 AM,176,17.74587,-64.71837,49.3,20.2,34.4,863.72,33.1
6/10/2026,10:29:35 AM,177,17.74587,-64.71837,49.3,20.2,34.4,738.72,32.8
6/10/2026,10:29:36 AM,178,17.74587,-64.71837,49.4,20.2,34.5,813.25,32.8
6/10/2026,10:29:37 AM,179,17.74587,-64.71837,49.2,20.2,34.4,744.76,32.9
6/10/2026,10:29:38 AM,180,17.74587,-64.71837,49.3,20.2,34.4,616.64,32.9
6/10/2026,10:29:39 AM,181,17.74587,-64.71837,49.3,20.2,34.4,603.3,33.1
6/10/2026,10:29:40 AM,182,17.74587,-64.71837,49.3,20.2,34.4,592.83,32.9
6/10/2026,10:29:41 AM,183,17.74587,-64.71837,49.3,20.2,34.4,609.25,33.1
6/10/2026,10:29:42 AM,184,17.74587,-64.71837,49.3,20.2,34.5,595.3,33.1
6/10/2026,10:29:43 AM,185,17.74587,-64.71837,49.3,20.2,34.5,525.03,32.9
6/10/2026,10:29:44 AM,186,17.74587,-64.71837,49.4,20.2,34.5,602.55,33
6/10/2026,10:29:45 AM,187,17.74587,-64.71837,49.4,20.2,34.5,637.14,33
6/10/2026,10:29:46 AM,188,17.74587,-64.71837,49.4,20.3,34.5,701.55,32.8
6/10/2026,10:29:47 AM,189,17.74587,-64.71837,49.5,20.3,34.5,703.14,32.9
6/10/2026,10:29:48 AM,190,17.74587,-64.71837,49.5,20.3,34.6,743.97,33.1
6/10/2026,10:29:49 AM,191,17.74587,-64.71837,49.5,20.3,34.6,636.4,32.9
6/10/2026,10:29:50 AM,192,17.74587,-64.71837,49.4,20.2,34.5,605.54,33
6/10/2026,10:29:51 AM,193,17.74587,-64.71837,49.3,20.3,34.6,745.82,32.9
6/10/2026,10:29:52 AM,194,17.74587,-64.71837,49.3,20.2,34.5,758.36,32.9
6/10/2026,10:29:53 AM,195,17.74587,-64.71837,49.3,20.2,34.5,489.48,32.7
6/10/2026,10:29:54 AM,196,17.74587,-64.71837,49.3,20.2,34.6,494.3,33
6/10/2026,10:29:55 AM,197,17.74587,-64.71837,49.2,20.2,34.5,523.31,32.9
6/10/2026,10:29:56 AM,198,17.74616,-64.71759,49.2,20.2,34.5,687.2,33
6/10/2026,10:29:57 AM,199,17.74616,-64.71758,49.3,20.2,34.6,684.05,32.9
6/10/2026,10:29:58 AM,200,17.74616,-64.71757,49.4,20.3,34.6,597.56,32.9
6/10/2026,10:29:59 AM,201,17.74616,-64.71756,49.5,20.3,34.6,586.62,33
6/10/2026,10:30:00 AM,202,17.74616,-64.71756,49.6,20.3,34.7,634.87,32.8
6/10/2026,10:30:01 AM,203,17.74616,-64.71755,49.6,20.4,34.7,651.66,32.9
6/10/2026,10:30:02 AM,204,17.74617,-64.71754,49.7,20.4,34.7,719.15,32.9
6/10/2026,10:30:03 AM,205,17.74617,-64.71753,49.9,20.5,34.8,728.37,33
6/10/2026,10:30:04 AM,206,17.74617,-64.71752,50.2,20.6,34.8,697.4,33.1
6/10/2026,10:30:05 AM,207,17.74617,-64.71751,50.3,20.6,34.9,575.22,33
6/10/2026,10:30:06 AM,208,17.74618,-64.71750,50.1,20.5,34.8,526.84,32.9
6/10/2026,10:30:07 AM,209,17.74618,-64.71748,49.9,20.5,34.8,494.59,32.7
6/10/2026,10:30:08 AM,210,17.74618,-64.71747,49.9,20.5,34.8,544.97,32.8
6/10/2026,10:30:09 AM,211,17.74618,-64.71747,49.8,20.4,34.8,718.81,33
6/10/2026,10:30:10 AM,212,17.74618,-64.71747,49.8,20.4,34.7,659.58,32.8
6/10/2026,10:30:11 AM,213,17.74618,-64.71747,49.7,20.4,34.8,626.94,32.9
6/10/2026,10:30:12 AM,214,17.74618,-64.71747,49.9,20.5,34.8,587.28,32.9
6/10/2026,10:30:13 AM,215,17.74618,-64.71747,49.9,20.5,34.9,579.14,32.7
6/10/2026,10:30:14 AM,216,17.74618,-64.71747,49.9,20.5,34.8,582.51,32.9
6/10/2026,10:30:15 AM,217,17.74618,-64.71747,49.9,20.5,34.8,709.42,32.9
6/10/2026,10:30:16 AM,218,17.74618,-64.71747,49.9,20.5,34.9,662.19,32.8
6/10/2026,10:30:17 AM,219,17.74618,-64.71747,49.9,20.5,34.8,603.75,32.8
6/10/2026,10:30:18 AM,220,17.74618,-64.71747,49.8,20.5,34.8,791.17,32.8
6/10/2026,10:30:19 AM,221,17.74618,-64.71747,49.8,20.5,34.8,881.29,32.7
6/10/2026,10:30:20 AM,222,17.74618,-64.71747,49.8,20.5,34.8,884.82,32.7
6/10/2026,10:30:21 AM,223,17.74618,-64.71747,49.8,20.5,34.8,905.54,32.7
6/10/2026,10:30:22 AM,224,17.74618,-64.71747,49.7,20.5,34.8,774.57,32.8
6/10/2026,10:30:23 AM,225,17.74618,-64.71747,49.7,20.5,34.8,797.71,32.8
6/10/2026,10:30:24 AM,226,17.74618,-64.71747,49.7,20.5,34.9,829.82,32.8
6/10/2026,10:30:25 AM,227,17.74618,-64.71747,49.9,20.5,34.9,519.83,32.7
6/10/2026,10:30:26 AM,228,17.74618,-64.71747,49.9,20.6,34.9,487,32.7
6/10/2026,10:30:27 AM,229,17.74618,-64.71747,50.2,20.6,35,530.98,32.7
6/10/2026,10:30:28 AM,230,17.74618,-64.71747,50.2,20.6,35,659.59,32.9
6/10/2026,10:30:29 AM,231,17.74618,-64.71747,50.2,20.6,35,688.39,32.8
6/10/2026,10:30:30 AM,232,17.74618,-64.71747,50.2,20.6,35,617.25,32.8
6/10/2026,10:30:31 AM,233,17.74618,-64.71747,50.1,20.6,35,634.5,32.6
6/10/2026,10:30:32 AM,234,17.74618,-64.71747,50.1,20.6,35,674.97,33.1
6/10/2026,10:30:33 AM,235,17.74618,-64.71747,50,20.6,35,611.44,32.9
6/10/2026,10:30:34 AM,236,17.74618,-64.71747,49.9,20.6,35,623.64,32.9
6/10/2026,10:30:35 AM,237,17.74618,-64.71747,49.9,20.6,35,887.34,33
6/10/2026,10:30:36 AM,238,17.74618,-64.71747,49.9,20.6,35,802.26,32.8
6/10/2026,10:30:37 AM,239,17.74618,-64.71747,49.9,20.6,35,897.59,32.9
6/10/2026,10:30:38 AM,240,17.74618,-64.71747,49.9,20.6,35,705.68,33.1
6/10/2026,10:30:39 AM,241,17.74618,-64.71747,49.8,20.6,35,691.45,33.1
6/10/2026,10:30:40 AM,242,17.74618,-64.71747,49.8,20.6,35,742.75,32.9
6/10/2026,10:30:41 AM,243,17.74618,-64.71747,49.9,20.6,35,627.45,32.9
6/10/2026,10:30:42 AM,244,17.74618,-64.71747,49.8,20.6,35,577.31,32.9
6/10/2026,10:30:43 AM,245,17.74618,-64.71747,49.8,20.6,35,618.33,33
6/10/2026,10:30:44 AM,246,17.74618,-64.71747,49.8,20.6,35,779.67,33.1
6/10/2026,10:30:45 AM,247,17.74618,-64.71747,49.8,20.6,35,647.14,33.1
6/10/2026,10:30:46 AM,248,17.74618,-64.71747,49.8,20.6,35,429.09,33
6/10/2026,10:30:47 AM,249,17.74618,-64.71747,49.8,20.6,35.1,733.75,32.9
6/10/2026,10:30:48 AM,250,17.74618,-64.71747,49.8,20.6,35.1,717.4,33
6/10/2026,10:30:49 AM,251,17.74618,-64.71747,49.8,20.6,35.1,669.83,33
6/10/2026,10:30:50 AM,252,17.74618,-64.71747,49.8,20.6,35.1,628.26,32.9
6/10/2026,10:30:51 AM,253,17.74618,-64.71747,49.8,20.6,35.1,799.22,33
6/10/2026,10:30:52 AM,254,17.74618,-64.71747,49.8,20.6,35.1,909.36,33
6/10/2026,10:30:53 AM,255,17.74618,-64.71747,49.8,20.6,35.1,890.95,33
6/10/2026,10:30:54 AM,256,17.74618,-64.71747,49.8,20.6,35.1,846.98,33.1
6/10/2026,10:30:55 AM,257,17.74618,-64.71747,49.9,20.6,35.1,699.09,33.1
6/10/2026,10:30:56 AM,258,17.74618,-64.71747,49.9,20.7,35.2,540.73,33.1
6/10/2026,10:30:57 AM,259,17.74618,-64.71747,49.9,20.7,35.2,654.56,33.3
6/10/2026,10:30:58 AM,260,17.74618,-64.71747,49.9,20.7,35.2,760.56,33.3
6/10/2026,10:30:59 AM,261,17.74616,-64.71693,49.9,20.7,35.2,725.11,33.2
6/10/2026,10:31:00 AM,262,17.74615,-64.71692,49.9,20.7,35.2,807.67,33.2
6/10/2026,10:31:01 AM,263,17.74615,-64.71691,49.8,20.7,35.2,995.95,33.4
6/10/2026,10:31:02 AM,264,17.74615,-64.71691,49.9,20.7,35.2,968.92,33.4
6/10/2026,10:31:03 AM,265,17.74614,-64.71686,49.8,20.7,35.2,1009.63,33.3
6/10/2026,10:31:04 AM,266,17.74614,-64.71685,49.9,20.7,35.3,924.96,33.4
6/10/2026,10:31:05 AM,267,17.74614,-64.71685,49.8,20.7,35.3,836.11,33.3
6/10/2026,10:31:06 AM,268,17.74614,-64.71682,49.9,20.7,35.3,644.72,33.2
6/10/2026,10:31:07 AM,269,17.74614,-64.71681,49.8,20.7,35.3,812.31,33.3
6/10/2026,10:31:08 AM,270,17.74615,-64.71680,49.8,20.7,35.3,769.12,33.2
6/10/2026,10:31:09 AM,271,17.74615,-64.71678,49.8,20.7,35.3,851.2,33.4
6/10/2026,10:31:10 AM,272,17.74615,-64.71677,49.7,20.7,35.3,895.61,33.2
6/10/2026,10:31:11 AM,273,17.74615,-64.71676,49.7,20.7,35.3,833.45,33.4
6/10/2026,10:31:12 AM,274,17.74615,-64.71675,49.7,20.7,35.3,886.81,33.3
6/10/2026,10:31:13 AM,275,17.74615,-64.71673,49.8,20.7,35.3,775.75,33.2
6/10/2026,10:31:14 AM,276,17.74615,-64.71672,49.7,20.7,35.3,826.08,33.2
6/10/2026,10:31:15 AM,277,17.74615,-64.71671,49.8,20.7,35.4,777.87,33.4
6/10/2026,10:31:16 AM,278,17.74615,-64.71670,49.8,20.8,35.4,776.79,33.4
6/10/2026,10:31:17 AM,279,17.74614,-64.71669,49.8,20.8,35.4,1033.24,33.3
6/10/2026,10:31:18 AM,280,17.74614,-64.71668,49.9,20.8,35.4,1039.03,33.5
6/10/2026,10:31:19 AM,281,17.74614,-64.71666,49.9,20.8,35.4,1017.12,33.5
6/10/2026,10:31:20 AM,282,17.74614,-64.71665,49.9,20.8,35.4,984.76,33.5
6/10/2026,10:31:21 AM,283,17.74614,-64.71664,49.9,20.8,35.5,1144.56,33.5
6/10/2026,10:31:22 AM,284,17.74613,-64.71663,49.8,20.8,35.5,1005.59,33.3
6/10/2026,10:31:23 AM,285,17.74613,-64.71662,49.9,20.8,35.5,842.83,33.5
6/10/2026,10:31:24 AM,286,17.74613,-64.71661,49.8,20.8,35.5,882.62,33.5
6/10/2026,10:31:25 AM,287,17.74612,-64.71660,49.8,20.8,35.5,788.22,33.4
6/10/2026,10:31:26 AM,288,17.74612,-64.71658,49.8,20.8,35.5,907.62,33.4
6/10/2026,10:31:27 AM,289,17.74612,-64.71657,49.8,20.8,35.5,804.75,33.5
6/10/2026,10:31:28 AM,290,17.74612,-64.71657,49.8,20.8,35.5,902.26,33.6
6/10/2026,10:31:29 AM,291,17.74612,-64.71656,49.8,20.8,35.5,733.09,33.6
6/10/2026,10:31:30 AM,292,17.74612,-64.71654,49.8,20.8,35.5,909.28,33.5
6/10/2026,10:31:31 AM,293,17.74612,-64.71652,49.8,20.8,35.5,819.45,33.7
6/10/2026,10:31:32 AM,294,17.74611,-64.71651,49.9,20.8,35.6,889.65,33.7
6/10/2026,10:31:33 AM,295,17.74611,-64.71650,49.9,20.9,35.6,864.33,33.5
6/10/2026,10:31:34 AM,296,17.74610,-64.71649,49.9,20.9,35.6,418.61,33.5
6/10/2026,10:31:35 AM,297,17.74610,-64.71649,49.9,20.9,35.6,463.37,33.5
6/10/2026,10:31:36 AM,298,17.74610,-64.71649,49.9,20.9,35.6,662.42,33.4
6/10/2026,10:31:37 AM,299,17.74610,-64.71649,49.9,20.9,35.6,644.87,33.7
6/10/2026,10:31:38 AM,300,17.74610,-64.71649,49.9,20.9,35.6,601.59,33.7
6/10/2026,10:31:39 AM,301,17.74610,-64.71649,49.9,20.9,35.6,700.33,33.6
6/10/2026,10:31:40 AM,302,17.74610,-64.71649,49.8,20.9,35.6,665.26,33.5
6/10/2026,10:31:41 AM,303,17.74610,-64.71649,49.8,20.9,35.6,688.66,33.6
6/10/2026,10:31:42 AM,304,17.74610,-64.71649,49.8,20.9,35.6,664.95,33.5
6/10/2026,10:31:43 AM,305,17.74610,-64.71649,49.7,20.8,35.6,658.26,33.5
6/10/2026,10:31:44 AM,306,17.74610,-64.71649,49.8,20.9,35.7,704.23,33.4
6/10/2026,10:31:45 AM,307,17.74610,-64.71649,49.8,20.9,35.7,704.4,33.5
6/10/2026,10:31:46 AM,308,17.74610,-64.71649,49.8,20.9,35.7,666.56,33.8
6/10/2026,10:31:47 AM,309,17.74610,-64.71649,49.8,20.9,35.6,677.14,33.4
6/10/2026,10:31:48 AM,310,17.74610,-64.71649,49.7,20.9,35.7,628.81,33.5
6/10/2026,10:31:49 AM,311,17.74610,-64.71649,49.7,20.9,35.6,716.76,33.5
6/10/2026,10:31:50 AM,312,17.74610,-64.71649,49.6,20.8,35.6,652.34,33.5
6/10/2026,10:31:51 AM,313,17.74610,-64.71649,49.6,20.8,35.6,694.73,33.4
6/10/2026,10:31:52 AM,314,17.74610,-64.71649,49.6,20.8,35.6,682.12,33.4
6/10/2026,10:31:53 AM,315,17.74610,-64.71649,49.6,20.8,35.7,711.25,33.5
6/10/2026,10:31:54 AM,316,17.74610,-64.71649,49.6,20.8,35.7,721.62,33.4
6/10/2026,10:31:55 AM,317,17.74610,-64.71649,49.6,20.8,35.6,703.26,33.5
6/10/2026,10:31:56 AM,318,17.74610,-64.71649,49.6,20.8,35.7,635.03,33.7
6/10/2026,10:31:57 AM,319,17.74610,-64.71649,49.6,20.8,35.7,627.83,33.5
6/10/2026,10:31:58 AM,320,17.74610,-64.71649,49.6,20.8,35.7,642.05,33.5
6/10/2026,10:31:59 AM,321,17.74610,-64.71649,49.7,20.9,35.7,540.01,33.5
6/10/2026,10:32:00 AM,322,17.74610,-64.71649,49.7,20.9,35.7,547.98,33.5
6/10/2026,10:32:01 AM,323,17.74610,-64.71649,49.7,20.9,35.7,599.8,33.5
6/10/2026,10:32:02 AM,324,17.74610,-64.71649,49.6,20.9,35.7,633.69,33.5
6/10/2026,10:32:03 AM,325,17.74610,-64.71649,49.6,20.9,35.7,617.61,33.6
6/10/2026,10:32:04 AM,326,17.74610,-64.71649,49.6,20.8,35.7,501.5,33.5
6/10/2026,10:32:05 AM,327,17.74610,-64.71649,49.5,20.8,35.7,586.08,33.4
6/10/2026,10:32:06 AM,328,17.74610,-64.71649,49.5,20.8,35.7,591.16,33.4
6/10/2026,10:32:07 AM,329,17.74610,-64.71649,49.5,20.8,35.7,594.26,33.4
6/10/2026,10:32:08 AM,330,17.74610,-64.71649,49.6,20.9,35.7,449.79,33.3
6/10/2026,10:32:09 AM,331,17.74610,-64.71649,49.5,20.9,35.7,471.05,33.3
6/10/2026,10:32:10 AM,332,17.74610,-64.71649,49.5,20.9,35.7,614.3,33.3
6/10/2026,10:32:11 AM,333,17.74610,-64.71649,49.5,20.9,35.7,615.89,33.4
6/10/2026,10:32:12 AM,334,17.74610,-64.71649,49.5,20.9,35.7,652.95,33.4
6/10/2026,10:32:13 AM,335,17.74610,-64.71649,49.5,20.9,35.7,626.87,33.2
6/10/2026,10:32:14 AM,336,17.74610,-64.71649,49.5,20.8,35.7,622.97,33.3
6/10/2026,10:32:15 AM,337,17.74610,-64.71649,49.5,20.8,35.7,657.95,33.3
6/10/2026,10:32:16 AM,338,17.74610,-64.71649,49.5,20.8,35.7,662.2,33.2
6/10/2026,10:32:17 AM,339,17.74610,-64.71649,49.4,20.8,35.7,659.34,33.3
6/10/2026,10:32:18 AM,340,17.74610,-64.71649,49.4,20.8,35.7,516.44,33.4
6/10/2026,10:32:19 AM,341,17.74610,-64.71649,49.5,20.9,35.8,643.37,33.2
6/10/2026,10:32:20 AM,342,17.74610,-64.71649,49.5,20.9,35.8,666.37,33.4
6/10/2026,10:32:21 AM,343,17.74610,-64.71649,49.5,20.9,35.8,714.36,33.1
6/10/2026,10:32:22 AM,344,17.74610,-64.71649,49.6,20.9,35.8,607.05,33.1
6/10/2026,10:32:23 AM,345,17.74610,-64.71649,49.6,20.9,35.8,777.84,33.2
6/10/2026,10:32:24 AM,346,17.74610,-64.71649,49.6,20.9,35.8,659.62,33.1
6/10/2026,10:32:25 AM,347,17.74610,-64.71649,49.6,20.9,35.8,784.94,33.2
6/10/2026,10:32:26 AM,348,17.74610,-64.71649,49.5,20.9,35.8,786.33,33
6/10/2026,10:32:27 AM,349,17.74610,-64.71649,49.5,20.9,35.8,785.67,33.3
6/10/2026,10:32:28 AM,350,17.74610,-64.71649,49.6,20.9,35.8,792.28,33.1
6/10/2026,10:32:29 AM,351,17.74610,-64.71649,49.6,20.9,35.8,787.22,33.2
6/10/2026,10:32:30 AM,352,17.74610,-64.71649,49.6,20.9,35.8,792.72,33.3
6/10/2026,10:32:31 AM,353,17.74610,-64.71649,49.6,20.9,35.8,719.15,33.3
6/10/2026,10:32:32 AM,354,17.74610,-64.71649,49.6,20.9,35.8,668.73,33.4
6/10/2026,10:32:33 AM,355,17.74610,-64.71649,49.6,20.9,35.8,696.87,33.1
6/10/2026,10:32:34 AM,356,17.74610,-64.71649,49.5,20.9,35.8,693.92,33.3
6/10/2026,10:32:35 AM,357,17.74610,-64.71649,49.5,20.9,35.8,721.58,33.5
6/10/2026,10:32:36 AM,358,17.74610,-64.71649,49.5,20.9,35.8,706.34,33.5
6/10/2026,10:32:37 AM,359,17.74610,-64.71649,49.5,20.9,35.9,695.55,33.5
6/10/2026,10:32:38 AM,360,17.74610,-64.71649,49.6,20.9,35.9,674.53,33.6
6/10/2026,10:32:39 AM,361,17.74610,-64.71649,49.6,20.9,35.9,631.41,33.8
6/10/2026,10:32:40 AM,362,17.74610,-64.71649,49.6,21,35.9,638.55,33.8
6/10/2026,10:32:41 AM,363,17.74610,-64.71649,49.6,21,36,674.91,33.7
6/10/2026,10:32:42 AM,364,17.74610,-64.71649,49.6,21,35.9,629.03,34
6/10/2026,10:32:43 AM,365,17.74610,-64.71649,49.7,21,35.9,611.61,33.9
6/10/2026,10:32:44 AM,366,17.74610,-64.71649,49.6,21,36,649.83,33.9
6/10/2026,10:32:45 AM,367,17.74610,-64.71649,49.5,20.9,35.9,658.67,33.9
6/10/2026,10:32:46 AM,368,17.74547,-64.71611,49.4,20.9,35.9,643.12,33.7
6/10/2026,10:32:47 AM,369,17.74547,-64.71611,49.3,20.9,35.8,634.41,33.7
6/10/2026,10:32:48 AM,370,17.74547,-64.71611,49.2,20.8,35.8,635.3,33.9
6/10/2026,10:32:49 AM,371,17.74547,-64.71611,49.2,20.8,35.8,621.3,33.9
6/10/2026,10:32:50 AM,372,17.74547,-64.71611,49.2,20.8,35.8,624.86,33.7
6/10/2026,10:32:51 AM,373,17.74547,-64.71611,49.2,20.9,35.9,605.41,33.7
6/10/2026,10:32:52 AM,374,17.74547,-64.71611,49.3,20.9,35.9,560.84,34
6/10/2026,10:32:53 AM,375,17.74547,-64.71611,49.3,20.9,35.9,445.85,33.8
6/10/2026,10:32:54 AM,376,17.74547,-64.71611,49.3,20.9,35.9,412.05,33.9
6/10/2026,10:32:55 AM,377,17.74547,-64.71611,49.3,20.9,35.9,578.16,34
6/10/2026,10:32:56 AM,378,17.74547,-64.71611,49.3,20.9,35.9,557.94,34
6/10/2026,10:32:57 AM,379,17.74547,-64.71611,49.4,20.9,35.9,379.29,34.1
6/10/2026,10:32:58 AM,380,17.74547,-64.71611,49.4,20.9,36,344.64,34
6/10/2026,10:32:59 AM,381,17.74547,-64.71611,49.5,21,36,454.68,34.1
6/10/2026,10:33:00 AM,382,17.74547,-64.71611,49.6,21,36,467.97,34.1
6/10/2026,10:33:01 AM,383,17.74547,-64.71611,49.5,21,36,579.76,33.9
6/10/2026,10:33:02 AM,384,17.74547,-64.71611,49.5,21,36,620.87,34
6/10/2026,10:33:03 AM,385,17.74547,-64.71611,49.3,20.9,35.9,584.31,33.9
6/10/2026,10:33:04 AM,386,17.74547,-64.71611,49.2,20.9,35.9,559.72,33.9
6/10/2026,10:33:05 AM,387,17.74547,-64.71611,49.1,20.9,35.9,610.37,33.9
6/10/2026,10:33:06 AM,388,17.74547,-64.71611,49.1,20.9,35.9,613.67,33.8
6/10/2026,10:33:07 AM,389,17.74547,-64.71611,49.1,20.9,35.9,634.87,33.8
6/10/2026,10:33:08 AM,390,17.74547,-64.71611,49.1,20.8,35.9,615.34,33.9
6/10/2026,10:33:09 AM,391,17.74547,-64.71611,49,20.8,35.9,571.47,34
6/10/2026,10:33:10 AM,392,17.74547,-64.71611,49,20.8,35.9,637.3,34
6/10/2026,10:33:11 AM,393,17.74547,-64.71611,49,20.8,35.9,605.84,34
6/10/2026,10:33:12 AM,394,17.74547,-64.71611,49.1,20.9,35.9,526.08,34
6/10/2026,10:33:13 AM,395,17.74547,-64.71611,49.1,20.9,35.9,339.27,34
6/10/2026,10:33:14 AM,396,17.74547,-64.71611,49.1,20.9,36,422.99,34
6/10/2026,10:33:15 AM,397,17.74547,-64.71611,49.1,20.9,36,419.28,34.1
6/10/2026,10:33:16 AM,398,17.74547,-64.71611,49.1,20.9,36,388.08,34
6/10/2026,10:33:17 AM,399,17.74547,-64.71611,49.1,20.9,36,363.43,33.8
6/10/2026,10:33:18 AM,400,17.74547,-64.71611,49.1,20.9,36,364.12,34
6/10/2026,10:33:19 AM,401,17.74547,-64.71611,49.1,20.9,36,284.3,34
6/10/2026,10:33:20 AM,402,17.74547,-64.71611,49.1,20.9,36,247.3,33.9
6/10/2026,10:33:21 AM,403,17.74547,-64.71611,49,20.9,36,179.06,33.9
6/10/2026,10:33:22 AM,404,17.74547,-64.71611,49,20.8,35.9,142.44,33.7
6/10/2026,10:33:23 AM,405,17.74547,-64.71611,49,20.8,35.9,164.26,33.9
6/10/2026,10:33:24 AM,406,17.74547,-64.71611,48.9,20.8,35.9,204.64,33.7
6/10/2026,10:33:25 AM,407,17.74547,-64.71611,48.8,20.8,35.9,173.44,33.6
6/10/2026,10:33:26 AM,408,17.74547,-64.71611,48.9,20.8,35.9,312.77,33.5
6/10/2026,10:33:27 AM,409,17.74547,-64.71611,48.8,20.8,35.9,309.83,33.7
6/10/2026,10:33:28 AM,410,17.74547,-64.71611,48.8,20.8,35.9,359.85,33.4
6/10/2026,10:33:29 AM,411,17.74547,-64.71611,48.8,20.8,35.9,384.72,33.5
6/10/2026,10:33:30 AM,412,17.74547,-64.71611,48.8,20.8,35.9,412.5,33.6
6/10/2026,10:33:31 AM,413,17.74547,-64.71611,48.8,20.8,35.9,415.94,33.4
6/10/2026,10:33:32 AM,414,17.74547,-64.71611,48.8,20.8,35.9,382.68,33.4
6/10/2026,10:33:33 AM,415,17.74547,-64.71611,48.8,20.8,35.9,375.72,33.4
6/10/2026,10:33:34 AM,416,17.74547,-64.71611,48.8,20.8,35.9,344.44,33.4
6/10/2026,10:33:35 AM,417,17.74547,-64.71611,48.8,20.8,35.9,377.62,33.4
6/10/2026,10:33:36 AM,418,17.74547,-64.71611,48.8,20.8,35.9,614.45,33.4
6/10/2026,10:33:37 AM,419,17.74547,-64.71611,48.8,20.8,35.9,635.44,33.5
6/10/2026,10:33:38 AM,420,17.74547,-64.71611,48.8,20.8,35.9,654.42,33.4
6/10/2026,10:33:39 AM,421,17.74547,-64.71611,48.8,20.8,35.9,559.34,33.5
6/10/2026,10:33:40 AM,422,17.74547,-64.71611,48.8,20.8,35.9,591.53,33.4
6/10/2026,10:33:41 AM,423,17.74547,-64.71611,48.8,20.8,35.9,636.5,33.3
6/10/2026,10:33:42 AM,424,17.74547,-64.71611,48.8,20.8,35.9,573.53,33.2
6/10/2026,10:33:43 AM,425,17.74547,-64.71611,48.9,20.8,35.9,514.78,33.3
6/10/2026,10:33:44 AM,426,17.74547,-64.71611,48.9,20.8,35.9,659.84,33.4
6/10/2026,10:33:45 AM,427,17.74547,-64.71611,48.8,20.8,35.9,687.55,33.4
6/10/2026,10:33:46 AM,428,17.74547,-64.71611,49,20.9,36,693.67,33.4
6/10/2026,10:33:47 AM,429,17.74547,-64.71611,49,20.9,36,635,33.3
6/10/2026,10:33:48 AM,430,17.74547,-64.71611,48.9,20.9,36,634.34,33.3
6/10/2026,10:33:49 AM,431,17.74547,-64.71611,48.9,20.9,36,685.33,33.5
6/10/2026,10:33:50 AM,432,17.74547,-64.71611,48.9,20.8,36,678.53,33.3
6/10/2026,10:33:51 AM,433,17.74547,-64.71611,48.9,20.8,36,701.72,33.1
6/10/2026,10:33:52 AM,434,17.74547,-64.71611,48.9,20.8,36,704,33.3
6/10/2026,10:33:53 AM,435,17.74547,-64.71611,48.9,20.8,36,685.41,33.2
6/10/2026,10:33:54 AM,436,17.74547,-64.71611,48.9,20.8,36,706.2,33.3
6/10/2026,10:33:55 AM,437,17.74547,-64.71611,48.9,20.8,36,638.72,33.5
6/10/2026,10:33:56 AM,438,17.74547,-64.71611,48.9,20.9,36,621.05,33.4
6/10/2026,10:33:57 AM,439,17.74547,-64.71611,49,20.9,36,627.09,33.4
6/10/2026,10:33:58 AM,440,17.74547,-64.71611,48.9,20.9,36,664.34,33.4
6/10/2026,10:33:59 AM,441,17.74547,-64.71611,49,20.9,36,665.62,33.4
6/10/2026,10:34:00 AM,442,17.74547,-64.71611,48.9,20.9,36,648.61,33.4
6/10/2026,10:34:01 AM,443,17.74547,-64.71611,49,20.9,36,623.55,33.1
6/10/2026,10:34:02 AM,444,17.74547,-64.71611,48.9,20.9,36,572.37,33.5
6/10/2026,10:34:03 AM,445,17.74547,-64.71611,48.9,20.9,36,511.64,33.5
6/10/2026,10:34:04 AM,446,17.74547,-64.71611,48.9,20.9,36,474.53,33.3
6/10/2026,10:34:05 AM,447,17.74547,-64.71611,48.8,20.8,36,621.37,33.5
6/10/2026,10:34:06 AM,448,17.74547,-64.71611,48.8,20.8,36,617.05,33.3
6/10/2026,10:34:07 AM,449,17.74547,-64.71611,48.8,20.8,35.9,648.22,33.5
6/10/2026,10:34:08 AM,450,17.74547,-64.71611,48.8,20.8,36,642.2,33.3
6/10/2026,10:34:09 AM,451,17.74547,-64.71611,48.8,20.8,36,630.67,33.4
6/10/2026,10:34:10 AM,452,17.74547,-64.71611,48.8,20.8,36,633.83,33.5
6/10/2026,10:34:11 AM,453,17.74547,-64.71611,48.9,20.8,36,648.97,33.6
6/10/2026,10:34:12 AM,454,17.74547,-64.71611,48.9,20.9,36,641.16,33.5
6/10/2026,10:34:13 AM,455,17.74547,-64.71611,48.9,20.9,36,599.16,33.4
6/10/2026,10:34:14 AM,456,17.74547,-64.71611,48.9,20.9,36,613.91,33.5
6/10/2026,10:34:15 AM,457,17.74547,-64.71611,48.9,20.9,36,376.39,33.5
6/10/2026,10:34:16 AM,458,17.74547,-64.71611,48.9,20.9,36,541.19,33.5
6/10/2026,10:34:17 AM,459,17.74547,-64.71611,48.8,20.8,36,439.03,33.6
6/10/2026,10:34:18 AM,460,17.74547,-64.71611,48.9,20.9,36,425.25,33.4
6/10/2026,10:34:19 AM,461,17.74547,-64.71611,49,20.9,36.1,452.33,33.5
6/10/2026,10:34:20 AM,462,17.74547,-64.71611,49,20.9,36.1,369.39,33.3
6/10/2026,10:34:21 AM,463,17.74547,-64.71611,49,20.9,36.1,358.44,33.3
6/10/2026,10:34:22 AM,464,17.74547,-64.71611,49,20.9,36.1,291.96,33.2
6/10/2026,10:34:23 AM,465,17.74547,-64.71611,49,20.9,36.1,280.59,33.3
6/10/2026,10:34:24 AM,466,17.74547,-64.71611,49,20.9,36.1,233.74,33.3
6/10/2026,10:34:25 AM,467,17.74547,-64.71611,49,20.9,36.1,209.58,33.2
6/10/2026,10:34:26 AM,468,17.74547,-64.71611,49,20.9,36,163.08,33
6/10/2026,10:34:27 AM,469,17.74547,-64.71611,49,20.9,36,158.17,33
6/10/2026,10:34:28 AM,470,17.74547,-64.71611,49,20.9,36,116.12,33
6/10/2026,10:34:29 AM,471,17.74547,-64.71611,49,20.9,36,99.72,33.1
6/10/2026,10:34:30 AM,472,17.74547,-64.71611,49,20.9,36,94.17,33
6/10/2026,10:34:31 AM,473,17.74547,-64.71611,49,20.9,36,82.29,33
6/10/2026,10:34:32 AM,474,17.74547,-64.71611,49,20.9,36,103.17,32.9
6/10/2026,10:34:33 AM,475,17.74547,-64.71611,49,20.9,36,101.39,33
6/10/2026,10:34:34 AM,476,17.74547,-64.71611,49,20.9,36,107.64,32.9
6/10/2026,10:34:35 AM,477,17.74547,-64.71611,49.1,20.9,36,106.31,32.9
6/10/2026,10:34:36 AM,478,17.74547,-64.71611,49.1,20.9,36,108.59,32.9
6/10/2026,10:34:37 AM,479,17.74547,-64.71611,49.1,20.9,36,188.6,32.9
6/10/2026,10:34:38 AM,480,17.74547,-64.71611,49.1,20.9,36,241.58,32.8
6/10/2026,10:34:39 AM,481,17.74547,-64.71611,49.1,20.9,36,278.31,32.9
6/10/2026,10:34:40 AM,482,17.74547,-64.71611,49.1,20.9,36,300.97,32.8
6/10/2026,10:34:41 AM,483,17.74547,-64.71611,49.1,20.9,36,303.05,32.8
6/10/2026,10:34:42 AM,484,17.74547,-64.71611,49.1,20.9,35.9,348.54,32.8
6/10/2026,10:34:43 AM,485,17.74547,-64.71611,49.1,20.9,35.9,380.26,32.6
6/10/2026,10:34:44 AM,486,17.74547,-64.71611,49.2,20.9,36,383.93,32.8
6/10/2026,10:34:45 AM,487,17.74547,-64.71611,49.1,20.9,36,418.61,32.8
6/10/2026,10:34:46 AM,488,17.74547,-64.71611,49.1,20.9,35.9,447.62,32.8
6/10/2026,10:34:47 AM,489,17.74547,-64.71611,49.1,20.9,35.9,406.54,32.9
6/10/2026,10:34:48 AM,490,17.74547,-64.71611,49.2,20.9,36,327.67,32.8
6/10/2026,10:34:49 AM,491,17.74547,-64.71611,49.1,20.9,35.9,372.05,33.1
6/10/2026,10:34:50 AM,492,17.74547,-64.71611,49.2,20.9,35.9,388.65,32.9
6/10/2026,10:34:51 AM,493,17.74547,-64.71611,49.1,20.9,35.9,379.61,32.9
6/10/2026,10:34:52 AM,494,17.74547,-64.71611,49,20.8,35.9,402.37,32.8
6/10/2026,10:34:53 AM,495,17.74547,-64.71611,49,20.8,35.9,351.72,32.8
6/10/2026,10:34:54 AM,496,17.74547,-64.71611,48.9,20.8,35.8,366.54,32.8
6/10/2026,10:34:55 AM,497,17.74547,-64.71611,48.8,20.8,35.8,410.91,32.9
6/10/2026,10:34:56 AM,498,17.74547,-64.71611,48.8,20.7,35.8,421.36,32.9
6/10/2026,10:34:57 AM,499,17.74547,-64.71611,48.7,20.7,35.8,370.28,32.8
6/10/2026,10:34:58 AM,500,17.74547,-64.71611,48.7,20.7,35.8,325.52,32.8
6/10/2026,10:34:59 AM,501,17.74547,-64.71611,48.7,20.7,35.8,354.84,32.6
6/10/2026,10:35:00 AM,502,17.74547,-64.71611,48.7,20.7,35.8,350.52,32.7
6/10/2026,10:35:01 AM,503,17.74547,-64.71611,48.7,20.7,35.8,343.08,32.6
6/10/2026,10:35:02 AM,504,17.74547,-64.71611,48.7,20.7,35.8,313.95,32.7
6/10/2026,10:35:03 AM,505,17.74547,-64.71611,48.8,20.7,35.8,315.31,32.4
6/10/2026,10:35:04 AM,506,17.74547,-64.71611,48.8,20.7,35.8,347.06,32.6
6/10/2026,10:35:05 AM,507,17.74547,-64.71611,48.8,20.7,35.8,360.87,32.6
6/10/2026,10:35:06 AM,508,17.74547,-64.71611,48.8,20.7,35.8,297.67,32.5
6/10/2026,10:35:07 AM,509,17.74547,-64.71611,48.8,20.8,35.8,315.15,32.4
6/10/2026,10:35:08 AM,510,17.74547,-64.71611,48.8,20.8,35.8,474.93,32.5
6/10/2026,10:35:09 AM,511,17.74547,-64.71611,48.9,20.8,35.8,548.5,32.3
6/10/2026,10:35:10 AM,512,17.74547,-64.71611,48.9,20.8,35.8,478.79,32.5
6/10/2026,10:35:11 AM,513,17.74547,-64.71611,48.9,20.8,35.8,766.83,32.3
6/10/2026,10:35:12 AM,514,17.74547,-64.71611,48.9,20.8,35.8,437.77,32.5
6/10/2026,10:35:13 AM,515,17.74547,-64.71611,48.9,20.8,35.8,429.52,32.3
6/10/2026,10:35:14 AM,516,17.74547,-64.71611,48.9,20.8,35.8,393.43,32.2
6/10/2026,10:35:15 AM,517,17.74547,-64.71611,48.9,20.7,35.8,355.59,32.2
6/10/2026,10:35:16 AM,518,17.74547,-64.71611,48.8,20.7,35.8,378.59,32.3
6/10/2026,10:35:17 AM,519,17.74547,-64.71611,48.8,20.7,35.8,368.4,32.1
6/10/2026,10:35:18 AM,520,17.74547,-64.71611,48.8,20.7,35.8,299.79,32.2
6/10/2026,10:35:19 AM,521,17.74547,-64.71611,48.7,20.7,35.7,290.53,32.2
6/10/2026,10:35:20 AM,522,17.74547,-64.71611,48.7,20.7,35.7,327.22,32
6/10/2026,10:35:21 AM,523,17.74547,-64.71611,48.7,20.7,35.7,322.83,32.2
6/10/2026,10:35:22 AM,524,17.74547,-64.71611,48.8,20.7,35.7,261,32.1
6/10/2026,10:35:23 AM,525,17.74547,-64.71611,48.7,20.7,35.7,328.72,32.2
6/10/2026,10:35:24 AM,526,17.74547,-64.71611,48.7,20.7,35.7,314.59,32.1
6/10/2026,10:35:25 AM,527,17.74547,-64.71611,48.8,20.7,35.7,310.42,31.9
6/10/2026,10:35:26 AM,528,17.74547,-64.71611,48.7,20.7,35.7,342.82,31.9
6/10/2026,10:35:27 AM,529,17.74547,-64.71611,48.6,20.6,35.7,325.25,31.9
6/10/2026,10:35:28 AM,530,17.74547,-64.71611,48.6,20.6,35.7,324.09,31.8
6/10/2026,10:35:29 AM,531,17.74547,-64.71611,48.7,20.7,35.7,322.9,31.9
6/10/2026,10:35:30 AM,532,17.74547,-64.71611,48.7,20.7,35.7,330.87,31.8
6/10/2026,10:35:31 AM,533,17.74547,-64.71611,48.7,20.7,35.7,325.25,31.9
6/10/2026,10:35:32 AM,534,17.74547,-64.71611,48.8,20.6,35.6,316.34,31.7
6/10/2026,10:35:33 AM,535,17.74547,-64.71611,48.7,20.7,35.6,304.93,31.7
6/10/2026,10:35:34 AM,536,17.74547,-64.71611,48.8,20.7,35.7,335.51,31.9
6/10/2026,10:35:35 AM,537,17.74547,-64.71611,48.7,20.6,35.6,324.58,31.7
6/10/2026,10:35:36 AM,538,17.74547,-64.71611,48.7,20.6,35.6,327.25,31.7
6/10/2026,10:35:37 AM,539,17.74547,-64.71611,48.7,20.6,35.6,320.66,31.6
6/10/2026,10:35:38 AM,540,17.74547,-64.71611,48.7,20.6,35.6,318.87,31.6
6/10/2026,10:35:39 AM,541,17.74547,-64.71611,48.7,20.6,35.6,321.34,31.8
6/10/2026,10:35:40 AM,542,17.74547,-64.71611,48.7,20.6,35.6,316.3,31.7
6/10/2026,10:35:41 AM,543,17.74547,-64.71611,48.7,20.6,35.5,315.75,31.8
6/10/2026,10:35:42 AM,544,17.74547,-64.71611,48.7,20.6,35.5,316.79,31.8
6/10/2026,10:35:43 AM,545,17.74547,-64.71611,48.6,20.6,35.5,315.76,31.6
6/10/2026,10:35:44 AM,546,17.74547,-64.71611,48.6,20.6,35.5,316.85,31.7
6/10/2026,10:35:45 AM,547,17.74547,-64.71611,48.6,20.6,35.5,314.9,31.7
6/10/2026,10:35:46 AM,548,17.74547,-64.71611,48.6,20.6,35.5,319.92,31.9
6/10/2026,10:35:47 AM,549,17.74547,-64.71611,48.6,20.6,35.5,319.45,31.8
6/10/2026,10:35:48 AM,550,17.74547,-64.71611,48.6,20.6,35.5,318.7,31.8
6/10/2026,10:35:49 AM,551,17.74547,-64.71611,48.6,20.5,35.5,320.54,31.9
6/10/2026,10:35:50 AM,552,17.74547,-64.71611,48.6,20.6,35.4,318.09,31.9
6/10/2026,10:35:51 AM,553,17.74547,-64.71611,48.6,20.5,35.4,318.18,32
6/10/2026,10:35:52 AM,554,17.74547,-64.71611,48.7,20.6,35.5,328.41,32
6/10/2026,10:35:53 AM,555,17.74547,-64.71611,48.7,20.6,35.4,363.3,31.9
6/10/2026,10:35:54 AM,556,17.74547,-64.71611,48.7,20.6,35.4,311.49,31.9
6/10/2026,10:35:55 AM,557,17.74547,-64.71611,48.8,20.6,35.4,322.65,31.8
6/10/2026,10:35:56 AM,558,17.74547,-64.71611,48.8,20.6,35.4,345.43,32
6/10/2026,10:35:57 AM,559,17.74547,-64.71611,48.8,20.6,35.4,356.62,31.8
6/10/2026,10:35:58 AM,560,17.74547,-64.71611,48.9,20.6,35.5,334.68,31.9
6/10/2026,10:35:59 AM,561,17.74547,-64.71611,48.9,20.6,35.4,318.26,31.9
6/10/2026,10:36:00 AM,562,17.74547,-64.71611,48.9,20.6,35.4,321.6,32
6/10/2026,10:36:01 AM,563,17.74547,-64.71611,48.9,20.6,35.4,452.36,32
6/10/2026,10:36:02 AM,564,17.74547,-64.71611,48.9,20.6,35.4,389.04,32
6/10/2026,10:36:03 AM,565,17.74547,-64.71611,48.9,20.6,35.4,367.9,31.9
6/10/2026,10:36:04 AM,566,17.74547,-64.71611,48.9,20.6,35.4,404.56,32.2
6/10/2026,10:36:05 AM,567,17.74547,-64.71611,49,20.6,35.4,335.64,32
6/10/2026,10:36:06 AM,568,17.74547,-64.71611,49,20.6,35.4,366.77,31.9
6/10/2026,10:36:07 AM,569,17.74547,-64.71611,49.1,20.6,35.4,347.03,32
6/10/2026,10:36:08 AM,570,17.74547,-64.71611,49,20.6,35.4,365.05,32
6/10/2026,10:36:09 AM,571,17.74547,-64.71611,49,20.6,35.4,383.81,32
6/10/2026,10:36:10 AM,572,17.74547,-64.71611,49,20.6,35.4,363.22,32
6/10/2026,10:36:11 AM,573,17.74547,-64.71611,49,20.6,35.4,394.44,32
6/10/2026,10:36:12 AM,574,17.74547,-64.71611,48.9,20.6,35.4,394.27,31.9
6/10/2026,10:36:13 AM,575,17.74547,-64.71611,48.9,20.5,35.3,371.33,32
6/10/2026,10:36:14 AM,576,17.74547,-64.71611,48.9,20.5,35.3,397.8,32.1
6/10/2026,10:36:15 AM,577,17.74547,-64.71611,48.9,20.5,35.3,434.38,31.9
6/10/2026,10:36:16 AM,578,17.74547,-64.71611,48.9,20.5,35.3,429.64,32.1
6/10/2026,10:36:17 AM,579,17.74547,-64.71611,48.9,20.5,35.3,497.91,32.2
6/10/2026,10:36:18 AM,580,17.74547,-64.71611,48.9,20.6,35.3,464.02,32
6/10/2026,10:36:19 AM,581,17.74547,-64.71611,49,20.5,35.3,448.89,31.9
6/10/2026,10:36:20 AM,582,17.74547,-64.71611,49,20.5,35.3,452.38,32
6/10/2026,10:36:21 AM,583,17.74547,-64.71611,49,20.5,35.3,370.76,31.9
6/10/2026,10:36:22 AM,584,17.74547,-64.71611,49,20.5,35.3,403.7,32
6/10/2026,10:36:23 AM,585,17.74547,-64.71611,49,20.5,35.3,389.99,32.1
6/10/2026,10:36:24 AM,586,17.74547,-64.71611,49,20.5,35.3,483.86,32
6/10/2026,10:36:25 AM,587,17.74547,-64.71611,49,20.5,35.3,468.75,32.1
6/10/2026,10:36:26 AM,588,17.74547,-64.71611,49,20.5,35.3,469.55,32.2
6/10/2026,10:36:27 AM,589,17.74547,-64.71611,49,20.5,35.3,375.14,32.1
6/10/2026,10:36:28 AM,590,17.74547,-64.71611,48.9,20.5,35.3,379.06,32
6/10/2026,10:36:29 AM,591,17.74547,-64.71611,48.9,20.5,35.3,374.48,32.1
6/10/2026,10:36:30 AM,592,17.74547,-64.71611,48.9,20.5,35.3,414.62,32.2
6/10/2026,10:36:31 AM,593,17.74547,-64.71611,48.9,20.5,35.2,412.28,32.2
6/10/2026,10:36:32 AM,594,17.74547,-64.71611,48.9,20.5,35.3,418.4,32.2
6/10/2026,10:36:33 AM,595,17.74547,-64.71611,48.9,20.5,35.2,421.54,32.1
6/10/2026,10:36:34 AM,596,17.74547,-64.71611,48.9,20.5,35.3,374.72,32.1
6/10/2026,10:36:35 AM,597,17.74547,-64.71611,48.9,20.5,35.3,334.64,32.1
6/10/2026,10:36:36 AM,598,17.74547,-64.71611,49,20.5,35.3,308.32,32.2
6/10/2026,10:36:37 AM,599,17.74547,-64.71611,49,20.5,35.3,343.87,32
6/10/2026,10:36:38 AM,600,17.74547,-64.71611,49,20.5,35.3,367.27,32.2
6/10/2026,10:36:39 AM,601,17.74547,-64.71611,48.9,20.5,35.2,394.62,32.1
6/10/2026,10:36:40 AM,602,17.74547,-64.71611,49,20.5,35.3,499.72,32
6/10/2026,10:36:41 AM,603,17.74547,-64.71611,49,20.5,35.2,517.11,32.1
6/10/2026,10:36:42 AM,604,17.74547,-64.71611,48.9,20.5,35.3,509.6,32
6/10/2026,10:36:43 AM,605,17.74547,-64.71611,49.1,20.6,35.3,523.84,32.2
6/10/2026,10:36:44 AM,606,17.74547,-64.71611,49.1,20.5,35.3,492.45,32.2
6/10/2026,10:36:45 AM,607,17.74547,-64.71611,49.1,20.6,35.3,490.31,32.2
6/10/2026,10:36:46 AM,608,17.74547,-64.71611,49.2,20.6,35.3,470.68,32.2
6/10/2026,10:36:47 AM,609,17.74547,-64.71611,49.1,20.6,35.3,476.95,32.5
6/10/2026,10:36:48 AM,610,17.74547,-64.71611,49.1,20.6,35.3,490,32.2
6/10/2026,10:36:49 AM,611,17.74547,-64.71611,49.1,20.6,35.3,422.52,32.2
6/10/2026,10:36:50 AM,612,17.74547,-64.71611,49.2,20.6,35.3,458.22,32.1
6/10/2026,10:36:51 AM,613,17.74547,-64.71611,49.2,20.6,35.3,463.6,32.3
6/10/2026,10:36:52 AM,614,17.74547,-64.71611,49.2,20.6,35.3,435.27,32.2
6/10/2026,10:36:53 AM,615,17.74547,-64.71611,49.2,20.6,35.3,387.91,32.3
6/10/2026,10:36:54 AM,616,17.74547,-64.71611,49.2,20.6,35.3,379.82,32.3
6/10/2026,10:36:55 AM,617,17.74547,-64.71611,49.2,20.6,35.3,337.86,32.4
6/10/2026,10:36:56 AM,618,17.74547,-64.71611,49.2,20.6,35.3,376.36,32.2
6/10/2026,10:36:57 AM,619,17.74547,-64.71611,49.2,20.6,35.3,371.58,32.3
6/10/2026,10:36:58 AM,620,17.74547,-64.71611,49.2,20.5,35.3,384.17,32.2
6/10/2026,10:36:59 AM,621,17.74547,-64.71611,49.2,20.6,35.3,356.66,32.1
6/10/2026,10:37:00 AM,622,17.74547,-64.71611,49.2,20.6,35.3,387.31,32.3
6/10/2026,10:37:01 AM,623,17.74547,-64.71611,49.2,20.6,35.3,370.53,32.3
6/10/2026,10:37:02 AM,624,17.74547,-64.71611,49.2,20.6,35.3,372.48,32.2
6/10/2026,10:37:03 AM,625,17.74547,-64.71611,49.2,20.6,35.3,362.95,32.2
6/10/2026,10:37:04 AM,626,17.74547,-64.71611,49.3,20.6,35.3,388.27,32.2
6/10/2026,10:37:05 AM,627,17.74547,-64.71611,49.3,20.6,35.3,436.55,32.1
6/10/2026,10:37:06 AM,628,17.74547,-64.71611,49.3,20.6,35.3,470.96,32.2
6/10/2026,10:37:07 AM,629,17.74547,-64.71611,49.3,20.6,35.3,439.75,32.1
6/10/2026,10:37:08 AM,630,17.74411,-64.71433,49.3,20.6,35.3,468.44,32.1
6/10/2026,10:37:09 AM,631,17.74411,-64.71433,49.3,20.6,35.3,385.81,32.3
6/10/2026,10:37:10 AM,632,17.74411,-64.71433,49.2,20.6,35.3,313.76,32.2
6/10/2026,10:37:11 AM,633,17.74411,-64.71433,49.2,20.6,35.3,321.7,32
6/10/2026,10:37:12 AM,634,17.74411,-64.71433,49.2,20.6,35.3,351.47,32.1
6/10/2026,10:37:13 AM,635,17.74411,-64.71433,49.2,20.6,35.3,375.55,32.1
6/10/2026,10:37:14 AM,636,17.74411,-64.71433,49.2,20.6,35.3,378.28,32
6/10/2026,10:37:15 AM,637,17.74411,-64.71433,49.2,20.6,35.2,362.34,32
6/10/2026,10:37:16 AM,638,17.74411,-64.71433,49.2,20.6,35.3,361.95,32
6/10/2026,10:37:17 AM,639,17.74411,-64.71433,49.2,20.6,35.3,367.96,32.2
6/10/2026,10:37:18 AM,640,17.74411,-64.71433,49.3,20.6,35.3,355.21,32
6/10/2026,10:37:19 AM,641,17.74411,-64.71433,49.2,20.6,35.3,369.5,32
6/10/2026,10:37:20 AM,642,17.74411,-64.71433,49.2,20.6,35.3,309.85,32.1
6/10/2026,10:37:21 AM,643,17.74411,-64.71433,49.2,20.6,35.3,255.77,32.1
6/10/2026,10:37:22 AM,644,17.74411,-64.71433,49.2,20.6,35.2,346.08,32
6/10/2026,10:37:23 AM,645,17.74411,-64.71433,49.2,20.6,35.2,357.25,32
6/10/2026,10:37:24 AM,646,17.74411,-64.71433,49.3,20.6,35.3,340.97,32.1
6/10/2026,10:37:25 AM,647,17.74411,-64.71433,49.3,20.6,35.2,312.01,32
6/10/2026,10:37:26 AM,648,17.74411,-64.71433,49.3,20.6,35.2,278.19,32
6/10/2026,10:37:27 AM,649,17.74411,-64.71433,49.3,20.6,35.3,306.89,32
6/10/2026,10:37:28 AM,650,17.74411,-64.71433,49.3,20.6,35.3,292.33,31.9
6/10/2026,10:37:29 AM,651,17.74411,-64.71433,49.3,20.6,35.2,355.9,32
6/10/2026,10:37:30 AM,652,17.74411,-64.71433,49.3,20.6,35.2,317.66,32.1
6/10/2026,10:37:31 AM,653,17.74411,-64.71433,49.2,20.5,35.2,317.89,31.9
6/10/2026,10:37:32 AM,654,17.74411,-64.71433,49.3,20.6,35.2,358.65,31.7
6/10/2026,10:37:33 AM,655,17.74411,-64.71433,49.3,20.6,35.2,374.38,31.9
6/10/2026,10:37:34 AM,656,17.74411,-64.71433,49.2,20.5,35.2,354.75,31.8
6/10/2026,10:37:35 AM,657,17.74411,-64.71433,49.2,20.5,35.2,334.24,31.8
6/10/2026,10:37:36 AM,658,17.74411,-64.71433,49.2,20.5,35.2,273.38,31.8
6/10/2026,10:37:37 AM,659,17.74411,-64.71433,49.2,20.5,35.2,290.47,31.8
6/10/2026,10:37:38 AM,660,17.74411,-64.71433,49.2,20.5,35.2,271.45,31.9
6/10/2026,10:37:39 AM,661,17.74411,-64.71433,49.2,20.5,35.2,325.95,31.7
6/10/2026,10:37:40 AM,662,17.74411,-64.71433,49.3,20.6,35.2,311.65,31.8
6/10/2026,10:37:41 AM,663,17.74411,-64.71433,49.4,20.6,35.2,306.63,31.7
6/10/2026,10:37:42 AM,664,17.74411,-64.71433,49.3,20.6,35.2,343.42,31.7
6/10/2026,10:37:43 AM,665,17.74411,-64.71433,49.4,20.6,35.2,337.81,31.6
6/10/2026,10:37:44 AM,666,17.74411,-64.71433,49.4,20.6,35.2,303.02,31.7
6/10/2026,10:37:45 AM,667,17.74411,-64.71433,49.4,20.6,35.2,290.1,31.7
6/10/2026,10:37:46 AM,668,17.74411,-64.71433,49.4,20.6,35.2,310.94,31.5
6/10/2026,10:37:47 AM,669,17.74411,-64.71433,49.4,20.6,35.2,318.04,31.4
6/10/2026,10:37:48 AM,670,17.74411,-64.71433,49.4,20.6,35.2,321.24,31.7
6/10/2026,10:37:49 AM,671,17.74411,-64.71433,49.4,20.6,35.2,318,31.6
6/10/2026,10:37:50 AM,672,17.74411,-64.71433,49.5,20.6,35.2,314.3,31.6
6/10/2026,10:37:51 AM,673,17.74411,-64.71433,49.5,20.6,35.2,310.29,31.6
6/10/2026,10:37:52 AM,674,17.74411,-64.71433,49.5,20.6,35.2,309.97,31.7
6/10/2026,10:37:53 AM,675,17.74411,-64.71433,49.5,20.6,35.2,289.67,31.6
6/10/2026,10:37:54 AM,676,17.74411,-64.71433,49.5,20.6,35.2,285.86,31.6
6/10/2026,10:37:55 AM,677,17.74411,-64.71433,49.5,20.6,35.2,264.91,31.5
6/10/2026,10:37:56 AM,678,17.74411,-64.71433,49.5,20.6,35.2,324.78,31.6
6/10/2026,10:37:57 AM,679,17.74411,-64.71433,49.5,20.6,35.2,299.04,31.7
6/10/2026,10:37:58 AM,680,17.74411,-64.71433,49.5,20.6,35.2,357.36,31.6
6/10/2026,10:37:59 AM,681,17.74411,-64.71433,49.5,20.6,35.2,292.19,31.6
6/10/2026,10:38:00 AM,682,17.74411,-64.71433,49.5,20.6,35.1,347.4,31.6
6/10/2026,10:38:01 AM,683,17.74411,-64.71433,49.6,20.6,35.2,371.95,31.6
6/10/2026,10:38:02 AM,684,17.74411,-64.71433,49.5,20.6,35.1,355.23,31.5
6/10/2026,10:38:03 AM,685,17.74411,-64.71433,49.6,20.6,35.2,363.08,31.8
6/10/2026,10:38:04 AM,686,17.74411,-64.71433,49.6,20.6,35.2,369.74,31.6
6/10/2026,10:38:05 AM,687,17.74411,-64.71433,49.6,20.6,35.2,321.21,31.5
6/10/2026,10:38:06 AM,688,17.74411,-64.71433,49.6,20.6,35.1,453.39,31.5
6/10/2026,10:38:07 AM,689,17.74411,-64.71433,49.6,20.6,35.1,420.51,31.5
6/10/2026,10:38:08 AM,690,17.74411,-64.71433,49.6,20.6,35.1,434.19,31.6
6/10/2026,10:38:09 AM,691,17.74411,-64.71433,49.6,20.6,35.1,405.66,31.4
6/10/2026,10:38:10 AM,692,17.74411,-64.71433,49.6,20.6,35.1,397.95,31.5
6/10/2026,10:38:11 AM,693,17.74411,-64.71433,49.6,20.6,35.1,407.91,31.6
6/10/2026,10:38:12 AM,694,17.74411,-64.71433,49.6,20.6,35.1,421.35,31.6
6/10/2026,10:38:13 AM,695,17.74411,-64.71433,49.6,20.6,35.1,379.55,31.5
6/10/2026,10:38:14 AM,696,17.74411,-64.71433,49.6,20.6,35.1,375.24,31.6
6/10/2026,10:38:15 AM,697,17.74411,-64.71433,49.6,20.6,35.1,408.99,31.6
6/10/2026,10:38:16 AM,698,17.74411,-64.71433,49.6,20.6,35.1,426.72,31.6
6/10/2026,10:38:17 AM,699,17.74411,-64.71433,49.6,20.6,35.1,446.54,31.7
6/10/2026,10:38:18 AM,700,17.74411,-64.71433,49.6,20.6,35.1,401.52,31.5
6/10/2026,10:38:19 AM,701,17.74411,-64.71433,49.7,20.6,35.1,433.4,31.6
6/10/2026,10:38:20 AM,702,17.74411,-64.71433,49.6,20.6,35.1,437.19,31.6
6/10/2026,10:38:21 AM,703,17.74411,-64.71433,49.7,20.6,35.1,414.27,31.4
6/10/2026,10:38:22 AM,704,17.74411,-64.71433,49.7,20.6,35.1,433.07,31.6
6/10/2026,10:38:23 AM,705,17.74411,-64.71433,49.6,20.6,35.1,520.77,31.6
6/10/2026,10:38:24 AM,706,17.74411,-64.71433,49.7,20.6,35.1,504.37,31.6
6/10/2026,10:38:25 AM,707,17.74411,-64.71433,49.6,20.6,35.1,517.94,31.6
6/10/2026,10:38:26 AM,708,17.74411,-64.71433,49.6,20.6,35.1,466.3,31.4
6/10/2026,10:38:27 AM,709,17.74411,-64.71433,49.6,20.6,35.1,503.61,31.6
6/10/2026,10:38:28 AM,710,17.74411,-64.71433,49.7,20.6,35.1,512.3,31.6
6/10/2026,10:38:29 AM,711,17.74411,-64.71433,49.7,20.6,35.1,452.82,31.5
6/10/2026,10:38:30 AM,712,17.74411,-64.71433,49.6,20.6,35.1,475.26,31.7
6/10/2026,10:38:31 AM,713,17.74411,-64.71433,49.7,20.6,35.1,438.48,31.5
6/10/2026,10:38:32 AM,714,17.74411,-64.71433,49.7,20.6,35.1,346.95,31.7
6/10/2026,10:38:33 AM,715,17.74411,-64.71433,49.7,20.6,35.1,377.14,31.6
6/10/2026,10:38:34 AM,716,17.74411,-64.71433,49.7,20.6,35.1,340.41,31.7
6/10/2026,10:38:35 AM,717,17.74411,-64.71433,49.7,20.6,35.1,365.04,31.6
6/10/2026,10:38:36 AM,718,17.74411,-64.71433,49.7,20.6,35.1,414.39,31.4
6/10/2026,10:38:37 AM,719,17.74411,-64.71433,49.7,20.6,35.1,368.81,31.6
6/10/2026,10:38:38 AM,720,17.74411,-64.71433,49.7,20.6,35.1,371.8,31.6
6/10/2026,10:38:39 AM,721,17.74411,-64.71433,49.7,20.6,35.1,392.25,31.7
6/10/2026,10:38:40 AM,722,17.74411,-64.71433,49.7,20.6,35.1,367.65,31.5
6/10/2026,10:38:41 AM,723,17.74411,-64.71433,49.7,20.6,35.1,362.82,31.6
6/10/2026,10:38:42 AM,724,17.74411,-64.71433,49.7,20.6,35,330.85,31.7
6/10/2026,10:38:43 AM,725,17.74411,-64.71433,49.7,20.6,35,356.04,31.7
6/10/2026,10:38:44 AM,726,17.74411,-64.71433,49.7,20.6,35,355.38,31.7
6/10/2026,10:38:45 AM,727,17.74411,-64.71433,49.8,20.6,35.1,351.69,31.7
6/10/2026,10:38:46 AM,728,17.74411,-64.71433,49.7,20.6,35,329.79,31.7
6/10/2026,10:38:47 AM,729,17.74411,-64.71433,49.7,20.6,35,347.19,31.8
6/10/2026,10:38:48 AM,730,17.74411,-64.71433,49.7,20.5,35,357.86,31.9
6/10/2026,10:38:49 AM,731,17.74411,-64.71433,49.7,20.6,35,326.21,31.7
6/10/2026,10:38:50 AM,732,17.74411,-64.71433,49.7,20.5,35,302.19,31.9
6/10/2026,10:38:51 AM,733,17.74411,-64.71433,49.7,20.5,35,347.58,31.9
6/10/2026,10:38:52 AM,734,17.74411,-64.71433,49.7,20.5,35,340.28,32
6/10/2026,10:38:53 AM,735,17.74411,-64.71433,49.7,20.6,35,337.45,31.8
6/10/2026,10:38:54 AM,736,17.74411,-64.71433,49.7,20.6,35,339.99,32
6/10/2026,10:38:55 AM,737,17.74411,-64.71433,49.8,20.6,35,338.2,32
6/10/2026,10:38:56 AM,738,17.74411,-64.71433,49.8,20.6,35,332.57,31.9
6/10/2026,10:38:57 AM,739,17.74411,-64.71433,49.8,20.6,35,350.6,31.9
6/10/2026,10:38:58 AM,740,17.74411,-64.71433,49.8,20.6,35,321.92,32
6/10/2026,10:38:59 AM,741,17.74411,-64.71433,49.9,20.6,35,347.81,32
6/10/2026,10:39:00 AM,742,17.74411,-64.71433,49.9,20.6,35.1,358.47,31.9
6/10/2026,10:39:01 AM,743,17.74411,-64.71433,49.9,20.6,35,366.4,32.1
6/10/2026,10:39:02 AM,744,17.74411,-64.71433,49.9,20.6,35,342.56,31.9
6/10/2026,10:39:03 AM,745,17.74411,-64.71433,50,20.6,35,356.34,32
6/10/2026,10:39:04 AM,746,17.74411,-64.71433,49.9,20.6,35,377.81,32.1
6/10/2026,10:39:05 AM,747,17.74411,-64.71433,49.9,20.6,35,346.69,32
6/10/2026,10:39:06 AM,748,17.74411,-64.71433,49.9,20.6,35,326.76,32.1
6/10/2026,10:39:07 AM,749,17.74411,-64.71433,50,20.6,35.1,354.86,32
6/10/2026,10:39:08 AM,750,17.74411,-64.71433,49.9,20.6,35,361.88,32.1
6/10/2026,10:39:09 AM,751,17.74411,-64.71433,49.9,20.6,35,368.52,32.2
6/10/2026,10:39:10 AM,752,17.74411,-64.71433,49.9,20.6,35,382.02,32
6/10/2026,10:39:11 AM,753,17.74411,-64.71433,49.9,20.6,35,383.6,32.2
6/10/2026,10:39:12 AM,754,17.74411,-64.71433,49.9,20.6,35,385.22,32
6/10/2026,10:39:13 AM,755,17.74411,-64.71433,49.9,20.6,35,389.11,32
6/10/2026,10:39:14 AM,756,17.74411,-64.71433,49.9,20.6,35,336.96,32
6/10/2026,10:39:15 AM,757,17.74411,-64.71433,50,20.6,35,378.29,32.1
6/10/2026,10:39:16 AM,758,17.74411,-64.71433,50,20.6,35,396.74,32
6/10/2026,10:39:17 AM,759,17.74411,-64.71433,49.9,20.6,35,380.81,32.1
6/10/2026,10:39:18 AM,760,17.74411,-64.71433,50,20.6,35,375.77,32.2
6/10/2026,10:39:19 AM,761,17.74411,-64.71433,50,20.6,35,376.02,32.1
6/10/2026,10:39:20 AM,762,17.74411,-64.71433,50,20.6,35,403.3,32
6/10/2026,10:39:21 AM,763,17.74411,-64.71433,50.1,20.6,35.1,365.6,32.1
6/10/2026,10:39:22 AM,764,17.74411,-64.71433,50.1,20.7,35.1,383.62,32.3
6/10/2026,10:39:23 AM,765,17.74411,-64.71433,50.1,20.7,35.1,355.75,32.2
6/10/2026,10:39:24 AM,766,17.74411,-64.71433,50.1,20.7,35.1,330.51,31.9
6/10/2026,10:39:25 AM,767,17.74411,-64.71433,50.2,20.7,35.1,332.27,32.1
6/10/2026,10:39:26 AM,768,17.74411,-64.71433,50.2,20.7,35.1,338.21,32.2
6/10/2026,10:39:27 AM,769,17.74411,-64.71433,50.2,20.7,35.1,383.45,32.1
6/10/2026,10:39:28 AM,770,17.74411,-64.71433,50.2,20.7,35.1,368.73,32
6/10/2026,10:39:29 AM,771,17.74411,-64.71433,50.2,20.7,35.1,371.79,32.1
6/10/2026,10:39:30 AM,772,17.74411,-64.71433,50.2,20.7,35.1,371.84,32.2
6/10/2026,10:39:31 AM,773,17.74411,-64.71433,50.2,20.7,35.1,406.21,32.3
6/10/2026,10:39:32 AM,774,17.74411,-64.71433,50.2,20.7,35.1,402.81,32.1
6/10/2026,10:39:33 AM,775,17.74411,-64.71433,50.2,20.7,35.1,364.71,32.2
6/10/2026,10:39:34 AM,776,17.74411,-64.71433,50.2,20.7,35.1,371.47,32.2
6/10/2026,10:39:35 AM,777,17.74411,-64.71433,50.2,20.7,35,404.99,32.3
6/10/2026,10:39:36 AM,778,17.74411,-64.71433,50.1,20.7,35.1,356.06,32.1
6/10/2026,10:39:37 AM,779,17.74411,-64.71433,50.1,20.6,35,361.59,32.1
6/10/2026,10:39:38 AM,780,17.74411,-64.71433,50.1,20.6,35,385.36,32.2
6/10/2026,10:39:39 AM,781,17.74411,-64.71433,50,20.6,35,378.91,32.3
6/10/2026,10:39:40 AM,782,17.74411,-64.71433,50,20.6,35,395.28,32.2
6/10/2026,10:39:41 AM,783,17.74411,-64.71433,49.9,20.6,35,375.67,32.2
6/10/2026,10:39:42 AM,784,17.74411,-64.71433,49.9,20.6,35,348.7,32.2
6/10/2026,10:39:43 AM,785,17.74337,-64.71367,49.9,20.6,35,341.33,32.3
6/10/2026,10:39:44 AM,786,17.74337,-64.71367,49.9,20.6,35,352.31,32.2
6/10/2026,10:39:45 AM,787,17.74337,-64.71367,50,20.6,35,354.74,32.2
6/10/2026,10:39:46 AM,788,17.74337,-64.71367,50,20.6,35,350.11,32.4
6/10/2026,10:39:47 AM,789,17.74337,-64.71367,50,20.6,35,346.27,32.4
6/10/2026,10:39:48 AM,790,17.74337,-64.71367,50,20.6,35,327.58,32.2
6/10/2026,10:39:49 AM,791,17.74337,-64.71367,50,20.6,35,315.1,32.3
6/10/2026,10:39:50 AM,792,17.74337,-64.71367,50,20.6,35,322.62,32.1
6/10/2026,10:39:51 AM,793,17.74337,-64.71367,50.1,20.6,35.1,316.12,32.2
6/10/2026,10:39:52 AM,794,17.74337,-64.71367,50,20.6,35,316.61,32.2
6/10/2026,10:39:53 AM,795,17.74337,-64.71367,49.9,20.6,35,283.75,32.2
6/10/2026,10:39:54 AM,796,17.74337,-64.71367,49.8,20.6,35,286.96,32.3
6/10/2026,10:39:55 AM,797,17.74337,-64.71367,49.8,20.6,35,308.7,32.3
6/10/2026,10:39:56 AM,798,17.74337,-64.71367,49.8,20.6,35,308.43,32.4
6/10/2026,10:39:57 AM,799,17.74337,-64.71367,49.9,20.6,35,289.8,32.3
6/10/2026,10:39:58 AM,800,17.74337,-64.71367,49.9,20.6,35,292.76,32.4
6/10/2026,10:39:59 AM,801,17.74337,-64.71367,49.9,20.6,35,301.58,32.3
6/10/2026,10:40:00 AM,802,17.74337,-64.71367,49.9,20.6,35,332.16,32.3
6/10/2026,10:40:01 AM,803,17.74337,-64.71367,49.9,20.6,35,308.84,32.2
6/10/2026,10:40:02 AM,804,17.74337,-64.71367,49.9,20.6,35,283.57,32.2
6/10/2026,10:40:03 AM,805,17.74337,-64.71367,49.9,20.6,35,294.93,32.2
6/10/2026,10:40:04 AM,806,17.74337,-64.71367,49.9,20.6,35,301.92,32.5
6/10/2026,10:40:05 AM,807,17.74337,-64.71367,50,20.6,35,317.94,32.5
6/10/2026,10:40:06 AM,808,17.74337,-64.71367,50,20.6,35,311,32.2
6/10/2026,10:40:07 AM,809,17.74337,-64.71367,50,20.6,35,302.64,32.4
6/10/2026,10:40:08 AM,810,17.74337,-64.71367,50.1,20.6,35,306.27,32.2
6/10/2026,10:40:09 AM,811,17.74337,-64.71367,50.1,20.6,35,316.5,32.3
6/10/2026,10:40:10 AM,812,17.74337,-64.71367,50.1,20.6,35,314.83,32.3
6/10/2026,10:40:11 AM,813,17.74337,-64.71367,50.1,20.6,35,311.21,32.3
6/10/2026,10:40:12 AM,814,17.74337,-64.71367,50.1,20.6,35,295.2,32.3
6/10/2026,10:40:13 AM,815,17.74337,-64.71367,50.1,20.6,35,284.49,32.3
6/10/2026,10:40:14 AM,816,17.74337,-64.71367,50.1,20.6,35,258.75,32.3
6/10/2026,10:40:15 AM,817,17.74337,-64.71367,50.1,20.6,35,326.36,32.4
6/10/2026,10:40:16 AM,818,17.74337,-64.71367,50.1,20.6,35,326.01,32.3
6/10/2026,10:40:17 AM,819,17.74337,-64.71367,50.1,20.6,35,307.26,32.5
6/10/2026,10:40:18 AM,820,17.74337,-64.71367,50.1,20.6,35,311.82,32.4
6/10/2026,10:40:19 AM,821,17.74337,-64.71367,50.2,20.7,35,305.97,32.4
6/10/2026,10:40:20 AM,822,17.74337,-64.71367,50.2,20.7,35,295.17,32.5
6/10/2026,10:40:21 AM,823,17.74337,-64.71367,50.2,20.7,35,309.56,32.4
6/10/2026,10:40:22 AM,824,17.74337,-64.71367,50.2,20.6,35,335.78,32.4
6/10/2026,10:40:23 AM,825,17.74337,-64.71367,50.2,20.6,35,345.84,32.4
6/10/2026,10:40:24 AM,826,17.74337,-64.71367,50.2,20.7,35,337.48,32.5
6/10/2026,10:40:25 AM,827,17.74337,-64.71367,50.1,20.6,35,364.12,32.3
6/10/2026,10:40:26 AM,828,17.74337,-64.71367,50.1,20.6,35,384.23,32.3
6/10/2026,10:40:27 AM,829,17.74337,-64.71367,50.1,20.6,35,379.63,32.3
6/10/2026,10:40:28 AM,830,17.74337,-64.71367,50.1,20.6,35,371.09,32.3
6/10/2026,10:40:29 AM,831,17.74337,-64.71367,50.1,20.6,35,404.52,32.2
6/10/2026,10:40:30 AM,832,17.74337,-64.71367,50.1,20.6,35,421.98,32.1
6/10/2026,10:40:31 AM,833,17.74337,-64.71367,50,20.6,35,430.27,32.1
6/10/2026,10:40:32 AM,834,17.74337,-64.71367,49.9,20.6,35,395.72,32.3
6/10/2026,10:40:33 AM,835,17.74337,-64.71367,50,20.6,35,421.88,32.3
6/10/2026,10:40:34 AM,836,17.74337,-64.71367,49.9,20.6,34.9,361.12,32.2
6/10/2026,10:40:35 AM,837,17.74337,-64.71367,49.8,20.6,35,370.73,32.2
6/10/2026,10:40:36 AM,838,17.74337,-64.71367,49.8,20.5,34.9,374.77,32.3
6/10/2026,10:40:37 AM,839,17.74337,-64.71367,49.8,20.5,34.9,393.29,32
6/10/2026,10:40:38 AM,840,17.74337,-64.71367,49.8,20.5,34.9,400.49,32.1
6/10/2026,10:40:39 AM,841,17.74337,-64.71367,49.8,20.5,34.9,410,32
6/10/2026,10:40:40 AM,842,17.74337,-64.71367,49.8,20.5,34.9,406.91,31.9
6/10/2026,10:40:41 AM,843,17.74337,-64.71367,49.8,20.5,34.9,385.3,32.2
6/10/2026,10:40:42 AM,844,17.74337,-64.71367,49.8,20.5,34.9,420.49,32.1
6/10/2026,10:40:43 AM,845,17.74337,-64.71367,49.8,20.5,34.9,412.26,32
6/10/2026,10:40:44 AM,846,17.74337,-64.71367,49.9,20.5,34.9,410.58,32.1
6/10/2026,10:40:45 AM,847,17.74337,-64.71367,49.9,20.5,34.9,393.35,32
6/10/2026,10:40:46 AM,848,17.74337,-64.71367,49.9,20.5,34.9,345.55,32
6/10/2026,10:40:47 AM,849,17.74337,-64.71367,49.9,20.5,34.9,396.84,31.9
6/10/2026,10:40:48 AM,850,17.74337,-64.71367,49.9,20.5,34.9,401.75,32
6/10/2026,10:40:49 AM,851,17.74337,-64.71367,49.9,20.5,34.9,397.22,32.1
6/10/2026,10:40:50 AM,852,17.74337,-64.71367,49.9,20.5,34.9,435.69,32
6/10/2026,10:40:51 AM,853,17.74337,-64.71367,49.9,20.5,34.9,381.22,32
6/10/2026,10:40:52 AM,854,17.74337,-64.71367,49.9,20.5,34.9,412.29,31.9
6/10/2026,10:40:53 AM,855,17.74337,-64.71367,49.9,20.6,34.9,392.49,32
6/10/2026,10:40:54 AM,856,17.74337,-64.71367,49.9,20.5,34.9,400.68,31.8
6/10/2026,10:40:55 AM,857,17.74337,-64.71367,49.9,20.6,34.9,369.98,31.9
6/10/2026,10:40:56 AM,858,17.74337,-64.71367,49.9,20.5,34.9,359.58,32
6/10/2026,10:40:57 AM,859,17.74337,-64.71367,49.9,20.5,34.9,365.42,32
6/10/2026,10:40:58 AM,860,17.74337,-64.71367,49.9,20.5,34.9,313.1,31.8
6/10/2026,10:40:59 AM,861,17.74337,-64.71367,49.9,20.5,34.9,372.51,31.9
6/10/2026,10:41:00 AM,862,17.74337,-64.71367,50,20.6,34.9,375.35,32
6/10/2026,10:41:01 AM,863,17.74337,-64.71367,50,20.6,34.9,345.81,31.8
6/10/2026,10:41:02 AM,864,17.74337,-64.71367,50,20.6,34.9,380.97,31.9
6/10/2026,10:41:03 AM,865,17.74337,-64.71367,50,20.6,34.9,380.73,31.8
6/10/2026,10:41:04 AM,866,17.74337,-64.71367,50,20.5,34.9,331.4,31.9
6/10/2026,10:41:05 AM,867,17.74337,-64.71367,50,20.5,34.9,374.81,31.9
6/10/2026,10:41:06 AM,868,17.74337,-64.71367,50,20.6,34.9,414.14,31.9
6/10/2026,10:41:07 AM,869,17.74337,-64.71367,50,20.6,34.9,410.96,31.9
6/10/2026,10:41:08 AM,870,17.74337,-64.71367,50,20.5,34.9,415.47,31.9
6/10/2026,10:41:09 AM,871,17.74337,-64.71367,49.7,20.5,34.8,363.1,31.9
6/10/2026,10:41:10 AM,872,17.74337,-64.71367,49.6,20.4,34.8,326.45,31.8
6/10/2026,10:41:11 AM,873,17.74337,-64.71367,49.5,20.4,34.7,336.48,31.8
6/10/2026,10:41:12 AM,874,17.74337,-64.71367,49.5,20.4,34.7,352.98,31.8
6/10/2026,10:41:13 AM,875,17.74337,-64.71367,49.6,20.4,34.7,352.61,31.9
6/10/2026,10:41:14 AM,876,17.74337,-64.71367,49.6,20.4,34.8,352.42,32
6/10/2026,10:41:15 AM,877,17.74337,-64.71367,49.6,20.4,34.8,363.12,31.7
6/10/2026,10:41:16 AM,878,17.74337,-64.71367,49.7,20.4,34.8,348.56,31.9
6/10/2026,10:41:17 AM,879,17.74337,-64.71367,49.7,20.4,34.8,352.35,31.8
6/10/2026,10:41:18 AM,880,17.74337,-64.71367,49.7,20.4,34.8,405.44,31.8
6/10/2026,10:41:19 AM,881,17.74337,-64.71367,49.7,20.4,34.8,399.13,31.8
6/10/2026,10:41:20 AM,882,17.74337,-64.71367,49.7,20.4,34.7,394.21,31.7
6/10/2026,10:41:21 AM,883,17.74337,-64.71367,49.6,20.4,34.7,415.37,31.9
6/10/2026,10:41:22 AM,884,17.74337,-64.71367,49.7,20.4,34.7,404.98,31.8
6/10/2026,10:41:23 AM,885,17.74337,-64.71367,49.6,20.4,34.7,406.47,31.6
6/10/2026,10:41:24 AM,886,17.74337,-64.71367,49.5,20.3,34.7,403.83,31.6
6/10/2026,10:41:25 AM,887,17.74337,-64.71367,49.3,20.3,34.6,365.49,31.8
6/10/2026,10:41:26 AM,888,17.74337,-64.71367,49.3,20.3,34.6,398.37,31.7
6/10/2026,10:41:27 AM,889,17.74337,-64.71367,49.3,20.3,34.6,407.23,31.7
6/10/2026,10:41:28 AM,890,17.74337,-64.71367,49.4,20.3,34.7,237.66,31.7
6/10/2026,10:41:29 AM,891,17.74337,-64.71367,49.4,20.3,34.7,285.86,31.7
6/10/2026,10:41:30 AM,892,17.74337,-64.71367,49.4,20.3,34.7,303.55,31.7
6/10/2026,10:41:31 AM,893,17.74337,-64.71367,49.3,20.3,34.6,331.39,31.7
6/10/2026,10:41:32 AM,894,17.74337,-64.71367,49.3,20.3,34.6,320.34,31.7
6/10/2026,10:41:33 AM,895,17.74337,-64.71367,49.2,20.3,34.6,222.18,31.6
6/10/2026,10:41:34 AM,896,17.74337,-64.71367,49.2,20.2,34.6,296.06,31.7
6/10/2026,10:41:35 AM,897,17.74337,-64.71367,49.2,20.2,34.6,293.08,31.6
6/10/2026,10:41:36 AM,898,17.74265,-64.71339,49.1,20.2,34.6,274.54,31.9
6/10/2026,10:41:37 AM,899,17.74265,-64.71338,49,20.2,34.5,252.75,31.7
6/10/2026,10:41:38 AM,900,17.74265,-64.71338,49.1,20.2,34.6,185.68,31.7
6/10/2026,10:41:39 AM,901,17.74265,-64.71338,49,20.2,34.5,165.69,31.6
6/10/2026,10:41:40 AM,902,17.74265,-64.71338,49.1,20.2,34.5,126.87,31.6
6/10/2026,10:41:41 AM,903,17.74265,-64.71338,49.1,20.2,34.5,125.93,31.6
6/10/2026,10:41:42 AM,904,17.74265,-64.71338,49,20.2,34.5,105.32,31.5
6/10/2026,10:41:43 AM,905,17.74265,-64.71338,49,20.2,34.5,133.44,31.5
6/10/2026,10:41:44 AM,906,17.74265,-64.71338,49.1,20.2,34.5,112.43,31.6
6/10/2026,10:41:45 AM,907,17.74265,-64.71338,49.1,20.2,34.5,109.72,31.5
6/10/2026,10:41:46 AM,908,17.74265,-64.71338,49.1,20.2,34.5,133.19,31.6
6/10/2026,10:41:47 AM,909,17.74265,-64.71338,49.1,20.2,34.5,213.38,31.4
6/10/2026,10:41:48 AM,910,17.74265,-64.71338,49.1,20.2,34.5,233.47,31.6
6/10/2026,10:41:49 AM,911,17.74265,-64.71338,49.1,20.2,34.5,259.38,31.5
6/10/2026,10:41:50 AM,912,17.74265,-64.71338,49.1,20.2,34.5,263.12,31.4
6/10/2026,10:41:51 AM,913,17.74265,-64.71338,49.2,20.2,34.5,275.77,31.4
6/10/2026,10:41:52 AM,914,17.74265,-64.71338,49.3,20.2,34.5,288.85,31.5
6/10/2026,10:41:53 AM,915,17.74265,-64.71338,49.2,20.2,34.5,316.14,31.3
6/10/2026,10:41:54 AM,916,17.74265,-64.71338,49.3,20.2,34.5,211.09,31.4
6/10/2026,10:41:55 AM,917,17.74265,-64.71338,49.3,20.2,34.5,208.39,31.3
6/10/2026,10:41:56 AM,918,17.74265,-64.71338,49.3,20.2,34.5,214.19,31.4
6/10/2026,10:41:57 AM,919,17.74265,-64.71338,49.3,20.2,34.5,254.64,31.3
6/10/2026,10:41:58 AM,920,17.74265,-64.71338,49.2,20.2,34.5,248.81,31.3
6/10/2026,10:41:59 AM,921,17.74265,-64.71338,49.2,20.2,34.5,254.6,31.3
6/10/2026,10:42:00 AM,922,17.74265,-64.71338,49,20.1,34.4,265.42,31.2
6/10/2026,10:42:01 AM,923,17.74250,-64.71317,49,20.1,34.4,291.08,31.2
6/10/2026,10:42:02 AM,924,17.74250,-64.71317,49,20.1,34.4,276.46,31.1
6/10/2026,10:42:03 AM,925,17.74250,-64.71317,49,20.1,34.4,291.25,31.2
6/10/2026,10:42:04 AM,926,17.74248,-64.71314,49,20.1,34.4,288.72,31.3
6/10/2026,10:42:05 AM,927,17.74247,-64.71313,49,20.1,34.4,270.72,31.3