Date,Time,Elapsed Seconds,Temperature Probe-Temperature (&#x2103;),Ambient Light Intensity-Light (lux),Heat Index-Heat Index (&#x2103;),Dew Point-Dew Point (&#x2103;),Humidity-Humidity (%RH)
6/8/2026,10:22:20 AM,0.00,30.2,197.25,34,20.1,50
6/8/2026,10:22:21 AM,1.00,30,167.09,34,20.1,49.9
6/8/2026,10:22:22 AM,2.00,29.9,95.91,34,20.1,50
6/8/2026,10:22:23 AM,3.00,30,92.07,34,20.1,50
6/8/2026,10:22:24 AM,4.00,30.1,80.83,34,20.1,50
6/8/2026,10:22:25 AM,5.00,30.1,74.76,34,20.2,50.3
6/8/2026,10:22:26 AM,6.00,30.2,44.48,34.1,20.2,50.4
6/8/2026,10:22:27 AM,7.00,30,46.56,34,20.2,50.4
6/8/2026,10:22:28 AM,8.00,30,51.14,34,20.2,50.4
6/8/2026,10:22:29 AM,9.00,30,129.9,34,20.2,50.4
6/8/2026,10:22:30 AM,10.00,29.9,78.22,34,20.2,50.4
6/8/2026,10:22:31 AM,11.00,30,55.68,34,20.2,50.5
6/8/2026,10:22:32 AM,12.00,30.2,47.87,34.1,20.2,50.5
6/8/2026,10:22:33 AM,13.00,30,39.18,34,20.2,50.5
6/8/2026,10:22:34 AM,14.00,30,30.26,34.1,20.3,50.6
6/8/2026,10:22:35 AM,15.00,30.2,33.88,34.1,20.3,50.7
6/8/2026,10:22:36 AM,16.00,30,36.25,34.1,20.3,50.8
6/8/2026,10:22:37 AM,17.00,30,63.09,34.1,20.4,50.9
6/8/2026,10:22:38 AM,18.00,30,59.44,34.1,20.4,51
6/8/2026,10:22:39 AM,19.00,30.1,144.31,34.1,20.4,51
6/8/2026,10:22:40 AM,20.00,30.1,315.39,34.2,20.4,51.1
6/8/2026,10:22:41 AM,21.00,30.2,403.57,34.2,20.4,51.1
6/8/2026,10:22:42 AM,22.00,30.1,586.23,34.2,20.4,51.2
6/8/2026,10:22:43 AM,23.00,30,611,34.1,20.3,50.9
6/8/2026,10:22:44 AM,24.00,30,279.38,34.1,20.3,50.7
6/8/2026,10:22:45 AM,25.00,30.2,144.27,34,20.3,50.6
6/8/2026,10:22:46 AM,26.00,30.2,105.11,34,20.2,50.6
6/8/2026,10:22:47 AM,27.00,30.2,78.31,34,20.2,50.6
6/8/2026,10:22:48 AM,28.00,30.3,127.28,34,20.3,50.7
6/8/2026,10:22:49 AM,29.00,30.2,54.35,34,20.3,50.7
6/8/2026,10:22:50 AM,30.00,30.1,44.45,34.1,20.3,50.9
6/8/2026,10:22:51 AM,31.00,30.3,41.17,34.1,20.3,50.9
6/8/2026,10:22:52 AM,32.00,30.4,28.43,34.1,20.3,50.9
6/8/2026,10:22:53 AM,33.00,30.1,22.99,34.1,20.3,50.9
6/8/2026,10:22:54 AM,34.00,30.3,48.34,34.1,20.4,51
6/8/2026,10:22:55 AM,35.00,30.2,130.97,34.1,20.4,51.1
6/8/2026,10:22:56 AM,36.00,30.2,58.53,34.1,20.4,51
6/8/2026,10:22:57 AM,37.00,30.1,31.72,34.1,20.4,51
6/8/2026,10:22:58 AM,38.00,30.1,19.03,34.1,20.4,51.1
6/8/2026,10:22:59 AM,39.00,30.3,21.91,34.1,20.4,51.1
6/8/2026,10:23:00 AM,40.00,30.2,11.83,34.1,20.4,51.1
6/8/2026,10:23:01 AM,41.00,30.1,27.12,34.1,20.4,51.1
6/8/2026,10:23:02 AM,42.00,30.1,18.61,34.1,20.4,51.1
6/8/2026,10:23:03 AM,43.00,30,18.82,34.1,20.4,51.1
6/8/2026,10:23:04 AM,44.00,30,14.77,34.1,20.4,51.2
6/8/2026,10:23:05 AM,45.00,30.1,15.98,34.1,20.4,51.2
6/8/2026,10:23:06 AM,46.00,30,17.97,34.1,20.4,51.2
6/8/2026,10:23:07 AM,47.00,30.1,12.05,34.1,20.4,51.2
6/8/2026,10:23:08 AM,48.00,30.1,14.41,34.1,20.4,51.2
6/8/2026,10:23:09 AM,49.00,30,17.8,34.1,20.4,51.2
6/8/2026,10:23:10 AM,50.00,30,22.37,34.1,20.4,51.2
6/8/2026,10:23:11 AM,51.00,30.1,23.52,34.1,20.4,51.2
6/8/2026,10:23:12 AM,52.00,30,17.88,34.1,20.4,51.3
6/8/2026,10:23:13 AM,53.00,29.9,17.42,34.2,20.5,51.4
6/8/2026,10:23:14 AM,54.00,30.1,17.04,34.2,20.6,51.7
6/8/2026,10:23:15 AM,55.00,30,19.04,34.3,20.6,51.8
6/8/2026,10:23:16 AM,56.00,30,14.92,34.3,20.6,51.9
6/8/2026,10:23:17 AM,57.00,30.1,12.17,34.3,20.6,51.8
6/8/2026,10:23:18 AM,58.00,30,14.31,34.3,20.6,51.7
6/8/2026,10:23:19 AM,59.00,30.1,17.06,34.3,20.6,51.7
6/8/2026,10:23:20 AM,60.00,29.9,20.99,34.2,20.5,51.6
6/8/2026,10:23:21 AM,61.00,29.9,2.22,34.2,20.5,51.5
6/8/2026,10:23:22 AM,62.00,30.1,39.87,34.2,20.5,51.4
6/8/2026,10:23:23 AM,63.00,29.9,49.47,34.2,20.5,51.5
6/8/2026,10:23:24 AM,64.00,30.1,73.86,34.2,20.5,51.5
6/8/2026,10:23:25 AM,65.00,30.1,25.82,34.2,20.5,51.5
6/8/2026,10:23:26 AM,66.00,29.8,21.59,34.2,20.5,51.5
6/8/2026,10:23:27 AM,67.00,30,25.3,34.2,20.5,51.5
6/8/2026,10:23:28 AM,68.00,29.9,36.76,34.2,20.5,51.5
6/8/2026,10:23:29 AM,69.00,29.9,21.25,34.2,20.5,51.5
6/8/2026,10:23:30 AM,70.00,29.8,25,34.2,20.5,51.5
6/8/2026,10:23:31 AM,71.00,30,18.13,34.2,20.5,51.5
6/8/2026,10:23:32 AM,72.00,29.9,25.43,34.2,20.5,51.5
6/8/2026,10:23:33 AM,73.00,29.9,30.96,34.2,20.5,51.5
6/8/2026,10:23:34 AM,74.00,29.9,29.15,34.2,20.5,51.5
6/8/2026,10:23:35 AM,75.00,30,50.25,34.3,20.6,51.6
6/8/2026,10:23:36 AM,76.00,30,117.71,34.3,20.6,51.8
6/8/2026,10:23:37 AM,77.00,30.1,251.81,34.3,20.6,51.8
6/8/2026,10:23:38 AM,78.00,30.1,298.54,34.3,20.6,51.8
6/8/2026,10:23:39 AM,79.00,30.1,332.89,34.3,20.6,51.8
6/8/2026,10:23:40 AM,80.00,30.1,330.22,34.3,20.6,51.8
6/8/2026,10:23:41 AM,81.00,30.1,329.25,34.3,20.6,51.7
6/8/2026,10:23:42 AM,82.00,30,348.45,34.3,20.6,51.7
6/8/2026,10:23:43 AM,83.00,30,352.33,34.3,20.6,51.7
6/8/2026,10:23:44 AM,84.00,30.2,319.8,34.3,20.6,51.8
6/8/2026,10:23:45 AM,85.00,30.3,358.27,34.3,20.7,51.9
6/8/2026,10:23:46 AM,86.00,30.2,321.71,34.3,20.7,51.9
6/8/2026,10:23:47 AM,87.00,30.3,311.93,34.4,20.7,52
6/8/2026,10:23:48 AM,88.00,30.4,297.77,34.4,20.7,51.9
6/8/2026,10:23:49 AM,89.00,30.3,301.89,34.3,20.7,51.9
6/8/2026,10:23:50 AM,90.00,30.3,329.58,34.3,20.6,51.8
6/8/2026,10:23:51 AM,91.00,30.6,331.99,34.3,20.6,51.7
6/8/2026,10:23:52 AM,92.00,30.4,493.31,34.3,20.6,51.6
6/8/2026,10:23:53 AM,93.00,30.5,511.37,34.3,20.6,51.6
6/8/2026,10:23:54 AM,94.00,30.6,552.61,34.3,20.6,51.5
6/8/2026,10:23:55 AM,95.00,30.7,546.87,34.4,20.7,51.8
6/8/2026,10:23:56 AM,96.00,30.7,528.98,34.4,20.7,51.8
6/8/2026,10:23:57 AM,97.00,30.7,487.98,34.4,20.7,51.8
6/8/2026,10:23:58 AM,98.00,30.7,623.01,34.4,20.7,51.7
6/8/2026,10:23:59 AM,99.00,30.9,544.5,34.4,20.7,51.7
6/8/2026,10:24:00 AM,100.00,30.8,547.12,34.4,20.7,51.7
6/8/2026,10:24:01 AM,101.00,30.9,592.33,34.4,20.6,51.6
6/8/2026,10:24:02 AM,102.00,30.9,560.15,34.4,20.6,51.5
6/8/2026,10:24:03 AM,103.00,31,535.39,34.4,20.6,51.5
6/8/2026,10:24:04 AM,104.00,31.3,549.42,34.4,20.6,51.5
6/8/2026,10:24:05 AM,105.00,31.1,564.15,34.4,20.6,51.5
6/8/2026,10:24:06 AM,106.00,31,543.7,34.5,20.7,51.6
6/8/2026,10:24:07 AM,107.00,31.2,590.34,34.5,20.7,51.6
6/8/2026,10:24:08 AM,108.00,31.3,552.03,34.5,20.7,51.6
6/8/2026,10:24:09 AM,109.00,31.4,519.59,34.5,20.7,51.6
6/8/2026,10:24:10 AM,110.00,31.4,539.39,34.5,20.7,51.6
6/8/2026,10:24:11 AM,111.00,31.5,507.08,34.6,20.7,51.6
6/8/2026,10:24:12 AM,112.00,31.5,572.8,34.6,20.7,51.6
6/8/2026,10:24:13 AM,113.00,31.3,529.14,34.6,20.7,51.5
6/8/2026,10:24:14 AM,114.00,31.4,606.42,34.6,20.7,51.5
6/8/2026,10:24:15 AM,115.00,31.7,640.5,34.6,20.7,51.5
6/8/2026,10:24:16 AM,116.00,31.7,645.78,34.6,20.7,51.6
6/8/2026,10:24:17 AM,117.00,31.7,608.66,34.6,20.8,51.6
6/8/2026,10:24:18 AM,118.00,31.7,519.7,34.7,20.8,51.7
6/8/2026,10:24:19 AM,119.00,31.9,525.66,34.7,20.8,51.7
6/8/2026,10:24:20 AM,120.00,31.6,580.8,34.7,20.8,51.7
6/8/2026,10:24:21 AM,121.00,31.7,583.91,34.7,20.8,51.8
6/8/2026,10:24:22 AM,122.00,31.9,519.92,34.7,20.8,51.6
6/8/2026,10:24:23 AM,123.00,31.9,472.58,34.7,20.8,51.6
6/8/2026,10:24:24 AM,124.00,31.9,498.26,34.7,20.8,51.6
6/8/2026,10:24:25 AM,125.00,31.8,511.81,34.7,20.8,51.5
6/8/2026,10:24:26 AM,126.00,32,492.78,34.8,20.8,51.6
6/8/2026,10:24:27 AM,127.00,31.9,498.92,34.8,20.8,51.6
6/8/2026,10:24:28 AM,128.00,31.9,461.51,34.8,20.8,51.6
6/8/2026,10:24:29 AM,129.00,32,527.3,34.8,20.8,51.6
6/8/2026,10:24:30 AM,130.00,32.1,479.58,34.8,20.9,51.7
6/8/2026,10:24:31 AM,131.00,32,481.94,34.9,20.9,51.8
6/8/2026,10:24:32 AM,132.00,32.2,480.94,34.9,20.9,51.8
6/8/2026,10:24:33 AM,133.00,32.2,584.37,34.9,20.9,51.8
6/8/2026,10:24:34 AM,134.00,32.3,663.08,34.9,21,51.9
6/8/2026,10:24:35 AM,135.00,32.1,553.47,35.1,21.1,52.3
6/8/2026,10:24:36 AM,136.00,32.3,454.97,35.1,21.1,52.2
6/8/2026,10:24:37 AM,137.00,32.2,489.01,35,21,52.1
6/8/2026,10:24:38 AM,138.00,32.3,449.3,35,21,52
6/8/2026,10:24:39 AM,139.00,32.2,493.84,35.1,21,52
6/8/2026,10:24:40 AM,140.00,32.2,508.03,35.1,21,52
6/8/2026,10:24:41 AM,141.00,32.3,515.01,35,21,52
6/8/2026,10:24:42 AM,142.00,32.4,537.37,35.1,21,52
6/8/2026,10:24:43 AM,143.00,32.1,382.92,35.1,21,51.9
6/8/2026,10:24:44 AM,144.00,32.4,374.99,35,21,51.8
6/8/2026,10:24:45 AM,145.00,32.5,510.01,35,21,51.8
6/8/2026,10:24:46 AM,146.00,32.2,406.83,35.1,21,51.8
6/8/2026,10:24:47 AM,147.00,32.4,364.96,35,21,51.7
6/8/2026,10:24:48 AM,148.00,32.3,376.55,35.1,21,51.7
6/8/2026,10:24:49 AM,149.00,32.3,320.29,35,20.9,51.6
6/8/2026,10:24:50 AM,150.00,32.2,308.45,35.1,21,51.7
6/8/2026,10:24:51 AM,151.00,32.4,313.24,35.1,21,51.8
6/8/2026,10:24:52 AM,152.00,32.5,295.5,35.2,21.1,52
6/8/2026,10:24:53 AM,153.00,32.3,303.67,35.2,21.1,51.9
6/8/2026,10:24:54 AM,154.00,32.3,284.16,35.2,21.1,52.1
6/8/2026,10:24:55 AM,155.00,32.5,317.76,35.3,21.1,52.1
6/8/2026,10:24:56 AM,156.00,32.5,321.85,35.2,21.1,52.1
6/8/2026,10:24:57 AM,157.00,32.3,308.74,35.2,21.1,52.1
6/8/2026,10:24:58 AM,158.00,32.5,321.88,35.2,21.1,52
6/8/2026,10:24:59 AM,159.00,32.4,277.1,35.2,21.1,51.9
6/8/2026,10:25:00 AM,160.00,32.3,153.68,35.2,21.1,51.9
6/8/2026,10:25:01 AM,161.00,32.5,57.02,35.2,21,51.8
6/8/2026,10:25:02 AM,162.00,32.5,54.2,35.2,21,51.8
6/8/2026,10:25:03 AM,163.00,32.3,57.44,35.2,21,51.7
6/8/2026,10:25:04 AM,164.00,32.2,43.23,35.2,21,51.6
6/8/2026,10:25:05 AM,165.00,32.3,28.45,35.2,21,51.6
6/8/2026,10:25:06 AM,166.00,32,34.57,35.1,20.9,51.4
6/8/2026,10:25:07 AM,167.00,32.2,38.7,35.1,20.9,51.4
6/8/2026,10:25:08 AM,168.00,31.9,23.59,35.1,20.9,51.4
6/8/2026,10:25:09 AM,169.00,32,30.3,35.1,20.9,51.3
6/8/2026,10:25:10 AM,170.00,31.9,45.28,35.1,20.9,51.3
6/8/2026,10:25:11 AM,171.00,31.9,163.77,35.1,20.9,51.3
6/8/2026,10:25:12 AM,172.00,31.9,93.96,35.1,20.9,51.3
6/8/2026,10:25:13 AM,173.00,31.9,38.78,35.1,20.9,51.3
6/8/2026,10:25:14 AM,174.00,31.8,28.3,35.1,20.9,51.3
6/8/2026,10:25:15 AM,175.00,31.6,23.12,35.1,20.8,51.1
6/8/2026,10:25:16 AM,176.00,31.7,21,35.1,20.8,51.1
6/8/2026,10:25:17 AM,177.00,31.6,22.21,35.1,20.9,51.2
6/8/2026,10:25:18 AM,178.00,31.6,18.42,35.1,20.9,51.2
6/8/2026,10:25:19 AM,179.00,31.5,14.78,35.1,20.9,51.2
6/8/2026,10:25:20 AM,180.00,31.3,30.02,35.1,20.9,51.2
6/8/2026,10:25:21 AM,181.00,31.4,23.94,35.1,20.9,51.2
6/8/2026,10:25:22 AM,182.00,31.2,20.57,35.1,20.9,51.1
6/8/2026,10:25:23 AM,183.00,31.4,24.62,35.1,20.9,51.1
6/8/2026,10:25:24 AM,184.00,31.3,14.85,35.1,20.9,51.1
6/8/2026,10:25:25 AM,185.00,31.3,18.56,35.1,20.9,51.2
6/8/2026,10:25:26 AM,186.00,31.3,21.4,35.1,20.9,51.1
6/8/2026,10:25:27 AM,187.00,31.2,20.46,35.1,20.9,51.2
6/8/2026,10:25:28 AM,188.00,31.1,23.39,35.1,20.9,51.2
6/8/2026,10:25:29 AM,189.00,31.1,15.41,35.1,20.9,51.1
6/8/2026,10:25:30 AM,190.00,31.2,14.82,35.1,20.8,51
6/8/2026,10:25:31 AM,191.00,31.1,12.41,35,20.8,51
6/8/2026,10:25:32 AM,192.00,31,13.7,35,20.8,50.9
6/8/2026,10:25:33 AM,193.00,31,20.91,35,20.8,51
6/8/2026,10:25:34 AM,194.00,30.9,29.88,35.1,20.8,51.1
6/8/2026,10:25:35 AM,195.00,31,18.16,35,20.8,51.1
6/8/2026,10:25:36 AM,196.00,30.9,28.61,35,20.8,51.1
6/8/2026,10:25:37 AM,197.00,30.9,13.61,35.1,20.9,51.1
6/8/2026,10:25:38 AM,198.00,30.9,17.52,35.1,20.9,51.2
6/8/2026,10:25:39 AM,199.00,30.9,22.01,35.1,20.9,51.2
6/8/2026,10:25:40 AM,200.00,30.8,14.07,35.1,20.9,51.1
6/8/2026,10:25:41 AM,201.00,30.9,27.28,35,20.8,51.1
6/8/2026,10:25:42 AM,202.00,30.6,66.08,35.1,20.9,51.1
6/8/2026,10:25:43 AM,203.00,30.7,64.95,35,20.8,50.9
6/8/2026,10:25:44 AM,204.00,30.6,134.78,35,20.7,50.8
6/8/2026,10:25:45 AM,205.00,30.7,77.04,34.9,20.7,50.8
6/8/2026,10:25:46 AM,206.00,30.7,22.45,34.8,20.6,50.3
6/8/2026,10:25:47 AM,207.00,30.7,21.55,34.6,20.3,49.6
6/8/2026,10:25:48 AM,208.00,30.7,29.3,34.5,20.2,49.3
6/8/2026,10:25:49 AM,209.00,30.7,38.89,34.6,20.3,49.5
6/8/2026,10:25:50 AM,210.00,30.6,33.89,34.6,20.3,49.7
6/8/2026,10:25:51 AM,211.00,30.7,71.13,34.6,20.4,49.8
6/8/2026,10:25:52 AM,212.00,30.7,69.45,34.6,20.4,49.8
6/8/2026,10:25:53 AM,213.00,30.7,55.65,34.5,20.2,49.3
6/8/2026,10:25:54 AM,214.00,30.6,72.47,34.4,20.1,49.1
6/8/2026,10:25:55 AM,215.00,30.3,157.86,34.5,20.2,49.2
6/8/2026,10:25:56 AM,216.00,30.5,231.28,34.4,20.1,49.1
6/8/2026,10:25:57 AM,217.00,30.4,416.24,34.4,20.1,49
6/8/2026,10:25:58 AM,218.00,30.6,413.74,34.5,20.2,49.4
6/8/2026,10:25:59 AM,219.00,30.4,425.82,34.5,20.3,49.6
6/8/2026,10:26:00 AM,220.00,30.6,341.66,34.6,20.3,49.7
6/8/2026,10:26:01 AM,221.00,30.7,371.55,34.6,20.4,49.8
6/8/2026,10:26:02 AM,222.00,30.6,150.33,34.7,20.4,50
6/8/2026,10:26:03 AM,223.00,30.5,79.93,34.7,20.5,50.2
6/8/2026,10:26:04 AM,224.00,30.8,61.33,34.7,20.5,50.2
6/8/2026,10:26:05 AM,225.00,30.6,37.15,34.6,20.4,50
6/8/2026,10:26:06 AM,226.00,30.7,18.95,34.6,20.3,49.7
6/8/2026,10:26:07 AM,227.00,30.6,33.3,34.6,20.3,49.7
6/8/2026,10:26:08 AM,228.00,30.5,24.45,34.6,20.4,49.8
6/8/2026,10:26:09 AM,229.00,30.5,27.1,34.6,20.4,49.9
6/8/2026,10:26:10 AM,230.00,30.7,46.28,34.7,20.4,50
6/8/2026,10:26:11 AM,231.00,30.4,35.68,34.7,20.5,50.1
6/8/2026,10:26:12 AM,232.00,30.6,90.16,34.7,20.5,50.1
6/8/2026,10:26:13 AM,233.00,30.5,135.97,34.7,20.5,50.1
6/8/2026,10:26:14 AM,234.00,30.5,39.07,34.6,20.4,50
6/8/2026,10:26:15 AM,235.00,30.4,63.25,34.6,20.4,50
6/8/2026,10:26:16 AM,236.00,30.4,40.9,34.6,20.4,50
6/8/2026,10:26:17 AM,237.00,30.6,33.94,34.6,20.4,50
6/8/2026,10:26:18 AM,238.00,30.7,52.2,34.6,20.4,50
6/8/2026,10:26:19 AM,239.00,30.5,98.88,34.6,20.4,50
6/8/2026,10:26:20 AM,240.00,30.4,109.52,34.7,20.5,50.2
6/8/2026,10:26:21 AM,241.00,30.5,190.11,34.7,20.5,50.2
6/8/2026,10:26:22 AM,242.00,30.4,213.6,34.7,20.5,50.2
6/8/2026,10:26:23 AM,243.00,30.3,191.24,34.7,20.5,50.2
6/8/2026,10:26:24 AM,244.00,30.6,93.11,34.7,20.5,50.2
6/8/2026,10:26:25 AM,245.00,30.5,72.78,34.6,20.5,50.2
6/8/2026,10:26:26 AM,246.00,30.4,39.56,34.7,20.5,50.3
6/8/2026,10:26:27 AM,247.00,30.6,55.69,34.7,20.5,50.3
6/8/2026,10:26:28 AM,248.00,30.7,47.85,34.7,20.5,50.3
6/8/2026,10:26:29 AM,249.00,30.4,33.29,34.7,20.5,50.4
6/8/2026,10:26:30 AM,250.00,30.3,38.95,34.7,20.5,50.4
6/8/2026,10:26:31 AM,251.00,30.5,39.76,34.7,20.5,50.4
6/8/2026,10:26:32 AM,252.00,30.5,40.64,34.7,20.5,50.4
6/8/2026,10:26:33 AM,253.00,30.4,36.13,34.7,20.5,50.4
6/8/2026,10:26:34 AM,254.00,30.3,51.02,34.7,20.5,50.4
6/8/2026,10:26:35 AM,255.00,30.4,35.12,34.6,20.5,50.3
6/8/2026,10:26:36 AM,256.00,30.4,57.86,34.7,20.5,50.3
6/8/2026,10:26:37 AM,257.00,30.4,71.91,34.6,20.5,50.3
6/8/2026,10:26:38 AM,258.00,30.5,53.87,34.6,20.5,50.3
6/8/2026,10:26:39 AM,259.00,30.5,88.09,34.6,20.5,50.3
6/8/2026,10:26:40 AM,260.00,30.6,115.21,34.6,20.5,50.3
6/8/2026,10:26:41 AM,261.00,30.3,76.01,34.6,20.4,50.1
6/8/2026,10:26:42 AM,262.00,30.5,88.6,34.6,20.4,50.2
6/8/2026,10:26:43 AM,263.00,30.4,41.79,34.7,20.5,50.5
6/8/2026,10:26:44 AM,264.00,30.6,35.77,34.6,20.5,50.5
6/8/2026,10:26:45 AM,265.00,30.3,33.61,34.6,20.5,50.5
6/8/2026,10:26:46 AM,266.00,30.4,25.11,34.6,20.5,50.5
6/8/2026,10:26:47 AM,267.00,30.3,22.81,34.6,20.5,50.5
6/8/2026,10:26:48 AM,268.00,30.4,16.09,34.6,20.5,50.5
6/8/2026,10:26:49 AM,269.00,30.3,24.04,34.6,20.5,50.5
6/8/2026,10:26:50 AM,270.00,30.3,30.84,34.6,20.5,50.5
6/8/2026,10:26:51 AM,271.00,30.5,27.76,34.6,20.5,50.6
6/8/2026,10:26:52 AM,272.00,30.4,42.47,34.7,20.6,50.6
6/8/2026,10:26:53 AM,273.00,30.2,38.41,34.6,20.6,50.6
6/8/2026,10:26:54 AM,274.00,30.4,32.96,34.6,20.6,50.6
6/8/2026,10:26:55 AM,275.00,30.5,17.87,34.6,20.6,50.7
6/8/2026,10:26:56 AM,276.00,30.4,9.39,34.7,20.6,50.7
6/8/2026,10:26:57 AM,277.00,30.5,21.75,34.7,20.6,50.7
6/8/2026,10:26:58 AM,278.00,30.4,22.54,34.7,20.6,50.8
6/8/2026,10:26:59 AM,279.00,30.4,8.37,34.7,20.6,50.9
6/8/2026,10:27:00 AM,280.00,30.4,13.12,34.7,20.6,50.9
6/8/2026,10:27:01 AM,281.00,30.5,17.23,34.7,20.6,50.9
6/8/2026,10:27:02 AM,282.00,30.5,20.32,34.7,20.6,50.9
6/8/2026,10:27:03 AM,283.00,30.3,22.24,34.7,20.6,50.9
6/8/2026,10:27:04 AM,284.00,30.4,25.91,34.7,20.6,51
6/8/2026,10:27:05 AM,285.00,30.3,21.91,34.7,20.7,51
6/8/2026,10:27:06 AM,286.00,30.5,33.85,34.7,20.7,51
6/8/2026,10:27:07 AM,287.00,30.5,38.28,34.7,20.7,51.1
6/8/2026,10:27:08 AM,288.00,30.5,37.12,34.7,20.7,51.1
6/8/2026,10:27:09 AM,289.00,30.4,67.61,34.7,20.7,51
6/8/2026,10:27:10 AM,290.00,30.3,180.74,34.7,20.6,51
6/8/2026,10:27:11 AM,291.00,30.3,226.6,34.7,20.6,51
6/8/2026,10:27:12 AM,292.00,30.3,159.73,34.7,20.6,51
6/8/2026,10:27:13 AM,293.00,30.3,75.75,34.7,20.6,50.9
6/8/2026,10:27:14 AM,294.00,30.3,38.64,34.7,20.7,51
6/8/2026,10:27:15 AM,295.00,30.2,36.01,34.7,20.7,51
6/8/2026,10:27:16 AM,296.00,30.3,26.23,34.7,20.7,51
6/8/2026,10:27:17 AM,297.00,30.2,22.24,34.7,20.7,51
6/8/2026,10:27:18 AM,298.00,30.3,28.5,34.7,20.7,51
6/8/2026,10:27:19 AM,299.00,30.5,28.2,34.7,20.6,51
6/8/2026,10:27:20 AM,300.00,30.2,39.46,34.7,20.6,51
6/8/2026,10:27:21 AM,301.00,30.2,20.76,34.7,20.6,50.9
6/8/2026,10:27:22 AM,302.00,30.1,33.42,34.7,20.6,50.9
6/8/2026,10:27:23 AM,303.00,30.2,45.34,34.6,20.6,50.9
6/8/2026,10:27:24 AM,304.00,30.2,42.44,34.6,20.6,50.9
6/8/2026,10:27:25 AM,305.00,30.2,85.56,34.6,20.6,50.9
6/8/2026,10:27:26 AM,306.00,30.1,138.49,34.6,20.6,50.9
6/8/2026,10:27:27 AM,307.00,30,187.89,34.6,20.6,50.9
6/8/2026,10:27:28 AM,308.00,30.2,228.73,34.6,20.6,50.9
6/8/2026,10:27:29 AM,309.00,30.4,215.03,34.6,20.6,50.9
6/8/2026,10:27:30 AM,310.00,30.2,151.33,34.6,20.6,50.9
6/8/2026,10:27:31 AM,311.00,30.2,104.06,34.6,20.6,50.9
6/8/2026,10:27:32 AM,312.00,30.3,83.11,34.6,20.6,50.9
6/8/2026,10:27:33 AM,313.00,30.3,49.21,34.7,20.6,51
6/8/2026,10:27:34 AM,314.00,30.3,28.07,34.6,20.6,50.9
6/8/2026,10:27:35 AM,315.00,30.3,34.17,34.6,20.6,50.9
6/8/2026,10:27:36 AM,316.00,30,32,34.6,20.6,50.9
6/8/2026,10:27:37 AM,317.00,30.3,89,34.6,20.6,50.9
6/8/2026,10:27:38 AM,318.00,30.2,94.24,34.6,20.6,50.9
6/8/2026,10:27:39 AM,319.00,30.2,44.55,34.6,20.6,50.9
6/8/2026,10:27:40 AM,320.00,30.1,51.3,34.6,20.6,50.9
6/8/2026,10:27:41 AM,321.00,30.3,42.37,34.6,20.6,50.9
6/8/2026,10:27:42 AM,322.00,30.3,25.19,34.6,20.6,50.9
6/8/2026,10:27:43 AM,323.00,30.2,15.62,34.6,20.6,50.9
6/8/2026,10:27:44 AM,324.00,30.1,14.42,34.6,20.6,50.9
6/8/2026,10:27:45 AM,325.00,30.2,12.45,34.6,20.5,50.8
6/8/2026,10:27:46 AM,326.00,30.3,9.21,34.5,20.5,50.6
6/8/2026,10:27:47 AM,327.00,30.4,12.76,34.5,20.5,50.7
6/8/2026,10:27:48 AM,328.00,30,16.46,34.5,20.5,50.7
6/8/2026,10:27:49 AM,329.00,30,14.14,34.5,20.4,50.5
6/8/2026,10:27:50 AM,330.00,30.2,22.23,34.5,20.5,50.5
6/8/2026,10:27:51 AM,331.00,30,36.77,34.5,20.5,50.6
6/8/2026,10:27:52 AM,332.00,30,48.31,34.5,20.4,50.5
6/8/2026,10:27:53 AM,333.00,29.9,44.49,34.4,20.4,50.3
6/8/2026,10:27:54 AM,334.00,30.1,42.25,34.4,20.4,50.5
6/8/2026,10:27:55 AM,335.00,30,52.44,34.5,20.5,50.6
6/8/2026,10:27:56 AM,336.00,30.2,67.34,34.4,20.4,50.5
6/8/2026,10:27:57 AM,337.00,29.9,74.52,34.4,20.4,50.4
6/8/2026,10:27:58 AM,338.00,30.1,59.97,34.4,20.3,50.2
6/8/2026,10:27:59 AM,339.00,30,39.33,34.4,20.3,50.2
6/8/2026,10:28:00 AM,340.00,30.2,37.97,34.3,20.3,50
6/8/2026,10:28:01 AM,341.00,30,35.77,34.3,20.3,50
6/8/2026,10:28:02 AM,342.00,30,27.26,34.3,20.2,49.9
6/8/2026,10:28:03 AM,343.00,30.1,19.35,34.3,20.3,50.1
6/8/2026,10:28:04 AM,344.00,30.2,19.81,34.3,20.3,50.1
6/8/2026,10:28:05 AM,345.00,29.9,31.12,34.3,20.2,50
6/8/2026,10:28:06 AM,346.00,29.9,36.29,34.2,20.2,49.9
6/8/2026,10:28:07 AM,347.00,29.8,38.1,34.2,20.2,50
6/8/2026,10:28:08 AM,348.00,29.9,35.41,34.2,20.2,49.9
6/8/2026,10:28:09 AM,349.00,29.9,56.68,34.2,20.2,49.9
6/8/2026,10:28:10 AM,350.00,30,58.78,34.2,20.2,49.9
6/8/2026,10:28:11 AM,351.00,30.1,76.91,34.2,20.2,50
6/8/2026,10:28:12 AM,352.00,30,206.12,34.2,20.3,50.1
6/8/2026,10:28:13 AM,353.00,30.1,319.94,34.3,20.3,50.2
6/8/2026,10:28:14 AM,354.00,30.2,334.1,34.3,20.3,50.4
6/8/2026,10:28:15 AM,355.00,30.1,345.71,34.3,20.4,50.4
6/8/2026,10:28:16 AM,356.00,29.9,492.05,34.3,20.4,50.5
6/8/2026,10:28:17 AM,357.00,30.2,313.03,34.3,20.3,50.4
6/8/2026,10:28:18 AM,358.00,30,231.15,34.3,20.3,50.3
6/8/2026,10:28:19 AM,359.00,30.2,284.44,34.3,20.3,50.4
6/8/2026,10:28:20 AM,360.00,30.2,332.47,34.3,20.3,50.3
6/8/2026,10:28:21 AM,361.00,30.3,331.6,34.3,20.3,50.2
6/8/2026,10:28:22 AM,362.00,30.1,509.41,34.2,20.2,50.1
6/8/2026,10:28:23 AM,363.00,30.3,419.48,34.2,20.2,49.9
6/8/2026,10:28:24 AM,364.00,30.2,384.48,34.2,20.2,49.9
6/8/2026,10:28:25 AM,365.00,30.2,391.14,34.2,20.2,50
6/8/2026,10:28:26 AM,366.00,30.3,360.87,34.3,20.3,50.3
6/8/2026,10:28:27 AM,367.00,30.4,364.06,34.3,20.4,50.5
6/8/2026,10:28:28 AM,368.00,30.6,479.95,34.4,20.4,50.5
6/8/2026,10:28:29 AM,369.00,30.4,514.03,34.4,20.4,50.6
6/8/2026,10:28:30 AM,370.00,30.6,394.19,34.4,20.5,50.7
6/8/2026,10:28:31 AM,371.00,30.7,320.2,34.4,20.4,50.6
6/8/2026,10:28:32 AM,372.00,30.8,545.61,34.3,20.4,50.4
6/8/2026,10:28:33 AM,373.00,30.5,499.87,34.3,20.3,50.3
6/8/2026,10:28:34 AM,374.00,30.7,537.95,34.3,20.3,50.3
6/8/2026,10:28:35 AM,375.00,30.7,304.57,34.3,20.3,50.3
6/8/2026,10:28:36 AM,376.00,30.7,216.53,34.3,20.3,50.3
6/8/2026,10:28:37 AM,377.00,30.8,207.49,34.3,20.3,50.3
6/8/2026,10:28:38 AM,378.00,30.8,165.39,34.2,20.2,50
6/8/2026,10:28:39 AM,379.00,30.8,129.16,34.2,20.2,49.9
6/8/2026,10:28:40 AM,380.00,30.7,81.58,34.2,20.2,49.8
6/8/2026,10:28:41 AM,381.00,30.7,54.28,34.2,20.1,49.8
6/8/2026,10:28:42 AM,382.00,30.7,52.15,34.2,20.1,49.8
6/8/2026,10:28:43 AM,383.00,30.7,84.49,34.1,20.1,49.7
6/8/2026,10:28:44 AM,384.00,30.7,80.19,34.1,20.1,49.7
6/8/2026,10:28:45 AM,385.00,30.6,75.81,34.1,20.1,49.8
6/8/2026,10:28:46 AM,386.00,30.5,125.45,34.2,20.2,49.9
6/8/2026,10:28:47 AM,387.00,30.7,74.79,34.2,20.2,50
6/8/2026,10:28:48 AM,388.00,30.7,33.77,34.2,20.2,50
6/8/2026,10:28:49 AM,389.00,30.4,50.33,34.2,20.2,50
6/8/2026,10:28:50 AM,390.00,30.5,48.13,34.3,20.3,50.3
6/8/2026,10:28:51 AM,391.00,30.5,46.98,34.3,20.4,50.5
6/8/2026,10:28:52 AM,392.00,30.5,89.49,34.3,20.3,50.4
6/8/2026,10:28:53 AM,393.00,30.6,198.09,34.3,20.3,50.3
6/8/2026,10:28:54 AM,394.00,30.6,280.29,34.2,20.3,50.2
6/8/2026,10:28:55 AM,395.00,30.5,502.47,34.2,20.2,50
6/8/2026,10:28:56 AM,396.00,30.7,544.87,34.2,20.2,50
6/8/2026,10:28:57 AM,397.00,30.5,533.87,34.3,20.4,50.6
6/8/2026,10:28:58 AM,398.00,30.7,622.7,34.3,20.4,50.5
6/8/2026,10:28:59 AM,399.00,30.6,597.36,34.3,20.4,50.5
6/8/2026,10:29:00 AM,400.00,30.7,692.59,34.3,20.4,50.5
6/8/2026,10:29:01 AM,401.00,30.7,601.42,34.3,20.4,50.6
6/8/2026,10:29:02 AM,402.00,30.8,601.41,34.4,20.4,50.6
6/8/2026,10:29:03 AM,403.00,30.7,573.25,34.5,20.5,50.9
6/8/2026,10:29:04 AM,404.00,30.8,569.08,34.4,20.5,50.9
6/8/2026,10:29:05 AM,405.00,30.8,512.83,34.4,20.5,50.8
6/8/2026,10:29:06 AM,406.00,31,576.19,34.5,20.5,50.9
6/8/2026,10:29:07 AM,407.00,30.9,581.11,34.5,20.6,51
6/8/2026,10:29:08 AM,408.00,31.2,570.28,34.5,20.6,51.1
6/8/2026,10:29:09 AM,409.00,31,510.97,34.6,20.6,51.1
6/8/2026,10:29:10 AM,410.00,31.1,604.7,34.5,20.5,50.9
6/8/2026,10:29:11 AM,411.00,31.1,570.36,34.5,20.5,50.7
6/8/2026,10:29:12 AM,412.00,31.2,614.3,34.5,20.5,50.8
6/8/2026,10:29:13 AM,413.00,31.1,613.62,34.5,20.5,50.8
6/8/2026,10:29:14 AM,414.00,31.1,487.14,34.5,20.5,50.8
6/8/2026,10:29:15 AM,415.00,31,611.66,34.5,20.5,50.7
6/8/2026,10:29:16 AM,416.00,31.3,552.26,34.5,20.5,50.7
6/8/2026,10:29:17 AM,417.00,31,554.8,34.5,20.5,50.7
6/8/2026,10:29:18 AM,418.00,31.2,583.59,34.5,20.5,50.6
6/8/2026,10:29:19 AM,419.00,31.1,613.62,34.5,20.5,50.6
6/8/2026,10:29:20 AM,420.00,31.4,611.55,34.5,20.5,50.8
6/8/2026,10:29:21 AM,421.00,31.3,573.3,34.5,20.5,50.8
6/8/2026,10:29:22 AM,422.00,31.2,578.44,34.6,20.5,50.7
6/8/2026,10:29:23 AM,423.00,31.4,564.56,34.6,20.5,50.7
6/8/2026,10:29:24 AM,424.00,31.4,557.94,34.5,20.5,50.7
6/8/2026,10:29:25 AM,425.00,31.2,533.59,34.6,20.5,50.7
6/8/2026,10:29:26 AM,426.00,31.3,354.05,34.6,20.5,50.7
6/8/2026,10:29:27 AM,427.00,31.4,556.39,34.6,20.6,50.8
6/8/2026,10:29:28 AM,428.00,31.4,533.91,34.6,20.6,50.9
6/8/2026,10:29:29 AM,429.00,31.3,592.47,34.6,20.6,50.9
6/8/2026,10:29:30 AM,430.00,31.4,591.03,34.7,20.6,51
6/8/2026,10:29:31 AM,431.00,31.4,557.31,34.7,20.7,51
6/8/2026,10:29:32 AM,432.00,31.6,560.78,34.7,20.7,51
6/8/2026,10:29:33 AM,433.00,31.5,254.76,34.6,20.5,50.6
6/8/2026,10:29:34 AM,434.00,31.4,603.08,34.6,20.5,50.5
6/8/2026,10:29:35 AM,435.00,31.5,541.97,34.6,20.5,50.4
6/8/2026,10:29:36 AM,436.00,31.6,503.62,34.6,20.4,50.3
6/8/2026,10:29:37 AM,437.00,31.6,583.34,34.7,20.6,50.7
6/8/2026,10:29:38 AM,438.00,31.6,550.81,34.6,20.5,50.5
6/8/2026,10:29:39 AM,439.00,31.7,511.39,34.6,20.5,50.6
6/8/2026,10:29:40 AM,440.00,31.6,401.7,34.6,20.5,50.5
6/8/2026,10:29:41 AM,441.00,31.6,467.86,34.6,20.5,50.3
6/8/2026,10:29:42 AM,442.00,31.5,407.61,34.6,20.5,50.4
6/8/2026,10:29:43 AM,443.00,31.6,409.35,34.6,20.5,50.5
6/8/2026,10:29:44 AM,444.00,31.6,357.63,34.7,20.6,50.6
6/8/2026,10:29:45 AM,445.00,31.6,507.26,34.7,20.5,50.5
6/8/2026,10:29:46 AM,446.00,31.7,504.8,34.7,20.5,50.5
6/8/2026,10:29:47 AM,447.00,31.6,407.28,34.7,20.6,50.6
6/8/2026,10:29:48 AM,448.00,31.7,534.31,34.7,20.6,50.6
6/8/2026,10:29:49 AM,449.00,31.8,548.95,34.7,20.6,50.5
6/8/2026,10:29:50 AM,450.00,31.8,534.56,34.7,20.5,50.4
6/8/2026,10:29:51 AM,451.00,31.7,462.45,34.7,20.5,50.4
6/8/2026,10:29:52 AM,452.00,31.7,502.2,34.7,20.6,50.5
6/8/2026,10:29:53 AM,453.00,31.7,526.01,34.7,20.6,50.5
6/8/2026,10:29:54 AM,454.00,31.7,522.17,34.7,20.5,50.4
6/8/2026,10:29:55 AM,455.00,31.7,499.44,34.7,20.5,50.4
6/8/2026,10:29:56 AM,456.00,31.7,488.87,34.6,20.4,49.9
6/8/2026,10:29:57 AM,457.00,31.7,519.92,34.6,20.3,49.7
6/8/2026,10:29:58 AM,458.00,31.6,540.33,34.5,20.2,49.4
6/8/2026,10:29:59 AM,459.00,31.5,558.67,34.5,20.2,49.3
6/8/2026,10:30:00 AM,460.00,31.5,654.14,34.4,20.1,48.9
6/8/2026,10:30:01 AM,461.00,31.4,539.31,34.2,19.9,48.4
6/8/2026,10:30:02 AM,462.00,31.4,516.69,34.2,19.9,48.3
6/8/2026,10:30:03 AM,463.00,31.4,393.67,34.2,19.9,48.4
6/8/2026,10:30:04 AM,464.00,31.5,237.16,34.3,19.9,48.5
6/8/2026,10:30:05 AM,465.00,31.3,160.73,34.3,19.9,48.5
6/8/2026,10:30:06 AM,466.00,31.2,60.28,34.3,19.9,48.5
6/8/2026,10:30:07 AM,467.00,31.2,86.68,34.3,20,48.6
6/8/2026,10:30:08 AM,468.00,31,105.2,34.3,20,48.6
6/8/2026,10:30:09 AM,469.00,31.1,127.2,34.3,20,48.6
6/8/2026,10:30:10 AM,470.00,30.9,55.78,34.3,20,48.6
6/8/2026,10:30:11 AM,471.00,31,63.91,34.3,20,48.7
6/8/2026,10:30:12 AM,472.00,30.8,70.84,34.3,20,48.7
6/8/2026,10:30:13 AM,473.00,30.8,71.46,34.3,20,48.8
6/8/2026,10:30:14 AM,474.00,30.7,112.09,34.3,20,48.8
6/8/2026,10:30:15 AM,475.00,30.7,102.5,34.2,19.9,48.6
6/8/2026,10:30:16 AM,476.00,30.6,87.99,34.2,19.9,48.4
6/8/2026,10:30:17 AM,477.00,30.6,71.65,34.2,19.8,48.3
6/8/2026,10:30:18 AM,478.00,30.5,129.12,34.2,19.8,48.4
6/8/2026,10:30:19 AM,479.00,30.6,116.19,34.1,19.8,48.3
6/8/2026,10:30:20 AM,480.00,30.3,86.17,34.1,19.8,48.3
6/8/2026,10:30:21 AM,481.00,30.4,64.07,34.1,19.7,48.1
6/8/2026,10:30:22 AM,482.00,30.6,86,34.1,19.8,48.2
6/8/2026,10:30:23 AM,483.00,30.5,78.38,34.1,19.8,48.2
6/8/2026,10:30:24 AM,484.00,30.4,63.86,34.1,19.8,48.3
6/8/2026,10:30:25 AM,485.00,30.3,94.36,34.1,19.7,48.1
6/8/2026,10:30:26 AM,486.00,30.3,97.93,34,19.7,48.2
6/8/2026,10:30:27 AM,487.00,30.3,102.53,34,19.8,48.2
6/8/2026,10:30:28 AM,488.00,30.2,95.8,34.1,19.8,48.3
6/8/2026,10:30:29 AM,489.00,30,154.63,34.1,19.8,48.4
6/8/2026,10:30:30 AM,490.00,30.2,230.95,34.1,19.8,48.4
6/8/2026,10:30:31 AM,491.00,30.1,322.06,34,19.7,48.2
6/8/2026,10:30:32 AM,492.00,30.2,311.96,34.1,19.8,48.4
6/8/2026,10:30:33 AM,493.00,30.2,496.19,34.1,19.8,48.5
6/8/2026,10:30:34 AM,494.00,30,467.06,34.1,19.8,48.5
6/8/2026,10:30:35 AM,495.00,30,507.23,34.1,19.8,48.5
6/8/2026,10:30:36 AM,496.00,30.2,491.3,34,19.8,48.4
6/8/2026,10:30:37 AM,497.00,30.2,235.89,34,19.8,48.3
6/8/2026,10:30:38 AM,498.00,30,120.76,34,19.8,48.4
6/8/2026,10:30:39 AM,499.00,29.9,128.1,34,19.7,48.2
6/8/2026,10:30:40 AM,500.00,30.1,92.51,34,19.8,48.4
6/8/2026,10:30:41 AM,501.00,29.8,91.58,34,19.8,48.4
6/8/2026,10:30:42 AM,502.00,29.8,64.12,34,19.8,48.5
6/8/2026,10:30:43 AM,503.00,30,58.85,34,19.9,48.7
6/8/2026,10:30:44 AM,504.00,30,75.96,34.1,19.9,48.8
6/8/2026,10:30:45 AM,505.00,30,69.9,34.1,19.9,48.8
6/8/2026,10:30:46 AM,506.00,29.9,109.99,34,19.9,48.9
6/8/2026,10:30:47 AM,507.00,30.2,136.57,34.1,19.9,48.9
6/8/2026,10:30:48 AM,508.00,29.9,209.23,34,19.9,48.9
6/8/2026,10:30:49 AM,509.00,30,419.59,34,19.9,48.9
6/8/2026,10:30:50 AM,510.00,29.9,555.95,34,19.9,48.9
6/8/2026,10:30:51 AM,511.00,30.1,531.34,34.1,19.9,49
6/8/2026,10:30:52 AM,512.00,30.1,408.56,34.1,20,49.1
6/8/2026,10:30:53 AM,513.00,30,286.54,34.1,20,49.2
6/8/2026,10:30:54 AM,514.00,30.2,501.39,34.1,20,49.2
6/8/2026,10:30:55 AM,515.00,30.2,540.2,34.1,20,49.2
6/8/2026,10:30:56 AM,516.00,30,443.14,34.1,20,49.1
6/8/2026,10:30:57 AM,517.00,30.3,494.84,34.1,20,49.2
6/8/2026,10:30:58 AM,518.00,30.2,529.75,34.1,20,49.2
6/8/2026,10:30:59 AM,519.00,30.2,578.44,34.1,20,49.2
6/8/2026,10:31:00 AM,520.00,30.3,558.55,34.1,20,49.3
6/8/2026,10:31:01 AM,521.00,30.2,472.9,34.1,20,49.3
6/8/2026,10:31:02 AM,522.00,30.4,787.04,34.1,20.1,49.5
6/8/2026,10:31:03 AM,523.00,30.2,769.23,34.2,20.1,49.6
6/8/2026,10:31:04 AM,524.00,30.4,730.36,34.2,20.2,49.9
6/8/2026,10:31:05 AM,525.00,30.4,696.69,34.1,20.1,49.6
6/8/2026,10:31:06 AM,526.00,30.5,723.64,34,19.9,49.2
6/8/2026,10:31:07 AM,527.00,30.5,343.22,34,19.9,49
6/8/2026,10:31:08 AM,528.00,30.4,254.88,34,19.9,49
6/8/2026,10:31:09 AM,529.00,30.3,175.7,33.9,19.8,48.9
6/8/2026,10:31:10 AM,530.00,30.5,133.5,33.9,19.8,49
6/8/2026,10:31:11 AM,531.00,30.3,122.72,33.9,19.9,49.2
6/8/2026,10:31:12 AM,532.00,30.3,113.87,34,20,49.4
6/8/2026,10:31:13 AM,533.00,30.3,98.63,34.1,20.1,49.7
6/8/2026,10:31:14 AM,534.00,30.3,118.79,34.1,20.1,49.6
6/8/2026,10:31:15 AM,535.00,30.4,112.26,34,20,49.6
6/8/2026,10:31:16 AM,536.00,30.4,111.64,34.1,20.1,49.7
6/8/2026,10:31:17 AM,537.00,30.3,95.52,34.1,20.1,49.8
6/8/2026,10:31:18 AM,538.00,30.4,52.77,34.1,20.1,49.6
6/8/2026,10:31:19 AM,539.00,30.2,73.34,33.9,19.9,49.2
6/8/2026,10:31:20 AM,540.00,30.3,84.64,33.9,19.9,49.1
6/8/2026,10:31:21 AM,541.00,30.3,81.91,33.9,19.8,49
6/8/2026,10:31:22 AM,542.00,30.1,109.6,33.8,19.8,48.9
6/8/2026,10:31:23 AM,543.00,30.3,133.85,33.8,19.8,48.9
6/8/2026,10:31:24 AM,544.00,29.9,102.14,33.8,19.8,48.8
6/8/2026,10:31:25 AM,545.00,30,144.43,33.8,19.8,48.9
6/8/2026,10:31:26 AM,546.00,30.1,165.75,33.8,19.7,48.8
6/8/2026,10:31:27 AM,547.00,30,280.88,33.8,19.7,48.7
6/8/2026,10:31:28 AM,548.00,30,399.91,33.8,19.7,48.8
6/8/2026,10:31:29 AM,549.00,30,453.29,33.8,19.7,48.8
6/8/2026,10:31:30 AM,550.00,30.1,589.05,33.8,19.7,48.8
6/8/2026,10:31:31 AM,551.00,30.2,467.74,33.8,19.8,48.9
6/8/2026,10:31:32 AM,552.00,30,178.74,33.8,19.8,49
6/8/2026,10:31:33 AM,553.00,30.2,152.5,33.8,19.8,49.1
6/8/2026,10:31:34 AM,554.00,30.2,170.13,33.8,19.8,49.1
6/8/2026,10:31:35 AM,555.00,30.3,239.47,33.8,19.8,49
6/8/2026,10:31:36 AM,556.00,30.3,466.05,33.8,19.8,49
6/8/2026,10:31:37 AM,557.00,30.2,515.19,33.8,19.8,49.1
6/8/2026,10:31:38 AM,558.00,30,618.87,33.8,19.8,49.1
6/8/2026,10:31:39 AM,559.00,30.3,528.81,33.8,19.9,49.3
6/8/2026,10:31:40 AM,560.00,30.3,612.62,33.8,19.9,49.4
6/8/2026,10:31:41 AM,561.00,30.2,686.87,33.9,19.9,49.4
6/8/2026,10:31:42 AM,562.00,30.3,662.72,33.9,19.9,49.4
6/8/2026,10:31:43 AM,563.00,30.4,571.51,33.9,19.9,49.4
6/8/2026,10:31:44 AM,564.00,30.3,697.98,33.9,19.9,49.5
6/8/2026,10:31:45 AM,565.00,30.4,710.53,33.9,20,49.6
6/8/2026,10:31:46 AM,566.00,30.5,684.45,33.9,20,49.5
6/8/2026,10:31:47 AM,567.00,30.4,617.05,33.9,19.9,49.5
6/8/2026,10:31:48 AM,568.00,30.6,623.72,33.9,20,49.6
6/8/2026,10:31:49 AM,569.00,30.5,616.61,33.9,20,49.7
6/8/2026,10:31:50 AM,570.00,30.4,674.39,33.9,20,49.6
6/8/2026,10:31:51 AM,571.00,30.5,669.56,34,20.1,49.9
6/8/2026,10:31:52 AM,572.00,30.7,681.9,34,20.1,49.9
6/8/2026,10:31:53 AM,573.00,30.6,619.11,34.1,20.1,50
6/8/2026,10:31:54 AM,574.00,30.6,592.81,34,20.1,49.9
6/8/2026,10:31:55 AM,575.00,30.7,637.75,34,20.1,49.9
6/8/2026,10:31:56 AM,576.00,30.7,630.87,34,20.1,49.9
6/8/2026,10:31:57 AM,577.00,30.8,663.53,34.1,20.1,50
6/8/2026,10:31:58 AM,578.00,30.7,638.47,34.1,20.2,50
6/8/2026,10:31:59 AM,579.00,30.7,592.33,34.1,20.2,50
6/8/2026,10:32:00 AM,580.00,30.7,637.53,34.1,20.2,50
6/8/2026,10:32:01 AM,581.00,30.7,636.03,34.1,20.1,49.9
6/8/2026,10:32:02 AM,582.00,30.9,579.12,34.1,20.2,50
6/8/2026,10:32:03 AM,583.00,30.9,633.42,34.1,20.2,50
6/8/2026,10:32:04 AM,584.00,30.9,633.66,34.1,20.2,50
6/8/2026,10:32:05 AM,585.00,30.8,602.11,34.1,20.2,50
6/8/2026,10:32:06 AM,586.00,30.9,476.61,34.2,20.2,50.1
6/8/2026,10:32:07 AM,587.00,31,613.54,34.1,20.2,50.1
6/8/2026,10:32:08 AM,588.00,30.8,669.09,34.2,20.2,50.1
6/8/2026,10:32:09 AM,589.00,31,577.66,34.2,20.2,50.1
6/8/2026,10:32:10 AM,590.00,30.9,694.33,34.2,20.2,50.1
6/8/2026,10:32:11 AM,591.00,30.9,632.98,34.2,20.2,50
6/8/2026,10:32:12 AM,592.00,30.7,707.51,34.2,20.2,50
6/8/2026,10:32:13 AM,593.00,30.9,698.28,34.2,20.2,50
6/8/2026,10:32:14 AM,594.00,30.9,920.48,34.2,20.2,50
6/8/2026,10:32:15 AM,595.00,31,883.42,34.2,20.2,49.8
6/8/2026,10:32:16 AM,596.00,31,874.23,34.2,20.1,49.8
6/8/2026,10:32:17 AM,597.00,30.9,950.51,34.1,20.1,49.6
6/8/2026,10:32:18 AM,598.00,31.1,921.87,34.1,20,49.5
6/8/2026,10:32:19 AM,599.00,31,564.08,34.1,20,49.5
6/8/2026,10:32:20 AM,600.00,31,793.79,34.1,20.1,49.5
6/8/2026,10:32:21 AM,601.00,31,827.92,34.1,20.1,49.5
6/8/2026,10:32:22 AM,602.00,31.4,743.47,34.1,20.1,49.6
6/8/2026,10:32:23 AM,603.00,31,804.67,34.1,20.1,49.7
6/8/2026,10:32:24 AM,604.00,31.1,791.56,34.2,20.1,49.7
6/8/2026,10:32:25 AM,605.00,31.2,733.62,34.2,20.1,49.7
6/8/2026,10:32:26 AM,606.00,31.3,472.46,34.2,20.1,49.7
6/8/2026,10:32:27 AM,607.00,31.1,650.34,34.2,20.1,49.7
6/8/2026,10:32:28 AM,608.00,31,658.87,34.2,20.2,49.8
6/8/2026,10:32:29 AM,609.00,31.4,720.7,34.2,20.2,49.8
6/8/2026,10:32:30 AM,610.00,31.2,278.96,34.2,20.2,49.8
6/8/2026,10:32:31 AM,611.00,31,241.7,34.2,20.2,49.7
6/8/2026,10:32:32 AM,612.00,31,105.92,34.2,20.1,49.7
6/8/2026,10:32:33 AM,613.00,31.2,120.95,34.2,20.1,49.6
6/8/2026,10:32:34 AM,614.00,31.1,132.24,34.1,20.1,49.4
6/8/2026,10:32:35 AM,615.00,31,215.2,34.1,20.1,49.4
6/8/2026,10:32:36 AM,616.00,31,128.35,34.1,20.1,49.5
6/8/2026,10:32:37 AM,617.00,30.8,274.42,34.2,20.1,49.5
6/8/2026,10:32:38 AM,618.00,30.9,174.07,34.2,20.1,49.6
6/8/2026,10:32:39 AM,619.00,30.9,134.99,34.2,20.1,49.6
6/8/2026,10:32:40 AM,620.00,30.9,107.35,34.2,20.2,49.8
6/8/2026,10:32:41 AM,621.00,30.8,126.72,34.2,20.2,49.8
6/8/2026,10:32:42 AM,622.00,30.8,227.09,34.2,20.1,49.6
6/8/2026,10:32:43 AM,623.00,30.9,236.26,34.1,20,49.3
6/8/2026,10:32:44 AM,624.00,30.8,374.55,34.1,20,49.2
6/8/2026,10:32:45 AM,625.00,30.6,352.95,34.1,20,49.2
6/8/2026,10:32:46 AM,626.00,30.9,573.7,34,19.9,49.1
6/8/2026,10:32:47 AM,627.00,30.8,636.2,34,19.9,49
6/8/2026,10:32:48 AM,628.00,30.8,609.06,34.1,20,49.2
6/8/2026,10:32:49 AM,629.00,30.9,640.14,34.1,20,49.3
6/8/2026,10:32:50 AM,630.00,30.8,677.5,34.1,20,49.3
6/8/2026,10:32:51 AM,631.00,31,658.97,34.1,20,49.2
6/8/2026,10:32:52 AM,632.00,30.9,606.81,34.1,20,49.2
6/8/2026,10:32:53 AM,633.00,30.8,634.12,34.1,20,49.2
6/8/2026,10:32:54 AM,634.00,30.9,728.98,34.1,20,49.1
6/8/2026,10:32:55 AM,635.00,30.9,734.34,34.1,19.9,48.9
6/8/2026,10:32:56 AM,636.00,30.8,586.8,34.1,19.9,48.9
6/8/2026,10:32:57 AM,637.00,31,673.28,34.1,19.9,49
6/8/2026,10:32:58 AM,638.00,31.1,641.31,34.1,19.9,49
6/8/2026,10:32:59 AM,639.00,31,310.84,34.1,19.9,49
6/8/2026,10:33:00 AM,640.00,30.9,261.46,34.1,20,49.1
6/8/2026,10:33:01 AM,641.00,31.1,270.4,34.1,20,49
6/8/2026,10:33:02 AM,642.00,31,337.89,34.1,20,49.1
6/8/2026,10:33:03 AM,643.00,31.1,290.21,34.1,19.9,49
6/8/2026,10:33:04 AM,644.00,31,352.73,34.1,20,49.1
6/8/2026,10:33:05 AM,645.00,31,312.67,34.1,20,49.2
6/8/2026,10:33:06 AM,646.00,31,336.02,34.1,20,49.2
6/8/2026,10:33:07 AM,647.00,31.1,522.03,34.2,20,49.3
6/8/2026,10:33:08 AM,648.00,30.9,568.12,34.2,20.1,49.3
6/8/2026,10:33:09 AM,649.00,31,454.79,34.2,20.1,49.5
6/8/2026,10:33:10 AM,650.00,31,400.81,34.2,20.1,49.5
6/8/2026,10:33:11 AM,651.00,31.3,614.25,34.2,20.1,49.4
6/8/2026,10:33:12 AM,652.00,31.1,612,34.2,20.1,49.4
6/8/2026,10:33:13 AM,653.00,31.1,438.83,34.2,20.1,49.4
6/8/2026,10:33:14 AM,654.00,31.2,531.48,34.2,20.1,49.3
6/8/2026,10:33:15 AM,655.00,31.4,537.23,34.2,20.1,49.3
6/8/2026,10:33:16 AM,656.00,31.3,347.56,34.2,20.1,49.3
6/8/2026,10:33:17 AM,657.00,31.2,293.95,34.3,20.1,49.3
6/8/2026,10:33:18 AM,658.00,31.2,572.37,34.3,20.1,49.5
6/8/2026,10:33:19 AM,659.00,31.3,367.7,34.3,20.2,49.6
6/8/2026,10:33:20 AM,660.00,31.2,293.69,34.3,20.2,49.7
6/8/2026,10:33:21 AM,661.00,31.5,284.7,34.4,20.2,49.7
6/8/2026,10:33:22 AM,662.00,31.4,513.59,34.4,20.3,49.8
6/8/2026,10:33:23 AM,663.00,31.5,322.53,34.4,20.3,49.8
6/8/2026,10:33:24 AM,664.00,31.3,410.05,34.4,20.3,49.8
6/8/2026,10:33:25 AM,665.00,31.4,381.99,34.4,20.2,49.6
6/8/2026,10:33:26 AM,666.00,31.4,546.95,34.4,20.2,49.6
6/8/2026,10:33:27 AM,667.00,31.4,271.88,34.4,20.2,49.7
6/8/2026,10:33:28 AM,668.00,31.6,319.34,34.4,20.3,49.7
6/8/2026,10:33:29 AM,669.00,31.3,354.41,34.4,20.3,49.7
6/8/2026,10:33:30 AM,670.00,31.4,521.19,34.4,20.2,49.6
6/8/2026,10:33:31 AM,671.00,31.5,527.67,34.4,20.2,49.6
6/8/2026,10:33:32 AM,672.00,31.5,559.75,34.4,20.2,49.6
6/8/2026,10:33:33 AM,673.00,31.4,554.53,34.4,20.3,49.7
6/8/2026,10:33:34 AM,674.00,31.6,531.97,34.5,20.3,49.7
6/8/2026,10:33:35 AM,675.00,31.5,247.9,34.5,20.3,49.7
6/8/2026,10:33:36 AM,676.00,31.6,588.61,34.5,20.3,49.6
6/8/2026,10:33:37 AM,677.00,31.8,567.14,34.5,20.3,49.7
6/8/2026,10:33:38 AM,678.00,31.7,503.39,34.5,20.4,49.9
6/8/2026,10:33:39 AM,679.00,31.7,506.09,34.6,20.4,49.9
6/8/2026,10:33:40 AM,680.00,31.7,555.25,34.6,20.4,49.9
6/8/2026,10:33:41 AM,681.00,31.8,507.22,34.6,20.4,49.9
6/8/2026,10:33:42 AM,682.00,31.9,539.8,34.6,20.4,50
6/8/2026,10:33:43 AM,683.00,31.8,518.17,34.6,20.4,50.1
6/8/2026,10:33:44 AM,684.00,31.9,520.98,34.7,20.4,50
6/8/2026,10:33:45 AM,685.00,31.9,470.83,34.7,20.4,50
6/8/2026,10:33:46 AM,686.00,32,467.84,34.7,20.4,50
6/8/2026,10:33:47 AM,687.00,32,474.53,34.7,20.4,50
6/8/2026,10:33:48 AM,688.00,31.9,472.91,34.7,20.4,50
6/8/2026,10:33:49 AM,689.00,32,834.47,34.7,20.4,50
6/8/2026,10:33:50 AM,690.00,32,660.59,34.7,20.5,50.1
6/8/2026,10:33:51 AM,691.00,32.2,549.5,34.7,20.5,50.1
6/8/2026,10:33:52 AM,692.00,32,780.4,34.8,20.5,50.1
6/8/2026,10:33:53 AM,693.00,32.1,611.72,34.8,20.5,50
6/8/2026,10:33:54 AM,694.00,32.2,599.05,34.8,20.5,50
6/8/2026,10:33:55 AM,695.00,32.1,560.36,34.8,20.5,50
6/8/2026,10:33:56 AM,696.00,32.1,270.82,34.8,20.5,50
6/8/2026,10:33:57 AM,697.00,32.3,115.64,34.8,20.5,49.9
6/8/2026,10:33:58 AM,698.00,32.1,123.01,34.8,20.5,49.9
6/8/2026,10:33:59 AM,699.00,32,121.06,34.8,20.5,49.8
6/8/2026,10:34:00 AM,700.00,32.1,89.61,34.7,20.4,49.7
6/8/2026,10:34:01 AM,701.00,32,76.46,34.7,20.3,49.5
6/8/2026,10:34:02 AM,702.00,32,76.05,34.7,20.3,49.4
6/8/2026,10:34:03 AM,703.00,31.8,73.75,34.7,20.3,49.3
6/8/2026,10:34:04 AM,704.00,31.8,68.59,34.7,20.3,49.4
6/8/2026,10:34:05 AM,705.00,31.9,66.91,34.6,20.3,49.3
6/8/2026,10:34:06 AM,706.00,31.8,67.73,34.7,20.3,49.3
6/8/2026,10:34:07 AM,707.00,31.7,72.99,34.7,20.3,49.2
6/8/2026,10:34:08 AM,708.00,31.8,80.13,34.7,20.3,49.2
6/8/2026,10:34:09 AM,709.00,31.8,77.32,34.6,20.3,49.2
6/8/2026,10:34:10 AM,710.00,31.6,67.55,34.6,20.3,49.2
6/8/2026,10:34:11 AM,711.00,31.5,64.21,34.6,20.2,49.1
6/8/2026,10:34:12 AM,712.00,31.6,55.07,34.6,20.2,49
6/8/2026,10:34:13 AM,713.00,31.7,51.72,34.6,20.2,49.1
6/8/2026,10:34:14 AM,714.00,31.5,72.83,34.6,20.2,49.1
6/8/2026,10:34:15 AM,715.00,31.4,58.92,34.6,20.3,49.2
6/8/2026,10:34:16 AM,716.00,31.4,35.39,34.7,20.3,49.3
6/8/2026,10:34:17 AM,717.00,31.5,52.52,34.7,20.3,49.3
6/8/2026,10:34:18 AM,718.00,31.4,89.72,34.7,20.3,49.3
6/8/2026,10:34:19 AM,719.00,31.5,89.85,34.7,20.3,49.3
6/8/2026,10:34:20 AM,720.00,31.4,76.01,34.6,20.2,49.1
6/8/2026,10:34:21 AM,721.00,31.4,94.27,34.6,20.2,49
6/8/2026,10:34:22 AM,722.00,31.4,138.25,34.6,20.2,49.1
6/8/2026,10:34:23 AM,723.00,31.4,323.17,34.6,20.1,48.8
6/8/2026,10:34:24 AM,724.00,31.4,367.06,34.5,20,48.4
6/8/2026,10:34:25 AM,725.00,31.3,455.73,34.4,19.9,48.2
6/8/2026,10:34:26 AM,726.00,31.4,576.75,34.4,19.9,48
6/8/2026,10:34:27 AM,727.00,31.3,601.23,34.4,19.9,48
6/8/2026,10:34:28 AM,728.00,31.5,595.8,34.4,19.9,48.1
6/8/2026,10:34:29 AM,729.00,31.4,630.42,34.5,20,48.2
6/8/2026,10:34:30 AM,730.00,31.6,637.72,34.4,19.9,48.1
6/8/2026,10:34:31 AM,731.00,31.6,651.92,34.5,20,48.2
6/8/2026,10:34:32 AM,732.00,31.5,646.19,34.5,20,48.2
6/8/2026,10:34:33 AM,733.00,31.6,608.14,34.5,20,48.2
6/8/2026,10:34:34 AM,734.00,31.7,653.89,34.5,20,48.2
6/8/2026,10:34:35 AM,735.00,31.7,612.75,34.5,20,48.2
6/8/2026,10:34:36 AM,736.00,31.6,618.7,34.5,20,48.2
6/8/2026,10:34:37 AM,737.00,31.7,238.48,34.5,20,48.1
6/8/2026,10:34:38 AM,738.00,31.9,348.42,34.5,20,48.1
6/8/2026,10:34:39 AM,739.00,31.7,350.03,34.5,19.9,48
6/8/2026,10:34:40 AM,740.00,31.7,390.55,34.5,19.9,47.9
6/8/2026,10:34:41 AM,741.00,31.7,362.21,34.5,19.9,47.8
6/8/2026,10:34:42 AM,742.00,31.6,349.56,34.4,19.8,47.6
6/8/2026,10:34:43 AM,743.00,31.8,352.47,34.5,19.8,47.6
6/8/2026,10:34:44 AM,744.00,31.7,342.71,34.4,19.8,47.5
6/8/2026,10:34:45 AM,745.00,31.7,364.2,34.4,19.8,47.4
6/8/2026,10:34:46 AM,746.00,31.8,350.22,34.4,19.8,47.4
6/8/2026,10:34:47 AM,747.00,31.7,332.55,34.4,19.8,47.4
6/8/2026,10:34:48 AM,748.00,31.8,289.38,34.4,19.8,47.4
6/8/2026,10:34:49 AM,749.00,31.7,328.51,34.4,19.8,47.5
6/8/2026,10:34:50 AM,750.00,31.7,321.66,34.4,19.8,47.5
6/8/2026,10:34:51 AM,751.00,31.8,307.15,34.5,19.8,47.6
6/8/2026,10:34:52 AM,752.00,31.8,279.13,34.4,19.8,47.5
6/8/2026,10:34:53 AM,753.00,31.6,281.63,34.4,19.8,47.4
6/8/2026,10:34:54 AM,754.00,31.8,284.78,34.4,19.7,47.4
6/8/2026,10:34:55 AM,755.00,31.7,279.2,34.4,19.8,47.4
6/8/2026,10:34:56 AM,756.00,31.7,272.45,34.4,19.8,47.4
6/8/2026,10:34:57 AM,757.00,31.5,280.77,34.4,19.7,47.4
6/8/2026,10:34:58 AM,758.00,31.6,278.34,34.4,19.8,47.4
6/8/2026,10:34:59 AM,759.00,31.7,277.06,34.4,19.8,47.4
6/8/2026,10:35:00 AM,760.00,31.6,273.04,34.4,19.8,47.5
6/8/2026,10:35:01 AM,761.00,31.7,283.55,34.4,19.8,47.5
6/8/2026,10:35:02 AM,762.00,31.7,259.9,34.5,19.8,47.6
6/8/2026,10:35:03 AM,763.00,31.6,288.98,34.5,19.9,47.6
6/8/2026,10:35:04 AM,764.00,31.7,175.73,34.5,19.9,47.7
6/8/2026,10:35:05 AM,765.00,31.6,174.57,34.5,19.9,47.8
6/8/2026,10:35:06 AM,766.00,31.9,180.43,34.5,19.9,47.7
6/8/2026,10:35:07 AM,767.00,31.6,177.2,34.5,19.9,47.6
6/8/2026,10:35:08 AM,768.00,31.6,172.32,34.5,19.9,47.7
6/8/2026,10:35:09 AM,769.00,31.7,244.49,34.5,19.8,47.6
6/8/2026,10:35:10 AM,770.00,31.5,167.06,34.5,19.9,47.6
6/8/2026,10:35:11 AM,771.00,31.5,98.84,34.5,19.8,47.6
6/8/2026,10:35:12 AM,772.00,31.3,92.29,34.4,19.8,47.5
6/8/2026,10:35:13 AM,773.00,31.5,99.78,34.4,19.8,47.5
6/8/2026,10:35:14 AM,774.00,31.3,86.89,34.4,19.8,47.4
6/8/2026,10:35:15 AM,775.00,31.5,96.35,34.4,19.8,47.5
6/8/2026,10:35:16 AM,776.00,31.4,90.95,34.4,19.8,47.5
6/8/2026,10:35:17 AM,777.00,31.3,95.03,34.4,19.8,47.5
6/8/2026,10:35:18 AM,778.00,31.4,95.91,34.4,19.8,47.4
6/8/2026,10:35:19 AM,779.00,31.3,106.32,34.4,19.7,47.4
6/8/2026,10:35:20 AM,780.00,31.2,107.11,34.4,19.7,47.3
6/8/2026,10:35:21 AM,781.00,31.1,115.54,34.4,19.8,47.4
6/8/2026,10:35:22 AM,782.00,31.2,111.26,34.4,19.8,47.4
6/8/2026,10:35:23 AM,783.00,31.3,104.86,34.4,19.7,47.4
6/8/2026,10:35:24 AM,784.00,31.3,116.19,34.4,19.7,47.4
6/8/2026,10:35:25 AM,785.00,31.3,96.58,34.4,19.8,47.5
6/8/2026,10:35:26 AM,786.00,31.1,118.75,34.4,19.8,47.5
6/8/2026,10:35:27 AM,787.00,31.1,123.44,34.4,19.8,47.6
6/8/2026,10:35:28 AM,788.00,31.1,117.27,34.4,19.8,47.7
6/8/2026,10:35:29 AM,789.00,31.2,116.2,34.5,19.9,47.7
6/8/2026,10:35:30 AM,790.00,30.9,121.85,34.4,19.9,47.8
6/8/2026,10:35:31 AM,791.00,31.1,114.04,34.4,19.9,47.8
6/8/2026,10:35:32 AM,792.00,31,121.07,34.4,19.9,47.8
6/8/2026,10:35:33 AM,793.00,30.9,116.38,34.5,19.9,47.8
6/8/2026,10:35:34 AM,794.00,31,121.9,34.4,19.9,47.8
6/8/2026,10:35:35 AM,795.00,30.9,123.21,34.4,19.9,47.9
6/8/2026,10:35:36 AM,796.00,31,120.33,34.4,19.9,47.8
6/8/2026,10:35:37 AM,797.00,30.9,122.87,34.4,19.9,47.8
6/8/2026,10:35:38 AM,798.00,31,122.24,34.4,19.9,47.9
6/8/2026,10:35:39 AM,799.00,31,133,34.4,19.9,48
6/8/2026,10:35:40 AM,800.00,30.9,184.67,34.5,19.9,48
6/8/2026,10:35:41 AM,801.00,31,139.43,34.5,19.9,48
6/8/2026,10:35:42 AM,802.00,30.8,246.25,34.5,19.9,48.1
6/8/2026,10:35:43 AM,803.00,30.9,235.73,34.5,19.9,48.1
6/8/2026,10:35:44 AM,804.00,30.8,322.51,34.4,19.9,48.1
6/8/2026,10:35:45 AM,805.00,30.8,522.62,34.4,19.9,48.1
6/8/2026,10:35:46 AM,806.00,30.9,523.56,34.5,19.9,48.1
6/8/2026,10:35:47 AM,807.00,30.8,557.45,34.5,19.9,48.1
6/8/2026,10:35:48 AM,808.00,30.9,563.31,34.5,19.9,48.1
6/8/2026,10:35:49 AM,809.00,30.9,601.08,34.4,19.9,48.1
6/8/2026,10:35:50 AM,810.00,30.9,681.36,34.4,19.9,48.1
6/8/2026,10:35:51 AM,811.00,30.7,634.26,34.4,19.9,48.1
6/8/2026,10:35:52 AM,812.00,30.8,565.72,34.5,19.9,48.1
6/8/2026,10:35:53 AM,813.00,30.8,407.4,34.5,20,48.1
6/8/2026,10:35:54 AM,814.00,31,402.44,34.5,20,48.2
6/8/2026,10:35:55 AM,815.00,30.9,522.62,34.5,20,48.2
6/8/2026,10:35:56 AM,816.00,31.1,349.08,34.5,20,48.3
6/8/2026,10:35:57 AM,817.00,31.1,537.51,34.5,20,48.2
6/8/2026,10:35:58 AM,818.00,30.8,381.04,34.5,20,48.2
6/8/2026,10:35:59 AM,819.00,31,400.99,34.5,20,48.2
6/8/2026,10:36:00 AM,820.00,30.9,463.44,34.5,20,48.2
6/8/2026,10:36:01 AM,821.00,31,468.38,34.5,20,48.2
6/8/2026,10:36:02 AM,822.00,31.1,409.89,34.5,20,48.3
6/8/2026,10:36:03 AM,823.00,31,408.06,34.5,20,48.3
6/8/2026,10:36:04 AM,824.00,31,419.06,34.5,20,48.4
6/8/2026,10:36:05 AM,825.00,31,416.06,34.5,20,48.4
6/8/2026,10:36:06 AM,826.00,31.1,421.99,34.5,20.1,48.5
6/8/2026,10:36:07 AM,827.00,31,387.57,34.6,20.1,48.6
6/8/2026,10:36:08 AM,828.00,30.9,308.41,34.6,20.1,48.7
6/8/2026,10:36:09 AM,829.00,31.1,304.68,34.6,20.1,48.7
6/8/2026,10:36:10 AM,830.00,31.1,289.45,34.6,20.1,48.7
6/8/2026,10:36:11 AM,831.00,31,341.16,34.6,20.1,48.7
6/8/2026,10:36:12 AM,832.00,31.1,381.82,34.6,20.1,48.7
6/8/2026,10:36:13 AM,833.00,31.2,413.33,34.6,20.1,48.6
6/8/2026,10:36:14 AM,834.00,31,424,34.6,20.1,48.6
6/8/2026,10:36:15 AM,835.00,31.2,367.23,34.6,20.1,48.7
6/8/2026,10:36:16 AM,836.00,31.2,281.02,34.6,20.1,48.7
6/8/2026,10:36:17 AM,837.00,31,489.77,34.6,20.1,48.6
6/8/2026,10:36:18 AM,838.00,31.1,541.21,34.6,20.1,48.7
6/8/2026,10:36:19 AM,839.00,31.3,535.18,34.6,20.1,48.7
6/8/2026,10:36:20 AM,840.00,31.1,521.92,34.6,20.1,48.7
6/8/2026,10:36:21 AM,841.00,31.1,523.47,34.6,20.1,48.7
6/8/2026,10:36:22 AM,842.00,31,526.05,34.6,20.2,48.8
6/8/2026,10:36:23 AM,843.00,31.2,540.33,34.6,20.1,48.7
6/8/2026,10:36:24 AM,844.00,31.2,540.56,34.6,20.1,48.7
6/8/2026,10:36:25 AM,845.00,31.3,540.72,34.6,20.2,48.8
6/8/2026,10:36:26 AM,846.00,31.1,540.42,34.6,20.1,48.8
6/8/2026,10:36:27 AM,847.00,31.3,425.75,34.6,20.2,48.9
6/8/2026,10:36:28 AM,848.00,31.2,525.74,34.6,20.2,48.9
6/8/2026,10:36:29 AM,849.00,31.1,553.64,34.6,20.2,48.9
6/8/2026,10:36:30 AM,850.00,31.4,553.63,34.6,20.2,48.9
6/8/2026,10:36:31 AM,851.00,31.3,476.79,34.6,20.2,48.9
6/8/2026,10:36:32 AM,852.00,31.4,458.67,34.6,20.2,49
6/8/2026,10:36:33 AM,853.00,31.5,479.51,34.7,20.2,49
6/8/2026,10:36:34 AM,854.00,31.5,501.77,34.7,20.2,49
6/8/2026,10:36:35 AM,855.00,31.3,427.49,34.7,20.2,49
6/8/2026,10:36:36 AM,856.00,31.6,525.88,34.7,20.3,49.1
6/8/2026,10:36:37 AM,857.00,31.7,543.25,34.7,20.3,49.1
6/8/2026,10:36:38 AM,858.00,31.6,514.41,34.7,20.3,49.2
6/8/2026,10:36:39 AM,859.00,31.7,502.26,34.7,20.3,49.3
6/8/2026,10:36:40 AM,860.00,31.7,475.05,34.8,20.4,49.4
6/8/2026,10:36:41 AM,861.00,31.7,511.58,34.8,20.4,49.4
6/8/2026,10:36:42 AM,862.00,31.7,445.92,34.8,20.4,49.5
6/8/2026,10:36:43 AM,863.00,31.6,508.65,34.8,20.4,49.5
6/8/2026,10:36:44 AM,864.00,31.7,451.88,34.8,20.4,49.6
6/8/2026,10:36:45 AM,865.00,31.7,380.23,34.8,20.4,49.6
6/8/2026,10:36:46 AM,866.00,31.7,479.59,34.9,20.5,49.6
6/8/2026,10:36:47 AM,867.00,32,496.01,34.9,20.5,49.7
6/8/2026,10:36:48 AM,868.00,31.7,468.43,34.9,20.5,49.7
6/8/2026,10:36:49 AM,869.00,31.8,448.16,34.9,20.5,49.7
6/8/2026,10:36:50 AM,870.00,31.7,462.69,34.9,20.5,49.7
6/8/2026,10:36:51 AM,871.00,31.7,429.44,34.9,20.5,49.7
6/8/2026,10:36:52 AM,872.00,31.7,395.19,34.9,20.5,49.7
6/8/2026,10:36:53 AM,873.00,31.8,351.47,34.9,20.5,49.7
6/8/2026,10:36:54 AM,874.00,31.7,303.51,34.9,20.5,49.6
6/8/2026,10:36:55 AM,875.00,31.7,336.13,34.9,20.5,49.6
6/8/2026,10:36:56 AM,876.00,31.8,408.07,34.9,20.5,49.6
6/8/2026,10:36:57 AM,877.00,31.6,441.96,34.9,20.5,49.5
6/8/2026,10:36:58 AM,878.00,31.8,466.21,34.9,20.5,49.5
6/8/2026,10:36:59 AM,879.00,31.7,411.85,34.9,20.5,49.5
6/8/2026,10:37:00 AM,880.00,31.8,367.13,34.9,20.5,49.5
6/8/2026,10:37:01 AM,881.00,31.7,340.33,34.9,20.4,49.4
6/8/2026,10:37:02 AM,882.00,31.7,352.78,34.9,20.4,49.4
6/8/2026,10:37:03 AM,883.00,31.7,407.91,34.9,20.5,49.5
6/8/2026,10:37:04 AM,884.00,31.7,588.34,34.9,20.5,49.5
6/8/2026,10:37:05 AM,885.00,31.6,625.34,35,20.5,49.6
6/8/2026,10:37:06 AM,886.00,31.7,594.28,34.9,20.5,49.5
6/8/2026,10:37:07 AM,887.00,31.7,596.91,35,20.5,49.6
6/8/2026,10:37:08 AM,888.00,31.7,479.29,35,20.6,49.7
6/8/2026,10:37:09 AM,889.00,31.8,605.51,35,20.6,49.7
6/8/2026,10:37:10 AM,890.00,31.8,604.95,35,20.6,49.7
6/8/2026,10:37:11 AM,891.00,31.8,563.67,35,20.6,49.7
6/8/2026,10:37:12 AM,892.00,31.8,592.41,35,20.6,49.7
6/8/2026,10:37:13 AM,893.00,31.9,576.53,35,20.6,49.7
6/8/2026,10:37:14 AM,894.00,31.8,438.71,35.1,20.6,49.7
6/8/2026,10:37:15 AM,895.00,31.9,457.62,35.1,20.6,49.7
6/8/2026,10:37:16 AM,896.00,31.8,363.63,35.1,20.6,49.8
6/8/2026,10:37:17 AM,897.00,32.1,423.13,35.1,20.6,49.8
6/8/2026,10:37:18 AM,898.00,32.1,526.76,35.1,20.6,49.9
6/8/2026,10:37:19 AM,899.00,32,342.66,35.1,20.7,49.9
6/8/2026,10:37:20 AM,900.00,32.2,392.23,35.2,20.7,49.9
6/8/2026,10:37:21 AM,901.00,32,422.61,35.2,20.7,50
6/8/2026,10:37:22 AM,902.00,32.3,422.21,35.2,20.7,50
6/8/2026,10:37:23 AM,903.00,32.1,360.21,35.2,20.7,50
6/8/2026,10:37:24 AM,904.00,32.2,435.83,35.2,20.7,50
6/8/2026,10:37:25 AM,905.00,32.2,416.65,35.2,20.7,50.1
6/8/2026,10:37:26 AM,906.00,32.1,569.28,35.3,20.8,50.1
6/8/2026,10:37:27 AM,907.00,32.2,551.64,35.3,20.8,50.1
6/8/2026,10:37:28 AM,908.00,32.3,466.72,35.3,20.8,50.1
6/8/2026,10:37:29 AM,909.00,32.2,561.67,35.3,20.8,50.2
6/8/2026,10:37:30 AM,910.00,32.3,566.28,35.3,20.8,50.3
6/8/2026,10:37:31 AM,911.00,32.5,575.37,35.4,20.8,50.3
6/8/2026,10:37:32 AM,912.00,32.7,534.81,35.4,20.8,50.2
6/8/2026,10:37:33 AM,913.00,32.4,573.61,35.4,20.8,50.2
6/8/2026,10:37:34 AM,914.00,32.4,562.47,35.3,20.8,50
6/8/2026,10:37:35 AM,915.00,32.5,545.92,35.3,20.8,50
6/8/2026,10:37:36 AM,916.00,32.4,458.21,35.3,20.8,49.9
6/8/2026,10:37:37 AM,917.00,32.3,468.98,35.3,20.7,49.8
6/8/2026,10:37:38 AM,918.00,32.4,489.84,35.3,20.7,49.6
6/8/2026,10:37:39 AM,919.00,32.5,494.55,35.2,20.6,49.4
6/8/2026,10:37:40 AM,920.00,32.3,478.83,35.2,20.6,49.3
6/8/2026,10:37:41 AM,921.00,32.5,475.5,35.3,20.6,49.5
6/8/2026,10:37:42 AM,922.00,32.3,442.2,35.3,20.7,49.6
6/8/2026,10:37:43 AM,923.00,32.3,621.56,35.2,20.6,49.3
6/8/2026,10:37:44 AM,924.00,32.2,661.64,35.2,20.5,49.1
6/8/2026,10:37:45 AM,925.00,32.2,589.97,35.2,20.5,49.1
6/8/2026,10:37:46 AM,926.00,32.1,526.22,35.2,20.5,49.1
6/8/2026,10:37:47 AM,927.00,32.2,580.14,35.2,20.6,49.2
6/8/2026,10:37:48 AM,928.00,32.1,594.76,35.3,20.6,49.2
6/8/2026,10:37:49 AM,929.00,32.2,625.41,35.3,20.6,49.2
6/8/2026,10:37:50 AM,930.00,32.1,481.4,35.3,20.6,49.2
6/8/2026,10:37:51 AM,931.00,31.9,319.97,35.3,20.6,49.2
6/8/2026,10:37:52 AM,932.00,32.1,622.51,35.3,20.6,49.2
6/8/2026,10:37:53 AM,933.00,32,452.8,35.3,20.6,49.3
6/8/2026,10:37:54 AM,934.00,32,301.47,35.3,20.6,49.3
6/8/2026,10:37:55 AM,935.00,32.2,459.82,35.3,20.6,49.3
6/8/2026,10:37:56 AM,936.00,32.1,492.58,35.3,20.6,49.3
6/8/2026,10:37:57 AM,937.00,32.1,484.38,35.4,20.6,49.3
6/8/2026,10:37:58 AM,938.00,32,432.33,35.3,20.6,49.4
6/8/2026,10:37:59 AM,939.00,32.2,567.19,35.4,20.7,49.4
6/8/2026,10:38:00 AM,940.00,32,536.45,35.4,20.7,49.4
6/8/2026,10:38:01 AM,941.00,32.1,519.91,35.4,20.7,49.5
6/8/2026,10:38:02 AM,942.00,31.9,554.78,35.4,20.7,49.5
6/8/2026,10:38:03 AM,943.00,32.1,426.55,35.4,20.7,49.5
6/8/2026,10:38:04 AM,944.00,32,421.62,35.5,20.7,49.6
6/8/2026,10:38:05 AM,945.00,32.2,501.19,35.5,20.7,49.6
6/8/2026,10:38:06 AM,946.00,32.1,498.45,35.5,20.7,49.6
6/8/2026,10:38:07 AM,947.00,32.3,580.19,35.5,20.7,49.6
6/8/2026,10:38:08 AM,948.00,32.2,545.19,35.5,20.8,49.6
6/8/2026,10:38:09 AM,949.00,32.2,622.76,35.5,20.8,49.6
6/8/2026,10:38:10 AM,950.00,32.1,630.62,35.5,20.7,49.5
6/8/2026,10:38:11 AM,951.00,32,617.31,35.5,20.7,49.5
6/8/2026,10:38:12 AM,952.00,32.1,539.35,35.5,20.7,49.5
6/8/2026,10:38:13 AM,953.00,32,532.24,35.5,20.8,49.5