Device Name,WBGT 1
Device Model,5400CL
Serial Number,3030083
FORMATTED DATE_TIME,Temperature,Wet Bulb Temp,Globe Temperature,Relative Humidity,Barometric Pressure,Altitude,Station Pressure,Wind Speed,Heat Index,Dew Point,Density Altitude,Crosswind,Headwind,Compass Magnetic Direction,NWB Temp,Compass True Direction,Thermal Work Limit,Wet Bulb Globe Temperature,Wind Chill,Data Type,Record name,Start time,Duration (H:M:S),Location description,Location address,Location coordinates,Notes
yyyy-MM-dd hh:mm:ss a,°F,°F,°F,%,inHg,ft,inHg,mph,°F,°F,ft,mph,mph,Deg,°F,Deg,w/m2,°F,°F
2026-06-08 03:49:39 PM,88.4,77.5,109.6,61.7,30.03,-104,30.03,7.5,98.4,73.6,2114,--,--,--,82.6,--,162.3,88.5,88.3,session,"Session - Jun 8, 2026 3:49:35 PM",2026-06-08 03:49:35 PM 3:49:35 PM,00:19:58,,,,Enter Notes
2026-06-08 03:49:44 PM,88.8,78.1,109.6,62.0,30.02,-101,30.02,6.3,99.5,74.1,2146,--,--,--,82.7,--,161.5,88.6,88.7,session,"Session - Jun 8, 2026 3:49:35 PM",2026-06-08 03:49:35 PM 3:49:35 PM,00:19:58,,,,Enter Notes
2026-06-08 03:49:49 PM,88.4,77.7,109.6,62.4,30.03,-104,30.03,4.1,98.8,73.8,2109,--,--,--,82.9,--,160.3,88.8,88.3,session,"Session - Jun 8, 2026 3:49:35 PM",2026-06-08 03:49:35 PM 3:49:35 PM,00:19:58,,,,Enter Notes
2026-06-08 03:49:54 PM,87.8,77.2,109.9,62.4,30.02,-101,30.02,6.2,97.3,73.3,2074,--,--,--,82.8,--,160.9,88.8,87.8,session,"Session - Jun 8, 2026 3:49:35 PM",2026-06-08 03:49:35 PM 3:49:35 PM,00:19:58,,,,Enter Notes
2026-06-08 03:49:59 PM,88.0,77.5,110.1,62.5,30.03,-101,30.03,3.5,98.2,73.8,2109,--,--,--,82.8,--,161.2,88.7,88.2,session,"Session - Jun 8, 2026 3:49:35 PM",2026-06-08 03:49:35 PM 3:49:35 PM,00:19:58,,,,Enter Notes
2026-06-08 03:50:04 PM,89.1,78.4,109.8,62.9,30.02,-95,30.02,2.1,100.9,74.8,2179,--,--,--,82.7,--,161.2,88.6,89.1,session,"Session - Jun 8, 2026 3:49:35 PM",2026-06-08 03:49:35 PM 3:49:35 PM,00:19:58,,,,Enter Notes
2026-06-08 03:50:09 PM,89.3,78.6,109.8,63.1,30.02,-95,30.02,2.6,101.7,75.1,2191,--,--,--,82.9,--,160.0,88.8,89.2,session,"Session - Jun 8, 2026 3:49:35 PM",2026-06-08 03:49:35 PM 3:49:35 PM,00:19:58,,,,Enter Notes
2026-06-08 03:50:14 PM,88.8,78.3,109.8,63.0,30.02,-95,30.02,3.2,99.9,74.6,2159,--,--,--,82.9,--,160.1,88.7,88.7,session,"Session - Jun 8, 2026 3:49:35 PM",2026-06-08 03:49:35 PM 3:49:35 PM,00:19:58,,,,Enter Notes
2026-06-08 03:50:19 PM,88.9,78.3,109.8,62.7,30.01,-92,30.01,4.1,100.4,74.5,2166,--,--,--,82.7,--,161.3,88.6,88.9,session,"Session - Jun 8, 2026 3:49:35 PM",2026-06-08 03:49:35 PM 3:49:35 PM,00:19:58,,,,Enter Notes
2026-06-08 03:50:24 PM,89.0,78.4,109.7,62.7,30.01,-90,30.01,4.2,100.4,74.6,2174,--,--,--,82.7,--,161.5,88.6,88.9,session,"Session - Jun 8, 2026 3:49:35 PM",2026-06-08 03:49:35 PM 3:49:35 PM,00:19:58,,,,Enter Notes
2026-06-08 03:50:29 PM,88.7,78.1,109.7,63.0,30.01,-90,30.01,3.5,99.9,74.5,2156,--,--,--,82.7,--,161.6,88.6,88.7,session,"Session - Jun 8, 2026 3:49:35 PM",2026-06-08 03:49:35 PM 3:49:35 PM,00:19:58,,,,Enter Notes
2026-06-08 03:50:34 PM,88.6,78.1,109.7,63.0,30.01,-92,30.01,2.7,99.7,74.4,2146,--,--,--,82.8,--,160.6,88.7,88.5,session,"Session - Jun 8, 2026 3:49:35 PM",2026-06-08 03:49:35 PM 3:49:35 PM,00:19:58,,,,Enter Notes
2026-06-08 03:50:39 PM,88.1,77.5,109.7,63.1,30.01,-90,30.01,4.0,98.2,73.9,2106,--,--,--,82.8,--,160.7,88.7,88.0,session,"Session - Jun 8, 2026 3:49:35 PM",2026-06-08 03:49:35 PM 3:49:35 PM,00:19:58,,,,Enter Notes
2026-06-08 03:50:44 PM,88.6,78.1,109.7,63.2,30.02,-92,30.02,2.2,99.7,74.5,2144,--,--,--,82.8,--,160.9,88.7,88.5,session,"Session - Jun 8, 2026 3:49:35 PM",2026-06-08 03:49:35 PM 3:49:35 PM,00:19:58,,,,Enter Notes
2026-06-08 03:50:49 PM,89.0,78.6,109.4,63.4,30.02,-95,30.02,3.8,100.8,74.9,2166,--,--,--,83.0,--,159.7,88.7,88.9,session,"Session - Jun 8, 2026 3:49:35 PM",2026-06-08 03:49:35 PM 3:49:35 PM,00:19:58,,,,Enter Notes
2026-06-08 03:50:54 PM,88.6,78.1,109.4,63.3,30.02,-95,30.02,2.7,99.7,74.4,2139,--,--,--,83.0,--,159.8,88.7,88.5,session,"Session - Jun 8, 2026 3:49:35 PM",2026-06-08 03:49:35 PM 3:49:35 PM,00:19:58,,,,Enter Notes
2026-06-08 03:50:59 PM,89.3,78.8,109.4,63.0,30.01,-92,30.01,1.9,101.5,75.1,2199,--,--,--,82.8,--,160.8,88.6,89.2,session,"Session - Jun 8, 2026 3:49:35 PM",2026-06-08 03:49:35 PM 3:49:35 PM,00:19:58,,,,Enter Notes
2026-06-08 03:51:04 PM,90.2,79.5,109.4,63.0,30.01,-92,30.01,1.3,104.0,75.9,2264,--,--,--,82.8,--,160.7,88.6,90.1,session,"Session - Jun 8, 2026 3:49:35 PM",2026-06-08 03:49:35 PM 3:49:35 PM,00:19:58,,,,Enter Notes
2026-06-08 03:51:09 PM,91.0,80.1,109.4,62.8,30.01,-90,30.01,1.5,105.8,76.5,2319,--,--,--,82.8,--,160.5,88.6,90.9,session,"Session - Jun 8, 2026 3:49:35 PM",2026-06-08 03:49:35 PM 3:49:35 PM,00:19:58,,,,Enter Notes
2026-06-08 03:51:14 PM,90.6,79.7,109.3,62.2,30.02,-101,30.02,5.4,104.4,75.9,2276,--,--,--,82.6,--,161.6,88.4,90.5,session,"Session - Jun 8, 2026 3:49:35 PM",2026-06-08 03:49:35 PM 3:49:35 PM,00:19:58,,,,Enter Notes
2026-06-08 03:51:19 PM,89.3,78.3,109.4,61.5,30.02,-99,30.02,3.7,100.6,74.3,2181,--,--,--,82.4,--,162.8,88.3,89.2,session,"Session - Jun 8, 2026 3:49:35 PM",2026-06-08 03:49:35 PM 3:49:35 PM,00:19:58,,,,Enter Notes
2026-06-08 03:51:24 PM,89.3,78.1,109.4,61.0,30.02,-99,30.02,1.7,100.4,74.0,2174,--,--,--,82.2,--,163.9,88.2,89.2,session,"Session - Jun 8, 2026 3:49:35 PM",2026-06-08 03:49:35 PM 3:49:35 PM,00:19:58,,,,Enter Notes
2026-06-08 03:51:29 PM,89.4,78.1,109.1,61.0,30.01,-90,30.01,4.7,100.4,74.2,2194,--,--,--,82.2,--,163.7,88.1,89.2,session,"Session - Jun 8, 2026 3:49:35 PM",2026-06-08 03:49:35 PM 3:49:35 PM,00:19:58,,,,Enter Notes
2026-06-08 03:51:34 PM,89.0,77.7,109.4,61.3,30.01,-92,30.01,4.2,99.7,73.9,2161,--,--,--,82.2,--,163.8,88.2,88.9,session,"Session - Jun 8, 2026 3:49:35 PM",2026-06-08 03:49:35 PM 3:49:35 PM,00:19:58,,,,Enter Notes
2026-06-08 03:51:39 PM,88.5,77.5,109.4,61.5,30.02,-99,30.02,6.2,98.6,73.6,2119,--,--,--,82.4,--,162.8,88.3,88.5,session,"Session - Jun 8, 2026 3:49:35 PM",2026-06-08 03:49:35 PM 3:49:35 PM,00:19:58,,,,Enter Notes
2026-06-08 03:51:44 PM,88.1,77.2,109.4,61.6,30.02,-101,30.02,3.6,97.5,73.3,2094,--,--,--,82.4,--,163.0,88.3,88.0,session,"Session - Jun 8, 2026 3:49:35 PM",2026-06-08 03:49:35 PM 3:49:35 PM,00:19:58,,,,Enter Notes
2026-06-08 03:51:49 PM,88.2,77.5,109.4,61.8,30.03,-101,30.03,6.3,97.9,73.5,2101,--,--,--,82.4,--,163.0,88.3,88.2,session,"Session - Jun 8, 2026 3:49:35 PM",2026-06-08 03:49:35 PM 3:49:35 PM,00:19:58,,,,Enter Notes
2026-06-08 03:51:54 PM,88.2,77.5,109.4,62.0,30.03,-101,30.03,7.9,98.1,73.6,2101,--,--,--,82.4,--,163.4,88.3,88.2,session,"Session - Jun 8, 2026 3:49:35 PM",2026-06-08 03:49:35 PM 3:49:35 PM,00:19:58,,,,Enter Notes
2026-06-08 03:51:59 PM,87.4,76.8,109.6,62.1,30.03,-104,30.03,9.1,96.1,72.8,2039,--,--,--,82.6,--,162.9,88.5,87.3,session,"Session - Jun 8, 2026 3:49:35 PM",2026-06-08 03:49:35 PM 3:49:35 PM,00:19:58,,,,Enter Notes
2026-06-08 03:52:04 PM,86.8,76.5,110.0,62.4,30.02,-99,30.02,7.2,95.2,72.4,2006,--,--,--,82.4,--,163.8,88.4,86.7,session,"Session - Jun 8, 2026 3:49:35 PM",2026-06-08 03:49:35 PM 3:49:35 PM,00:19:58,,,,Enter Notes
2026-06-08 03:52:09 PM,86.8,76.5,110.3,62.6,30.02,-99,30.02,5.6,95.2,72.5,2004,--,--,--,82.2,--,163.6,88.2,86.7,session,"Session - Jun 8, 2026 3:49:35 PM",2026-06-08 03:49:35 PM 3:49:35 PM,00:19:58,,,,Enter Notes
2026-06-08 03:52:14 PM,86.7,76.5,110.4,63.0,30.01,-92,30.01,5.9,95.0,72.7,2006,--,--,--,82.4,--,162.9,88.4,86.5,session,"Session - Jun 8, 2026 3:49:35 PM",2026-06-08 03:49:35 PM 3:49:35 PM,00:19:58,,,,Enter Notes
2026-06-08 03:52:19 PM,87.3,77.2,110.4,63.7,30.02,-92,30.02,3.8,97.0,73.5,2051,--,--,--,82.6,--,162.1,88.5,87.3,session,"Session - Jun 8, 2026 3:49:35 PM",2026-06-08 03:49:35 PM 3:49:35 PM,00:19:58,,,,Enter Notes
2026-06-08 03:52:24 PM,87.7,77.5,110.1,64.2,30.02,-92,30.02,2.3,97.9,74.1,2081,--,--,--,82.7,--,161.4,88.6,87.6,session,"Session - Jun 8, 2026 3:49:35 PM",2026-06-08 03:49:35 PM 3:49:35 PM,00:19:58,,,,Enter Notes
2026-06-08 03:52:29 PM,87.7,77.5,110.1,64.3,30.02,-99,30.02,3.7,97.9,74.1,2074,--,--,--,82.7,--,161.7,88.5,87.6,session,"Session - Jun 8, 2026 3:49:35 PM",2026-06-08 03:49:35 PM 3:49:35 PM,00:19:58,,,,Enter Notes
2026-06-08 03:52:34 PM,87.7,77.7,110.0,64.2,30.02,-101,30.02,3.9,97.9,74.1,2079,--,--,--,82.7,--,162.4,88.5,87.6,session,"Session - Jun 8, 2026 3:49:35 PM",2026-06-08 03:49:35 PM 3:49:35 PM,00:19:58,,,,Enter Notes
2026-06-08 03:52:39 PM,87.8,77.7,109.7,64.1,30.02,-99,30.02,4.8,98.1,74.2,2086,--,--,--,82.6,--,162.7,88.4,87.8,session,"Session - Jun 8, 2026 3:49:35 PM",2026-06-08 03:49:35 PM 3:49:35 PM,00:19:58,,,,Enter Notes
2026-06-08 03:52:44 PM,87.6,77.5,109.6,63.9,30.01,-92,30.01,3.2,97.7,73.9,2081,--,--,--,82.6,--,163.4,88.4,87.6,session,"Session - Jun 8, 2026 3:49:35 PM",2026-06-08 03:49:35 PM 3:49:35 PM,00:19:58,,,,Enter Notes
2026-06-08 03:52:49 PM,87.8,77.7,109.6,63.9,30.02,-92,30.02,1.8,97.7,74.0,2089,--,--,--,82.4,--,164.9,88.2,87.6,session,"Session - Jun 8, 2026 3:49:35 PM",2026-06-08 03:49:35 PM 3:49:35 PM,00:19:58,,,,Enter Notes
2026-06-08 03:52:54 PM,87.9,77.7,109.5,63.9,30.02,-92,30.02,4.3,98.1,74.2,2096,--,--,--,82.5,--,164.3,88.3,87.8,session,"Session - Jun 8, 2026 3:49:35 PM",2026-06-08 03:49:35 PM 3:49:35 PM,00:19:58,,,,Enter Notes
2026-06-08 03:52:59 PM,87.7,77.5,109.5,64.3,30.02,-92,30.02,4.7,97.9,74.1,2079,--,--,--,82.5,--,164.7,88.3,87.6,session,"Session - Jun 8, 2026 3:49:35 PM",2026-06-08 03:49:35 PM 3:49:35 PM,00:19:58,,,,Enter Notes
2026-06-08 03:53:04 PM,87.5,77.4,109.1,64.4,30.02,-92,30.02,4.3,97.5,74.0,2066,--,--,--,82.4,--,165.3,88.2,87.4,session,"Session - Jun 8, 2026 3:49:35 PM",2026-06-08 03:49:35 PM 3:49:35 PM,00:19:58,,,,Enter Notes
2026-06-08 03:53:09 PM,88.1,78.3,109.1,64.7,30.03,-101,30.03,5.7,99.0,74.8,2111,--,--,--,82.4,--,165.7,88.2,88.0,session,"Session - Jun 8, 2026 3:49:35 PM",2026-06-08 03:49:35 PM 3:49:35 PM,00:19:58,,,,Enter Notes
2026-06-08 03:53:14 PM,87.3,77.2,109.0,64.5,30.02,-95,30.02,6.7,97.2,73.8,2046,--,--,--,82.4,--,166.4,88.2,87.3,session,"Session - Jun 8, 2026 3:49:35 PM",2026-06-08 03:49:35 PM 3:49:35 PM,00:19:58,,,,Enter Notes
2026-06-08 03:53:19 PM,87.1,77.2,109.0,64.2,30.02,-95,30.02,3.0,96.6,73.5,2041,--,--,--,82.4,--,166.8,88.1,87.1,session,"Session - Jun 8, 2026 3:49:35 PM",2026-06-08 03:49:35 PM 3:49:35 PM,00:19:58,,,,Enter Notes
2026-06-08 03:53:24 PM,87.2,77.2,109.0,64.0,30.02,-99,30.02,5.0,96.6,73.5,2039,--,--,--,82.4,--,167.2,88.1,87.1,session,"Session - Jun 8, 2026 3:49:35 PM",2026-06-08 03:49:35 PM 3:49:35 PM,00:19:58,,,,Enter Notes
2026-06-08 03:53:29 PM,87.5,77.4,108.9,64.2,30.02,-95,30.02,4.4,97.3,73.8,2061,--,--,--,82.4,--,167.5,88.1,87.4,session,"Session - Jun 8, 2026 3:49:35 PM",2026-06-08 03:49:35 PM 3:49:35 PM,00:19:58,,,,Enter Notes
2026-06-08 03:53:34 PM,87.3,77.2,108.8,64.3,30.02,-101,30.02,7.1,97.2,73.8,2046,--,--,--,82.4,--,168.1,88.1,87.3,session,"Session - Jun 8, 2026 3:49:35 PM",2026-06-08 03:49:35 PM 3:49:35 PM,00:19:58,,,,Enter Notes
2026-06-08 03:53:39 PM,86.5,76.6,108.8,64.3,30.02,-99,30.02,5.7,95.2,73.0,1991,--,--,--,82.4,--,168.6,88.1,86.4,session,"Session - Jun 8, 2026 3:49:35 PM",2026-06-08 03:49:35 PM 3:49:35 PM,00:19:58,,,,Enter Notes
2026-06-08 03:53:44 PM,86.6,76.8,108.7,64.5,30.02,-101,30.02,4.2,95.7,73.2,2004,--,--,--,82.2,--,169.3,87.9,86.5,session,"Session - Jun 8, 2026 3:49:35 PM",2026-06-08 03:49:35 PM 3:49:35 PM,00:19:58,,,,Enter Notes
2026-06-08 03:53:49 PM,86.7,77.0,108.7,64.6,30.03,-101,30.03,7.0,96.1,73.4,2006,--,--,--,82.2,--,169.8,87.9,86.7,session,"Session - Jun 8, 2026 3:49:35 PM",2026-06-08 03:49:35 PM 3:49:35 PM,00:19:58,,,,Enter Notes
2026-06-08 03:53:54 PM,87.6,77.7,108.6,64.8,30.02,-99,30.02,6.1,98.1,74.3,2081,--,--,--,82.4,--,169.3,88.0,87.6,session,"Session - Jun 8, 2026 3:49:35 PM",2026-06-08 03:49:35 PM 3:49:35 PM,00:19:58,,,,Enter Notes
2026-06-08 03:53:59 PM,88.2,78.4,108.6,65.0,30.01,-90,30.01,1.7,99.5,75.0,2134,--,--,--,82.3,--,169.7,88.0,88.2,session,"Session - Jun 8, 2026 3:49:35 PM",2026-06-08 03:49:35 PM 3:49:35 PM,00:19:58,,,,Enter Notes
2026-06-08 03:54:04 PM,88.5,78.6,108.3,64.9,30.02,-95,30.02,3.4,100.4,75.2,2146,--,--,--,82.3,--,170.0,87.9,88.5,session,"Session - Jun 8, 2026 3:49:35 PM",2026-06-08 03:49:35 PM 3:49:35 PM,00:19:58,,,,Enter Notes
2026-06-08 03:54:09 PM,87.8,77.7,108.2,64.7,30.02,-99,30.02,6.4,98.1,74.3,2089,--,--,--,82.3,--,170.5,87.9,87.6,session,"Session - Jun 8, 2026 3:49:35 PM",2026-06-08 03:49:35 PM 3:49:35 PM,00:19:58,,,,Enter Notes
2026-06-08 03:54:14 PM,87.7,77.5,108.2,64.1,30.02,-95,30.02,2.4,97.7,74.0,2081,--,--,--,82.1,--,172.1,87.7,87.6,session,"Session - Jun 8, 2026 3:49:35 PM",2026-06-08 03:49:35 PM 3:49:35 PM,00:19:58,,,,Enter Notes
2026-06-08 03:54:19 PM,87.6,77.4,108.1,63.9,30.03,-101,30.03,5.3,97.3,73.8,2064,--,--,--,81.9,--,173.5,87.6,87.4,session,"Session - Jun 8, 2026 3:49:35 PM",2026-06-08 03:49:35 PM 3:49:35 PM,00:19:58,,,,Enter Notes
2026-06-08 03:54:24 PM,87.3,77.2,108.0,63.8,30.02,-99,30.02,3.0,96.8,73.5,2049,--,--,--,81.9,--,174.0,87.5,87.3,session,"Session - Jun 8, 2026 3:49:35 PM",2026-06-08 03:49:35 PM 3:49:35 PM,00:19:58,,,,Enter Notes
2026-06-08 03:54:29 PM,87.7,77.5,107.8,63.8,30.02,-101,30.02,4.5,97.7,73.9,2076,--,--,--,81.8,--,174.2,87.5,87.6,session,"Session - Jun 8, 2026 3:49:35 PM",2026-06-08 03:49:35 PM 3:49:35 PM,00:19:58,,,,Enter Notes
2026-06-08 03:54:34 PM,87.9,77.7,107.7,63.8,30.03,-101,30.03,4.9,97.9,74.0,2084,--,--,--,81.8,--,174.7,87.4,87.8,session,"Session - Jun 8, 2026 3:49:35 PM",2026-06-08 03:49:35 PM 3:49:35 PM,00:19:58,,,,Enter Notes
2026-06-08 03:54:39 PM,87.9,77.7,107.7,63.8,30.03,-101,30.03,6.0,97.9,74.1,2086,--,--,--,81.8,--,175.1,87.4,87.8,session,"Session - Jun 8, 2026 3:49:35 PM",2026-06-08 03:49:35 PM 3:49:35 PM,00:19:58,,,,Enter Notes
2026-06-08 03:54:44 PM,87.9,77.7,107.6,63.7,30.03,-104,30.03,8.3,97.9,74.1,2089,--,--,--,81.8,--,175.6,87.4,87.8,session,"Session - Jun 8, 2026 3:49:35 PM",2026-06-08 03:49:35 PM 3:49:35 PM,00:19:58,,,,Enter Notes
2026-06-08 03:54:49 PM,87.9,77.5,107.6,63.6,30.03,-104,30.03,6.5,97.9,74.0,2086,--,--,--,81.8,--,176.1,87.4,87.8,session,"Session - Jun 8, 2026 3:49:35 PM",2026-06-08 03:49:35 PM 3:49:35 PM,00:19:58,,,,Enter Notes
2026-06-08 03:54:54 PM,87.2,76.8,107.6,63.5,30.03,-104,30.03,13.3,96.1,73.1,2019,--,--,--,81.7,--,177.0,87.4,86.9,session,"Session - Jun 8, 2026 3:49:35 PM",2026-06-08 03:49:35 PM 3:49:35 PM,00:19:58,,,,Enter Notes
2026-06-08 03:54:59 PM,86.9,76.8,107.5,63.5,30.02,-95,30.02,5.7,96.1,73.1,2021,--,--,--,81.6,--,178.5,87.2,86.9,session,"Session - Jun 8, 2026 3:49:35 PM",2026-06-08 03:49:35 PM 3:49:35 PM,00:19:58,,,,Enter Notes
2026-06-08 03:55:04 PM,87.0,76.8,107.5,63.8,30.01,-90,30.01,2.2,96.1,73.2,2031,--,--,--,81.7,--,177.8,87.3,86.9,session,"Session - Jun 8, 2026 3:49:35 PM",2026-06-08 03:49:35 PM 3:49:35 PM,00:19:58,,,,Enter Notes
2026-06-08 03:55:09 PM,87.4,77.4,107.4,64.0,30.01,-92,30.01,1.9,97.0,73.7,2061,--,--,--,81.9,--,176.8,87.4,87.3,session,"Session - Jun 8, 2026 3:49:35 PM",2026-06-08 03:49:35 PM 3:49:35 PM,00:19:58,,,,Enter Notes
2026-06-08 03:55:14 PM,87.2,77.2,107.4,64.1,30.02,-95,30.02,5.4,96.6,73.6,2044,--,--,--,81.9,--,177.2,87.4,87.1,session,"Session - Jun 8, 2026 3:49:35 PM",2026-06-08 03:49:35 PM 3:49:35 PM,00:19:58,,,,Enter Notes
2026-06-08 03:55:19 PM,87.3,77.2,107.1,64.2,30.02,-95,30.02,4.1,97.2,73.8,2054,--,--,--,81.8,--,177.5,87.3,87.3,session,"Session - Jun 8, 2026 3:49:35 PM",2026-06-08 03:49:35 PM 3:49:35 PM,00:19:58,,,,Enter Notes
2026-06-08 03:55:24 PM,87.0,77.2,107.1,64.5,30.02,-95,30.02,6.6,96.3,73.5,2026,--,--,--,81.8,--,178.0,87.3,86.9,session,"Session - Jun 8, 2026 3:49:35 PM",2026-06-08 03:49:35 PM 3:49:35 PM,00:19:58,,,,Enter Notes
2026-06-08 03:55:29 PM,86.6,76.8,107.0,64.5,30.01,-92,30.01,5.5,95.5,73.2,2004,--,--,--,81.8,--,178.3,87.3,86.5,session,"Session - Jun 8, 2026 3:49:35 PM",2026-06-08 03:49:35 PM 3:49:35 PM,00:19:58,,,,Enter Notes
2026-06-08 03:55:34 PM,87.0,77.2,107.0,64.7,30.01,-90,30.01,3.4,96.4,73.7,2039,--,--,--,81.8,--,178.7,87.3,86.9,session,"Session - Jun 8, 2026 3:49:35 PM",2026-06-08 03:49:35 PM 3:49:35 PM,00:19:58,,,,Enter Notes
2026-06-08 03:55:39 PM,87.4,77.7,107.0,65.2,30.01,-90,30.01,2.8,97.5,74.2,2071,--,--,--,82.0,--,177.6,87.4,87.3,session,"Session - Jun 8, 2026 3:49:35 PM",2026-06-08 03:49:35 PM 3:49:35 PM,00:19:58,,,,Enter Notes
2026-06-08 03:55:44 PM,87.9,78.3,106.7,65.3,30.01,-90,30.01,3.6,98.8,74.8,2109,--,--,--,82.0,--,177.4,87.4,87.8,session,"Session - Jun 8, 2026 3:49:35 PM",2026-06-08 03:49:35 PM 3:49:35 PM,00:19:58,,,,Enter Notes
2026-06-08 03:55:49 PM,88.2,78.6,106.7,65.5,30.01,-90,30.01,3.3,99.7,75.2,2136,--,--,--,82.0,--,177.6,87.4,88.2,session,"Session - Jun 8, 2026 3:49:35 PM",2026-06-08 03:49:35 PM 3:49:35 PM,00:19:58,,,,Enter Notes
2026-06-08 03:55:54 PM,88.2,78.6,106.6,65.7,30.01,-92,30.01,6.0,99.7,75.3,2139,--,--,--,82.2,--,176.5,87.5,88.2,session,"Session - Jun 8, 2026 3:49:35 PM",2026-06-08 03:49:35 PM 3:49:35 PM,00:19:58,,,,Enter Notes
2026-06-08 03:55:59 PM,87.1,77.5,106.6,65.5,30.01,-92,30.01,11.0,97.2,74.1,2049,--,--,--,82.2,--,177.0,87.5,87.1,session,"Session - Jun 8, 2026 3:49:35 PM",2026-06-08 03:49:35 PM 3:49:35 PM,00:19:58,,,,Enter Notes
2026-06-08 03:56:04 PM,87.1,77.5,106.6,65.2,30.01,-92,30.01,6.3,97.0,74.0,2049,--,--,--,82.0,--,178.6,87.4,87.1,session,"Session - Jun 8, 2026 3:49:35 PM",2026-06-08 03:49:35 PM 3:49:35 PM,00:19:58,,,,Enter Notes
2026-06-08 03:56:09 PM,87.8,78.1,106.6,65.2,30.02,-95,30.02,2.1,98.2,74.7,2094,--,--,--,82.0,--,178.6,87.4,87.6,session,"Session - Jun 8, 2026 3:49:35 PM",2026-06-08 03:49:35 PM 3:49:35 PM,00:19:58,,,,Enter Notes
2026-06-08 03:56:14 PM,88.1,78.3,106.6,65.0,30.02,-99,30.02,4.7,99.1,74.8,2111,--,--,--,82.0,--,178.5,87.4,88.0,session,"Session - Jun 8, 2026 3:49:35 PM",2026-06-08 03:49:35 PM 3:49:35 PM,00:19:58,,,,Enter Notes
2026-06-08 03:56:19 PM,88.1,78.1,106.6,64.7,30.02,-99,30.02,1.9,99.0,74.7,2119,--,--,--,82.0,--,178.5,87.4,88.0,session,"Session - Jun 8, 2026 3:49:35 PM",2026-06-08 03:49:35 PM 3:49:35 PM,00:19:58,,,,Enter Notes
2026-06-08 03:56:24 PM,88.9,78.8,106.6,64.3,30.02,-99,30.02,0.9,101.1,75.3,2166,--,--,--,81.8,--,179.4,87.2,88.9,session,"Session - Jun 8, 2026 3:49:35 PM",2026-06-08 03:49:35 PM 3:49:35 PM,00:19:58,,,,Enter Notes
2026-06-08 03:56:29 PM,89.5,79.3,106.4,63.9,30.02,-99,30.02,2.2,102.6,75.7,2211,--,--,--,81.8,--,179.1,87.2,89.4,session,"Session - Jun 8, 2026 3:49:35 PM",2026-06-08 03:49:35 PM 3:49:35 PM,00:19:58,,,,Enter Notes
2026-06-08 03:56:34 PM,90.0,79.5,106.4,63.5,30.02,-99,30.02,1.8,103.6,75.9,2239,--,--,--,81.4,--,180.9,86.9,90.0,session,"Session - Jun 8, 2026 3:49:35 PM",2026-06-08 03:49:35 PM 3:49:35 PM,00:19:58,,,,Enter Notes
2026-06-08 03:56:39 PM,89.9,79.2,106.4,63.0,30.02,-99,30.02,4.4,102.7,75.5,2229,--,--,--,81.4,--,180.7,86.9,89.8,session,"Session - Jun 8, 2026 3:49:35 PM",2026-06-08 03:49:35 PM 3:49:35 PM,00:19:58,,,,Enter Notes
2026-06-08 03:56:44 PM,89.2,78.4,106.4,62.5,30.02,-101,30.02,4.6,100.8,74.7,2181,--,--,--,81.2,--,181.5,86.8,89.1,session,"Session - Jun 8, 2026 3:49:35 PM",2026-06-08 03:49:35 PM 3:49:35 PM,00:19:58,,,,Enter Notes
2026-06-08 03:56:49 PM,88.8,77.9,106.7,62.3,30.02,-101,30.02,8.5,99.5,74.1,2139,--,--,--,81.1,--,182.6,86.8,88.7,session,"Session - Jun 8, 2026 3:49:35 PM",2026-06-08 03:49:35 PM 3:49:35 PM,00:19:58,,,,Enter Notes
2026-06-08 03:56:54 PM,87.7,77.0,106.7,62.0,30.02,-99,30.02,10.5,96.8,73.0,2064,--,--,--,81.1,--,182.7,86.8,87.6,session,"Session - Jun 8, 2026 3:49:35 PM",2026-06-08 03:49:35 PM 3:49:35 PM,00:19:58,,,,Enter Notes
2026-06-08 03:56:59 PM,87.8,77.0,106.8,61.8,30.02,-101,30.02,7.0,96.6,73.0,2069,--,--,--,81.1,--,182.7,86.8,87.6,session,"Session - Jun 8, 2026 3:49:35 PM",2026-06-08 03:49:35 PM 3:49:35 PM,00:19:58,,,,Enter Notes
2026-06-08 03:57:04 PM,88.4,77.5,107.0,61.9,30.02,-101,30.02,6.9,98.6,73.7,2116,--,--,--,81.2,--,182.6,86.9,88.3,session,"Session - Jun 8, 2026 3:49:35 PM",2026-06-08 03:49:35 PM 3:49:35 PM,00:19:58,,,,Enter Notes
2026-06-08 03:57:09 PM,89.0,78.3,107.1,62.4,30.02,-92,30.02,4.5,100.2,74.5,2166,--,--,--,81.2,--,182.4,86.9,88.9,session,"Session - Jun 8, 2026 3:49:35 PM",2026-06-08 03:49:35 PM 3:49:35 PM,00:19:58,,,,Enter Notes
2026-06-08 03:57:14 PM,88.3,77.7,107.1,62.9,30.01,-92,30.01,8.4,99.0,74.1,2126,--,--,--,81.6,--,179.9,87.2,88.3,session,"Session - Jun 8, 2026 3:49:35 PM",2026-06-08 03:49:35 PM 3:49:35 PM,00:19:58,,,,Enter Notes
2026-06-08 03:57:19 PM,87.6,77.0,107.1,62.5,30.02,-101,30.02,5.0,97.0,73.3,2064,--,--,--,81.4,--,180.9,87.1,87.6,session,"Session - Jun 8, 2026 3:49:35 PM",2026-06-08 03:49:35 PM 3:49:35 PM,00:19:58,,,,Enter Notes
2026-06-08 03:57:24 PM,87.2,76.6,107.2,62.4,30.02,-99,30.02,4.3,95.9,72.8,2034,--,--,--,81.2,--,181.8,87.0,87.1,session,"Session - Jun 8, 2026 3:49:35 PM",2026-06-08 03:49:35 PM 3:49:35 PM,00:19:58,,,,Enter Notes
2026-06-08 03:57:29 PM,87.8,77.2,107.2,62.5,30.02,-99,30.02,4.6,97.3,73.4,2081,--,--,--,81.4,--,180.7,87.1,87.8,session,"Session - Jun 8, 2026 3:49:35 PM",2026-06-08 03:49:35 PM 3:49:35 PM,00:19:58,,,,Enter Notes
2026-06-08 03:57:34 PM,88.2,77.5,107.0,62.6,30.01,-92,30.01,2.9,98.4,73.8,2116,--,--,--,81.6,--,180.4,87.2,88.2,session,"Session - Jun 8, 2026 3:49:35 PM",2026-06-08 03:49:35 PM 3:49:35 PM,00:19:58,,,,Enter Notes
2026-06-08 03:57:39 PM,88.3,77.7,107.0,62.8,30.02,-101,30.02,4.2,98.4,74.0,2114,--,--,--,81.8,--,179.2,87.3,88.2,session,"Session - Jun 8, 2026 3:49:35 PM",2026-06-08 03:49:35 PM 3:49:35 PM,00:19:58,,,,Enter Notes
2026-06-08 03:57:44 PM,88.2,77.5,107.0,62.7,30.01,-92,30.01,1.9,98.2,73.9,2119,--,--,--,81.6,--,180.1,87.2,88.2,session,"Session - Jun 8, 2026 3:49:35 PM",2026-06-08 03:49:35 PM 3:49:35 PM,00:19:58,,,,Enter Notes
2026-06-08 03:57:49 PM,87.8,77.2,107.0,62.4,30.02,-101,30.02,4.3,97.3,73.4,2074,--,--,--,81.6,--,180.0,87.2,87.8,session,"Session - Jun 8, 2026 3:49:35 PM",2026-06-08 03:49:35 PM 3:49:35 PM,00:19:58,,,,Enter Notes
2026-06-08 03:57:54 PM,87.9,77.4,107.0,62.4,30.02,-99,30.02,5.0,97.3,73.5,2084,--,--,--,81.6,--,180.0,87.2,87.8,session,"Session - Jun 8, 2026 3:49:35 PM",2026-06-08 03:49:35 PM 3:49:35 PM,00:19:58,,,,Enter Notes
2026-06-08 03:57:59 PM,87.9,77.4,107.0,62.5,30.03,-104,30.03,9.4,97.3,73.5,2086,--,--,--,81.6,--,180.1,87.2,87.8,session,"Session - Jun 8, 2026 3:49:35 PM",2026-06-08 03:49:35 PM 3:49:35 PM,00:19:58,,,,Enter Notes
2026-06-08 03:58:04 PM,87.1,76.5,106.7,62.5,30.03,-104,30.03,7.2,95.9,72.7,2024,--,--,--,81.7,--,180.6,87.2,87.1,session,"Session - Jun 8, 2026 3:49:35 PM",2026-06-08 03:49:35 PM 3:49:35 PM,00:19:58,,,,Enter Notes
2026-06-08 03:58:09 PM,87.1,76.6,107.0,62.7,30.02,-95,30.02,3.9,95.9,72.8,2031,--,--,--,81.6,--,180.1,87.2,87.1,session,"Session - Jun 8, 2026 3:49:35 PM",2026-06-08 03:49:35 PM 3:49:35 PM,00:19:58,,,,Enter Notes
2026-06-08 03:58:14 PM,87.2,76.8,107.0,62.8,30.02,-95,30.02,4.0,96.1,73.0,2039,--,--,--,81.6,--,180.2,87.2,87.1,session,"Session - Jun 8, 2026 3:49:35 PM",2026-06-08 03:49:35 PM 3:49:35 PM,00:19:58,,,,Enter Notes
2026-06-08 03:58:19 PM,88.1,77.5,107.0,63.2,30.02,-92,30.02,3.5,98.2,74.0,2104,--,--,--,81.6,--,180.2,87.2,88.0,session,"Session - Jun 8, 2026 3:49:35 PM",2026-06-08 03:49:35 PM 3:49:35 PM,00:19:58,,,,Enter Notes
2026-06-08 03:58:24 PM,88.5,78.1,106.9,63.4,30.02,-92,30.02,5.0,99.9,74.5,2139,--,--,--,81.8,--,179.1,87.3,88.5,session,"Session - Jun 8, 2026 3:49:35 PM",2026-06-08 03:49:35 PM 3:49:35 PM,00:19:58,,,,Enter Notes
2026-06-08 03:58:29 PM,88.4,78.1,106.9,63.7,30.01,-92,30.01,4.5,99.3,74.5,2136,--,--,--,81.8,--,179.1,87.3,88.3,session,"Session - Jun 8, 2026 3:49:35 PM",2026-06-08 03:49:35 PM 3:49:35 PM,00:19:58,,,,Enter Notes
2026-06-08 03:58:34 PM,87.6,77.4,106.9,63.7,30.01,-90,30.01,2.2,97.2,73.7,2079,--,--,--,81.8,--,179.2,87.3,87.4,session,"Session - Jun 8, 2026 3:49:35 PM",2026-06-08 03:49:35 PM 3:49:35 PM,00:19:58,,,,Enter Notes
2026-06-08 03:58:39 PM,87.5,77.2,106.9,63.6,30.01,-90,30.01,4.5,97.2,73.6,2076,--,--,--,81.8,--,179.1,87.3,87.4,session,"Session - Jun 8, 2026 3:49:35 PM",2026-06-08 03:49:35 PM 3:49:35 PM,00:19:58,,,,Enter Notes
2026-06-08 03:58:44 PM,87.4,77.2,106.9,63.7,30.01,-90,30.01,4.2,97.2,73.6,2066,--,--,--,81.8,--,179.2,87.3,87.4,session,"Session - Jun 8, 2026 3:49:35 PM",2026-06-08 03:49:35 PM 3:49:35 PM,00:19:58,,,,Enter Notes
2026-06-08 03:58:49 PM,88.1,78.1,106.7,64.0,30.01,-90,30.01,2.3,98.6,74.4,2114,--,--,--,81.7,--,179.1,87.2,88.0,session,"Session - Jun 8, 2026 3:49:35 PM",2026-06-08 03:49:35 PM 3:49:35 PM,00:19:58,,,,Enter Notes
2026-06-08 03:58:54 PM,88.8,78.8,106.7,64.3,30.01,-90,30.01,1.6,100.8,75.2,2166,--,--,--,81.9,--,177.7,87.4,88.7,session,"Session - Jun 8, 2026 3:49:35 PM",2026-06-08 03:49:35 PM 3:49:35 PM,00:19:58,,,,Enter Notes
2026-06-08 03:58:59 PM,89.2,79.0,106.7,64.3,30.01,-90,30.01,2.0,101.7,75.5,2196,--,--,--,82.1,--,176.3,87.5,89.1,session,"Session - Jun 8, 2026 3:49:35 PM",2026-06-08 03:49:35 PM 3:49:35 PM,00:19:58,,,,Enter Notes
2026-06-08 03:59:04 PM,89.2,79.0,106.7,63.9,30.02,-92,30.02,3.5,101.5,75.3,2189,--,--,--,81.9,--,177.2,87.4,89.1,session,"Session - Jun 8, 2026 3:49:35 PM",2026-06-08 03:49:35 PM 3:49:35 PM,00:19:58,,,,Enter Notes
2026-06-08 03:59:09 PM,88.9,78.4,106.7,63.4,30.02,-101,30.02,5.1,100.6,74.8,2156,--,--,--,81.8,--,178.2,87.3,88.9,session,"Session - Jun 8, 2026 3:49:35 PM",2026-06-08 03:49:35 PM 3:49:35 PM,00:19:58,,,,Enter Notes
2026-06-08 03:59:14 PM,88.5,77.9,106.7,62.8,30.02,-99,30.02,3.2,98.8,74.1,2129,--,--,--,81.6,--,179.2,87.1,88.3,session,"Session - Jun 8, 2026 3:49:35 PM",2026-06-08 03:49:35 PM 3:49:35 PM,00:19:58,,,,Enter Notes
2026-06-08 03:59:19 PM,89.2,78.4,106.8,62.4,30.02,-101,30.02,3.9,100.6,74.7,2174,--,--,--,81.6,--,178.8,87.2,89.1,session,"Session - Jun 8, 2026 3:49:35 PM",2026-06-08 03:49:35 PM 3:49:35 PM,00:19:58,,,,Enter Notes
2026-06-08 03:59:24 PM,88.7,77.9,106.8,62.1,30.02,-99,30.02,4.3,99.5,74.0,2144,--,--,--,81.4,--,179.6,87.0,88.7,session,"Session - Jun 8, 2026 3:49:35 PM",2026-06-08 03:49:35 PM 3:49:35 PM,00:19:58,,,,Enter Notes
2026-06-08 03:59:29 PM,88.6,77.7,107.0,62.0,30.02,-99,30.02,6.4,99.0,73.9,2134,--,--,--,81.5,--,179.4,87.1,88.5,session,"Session - Jun 8, 2026 3:49:35 PM",2026-06-08 03:49:35 PM 3:49:35 PM,00:19:58,,,,Enter Notes
2026-06-08 03:59:35 PM,87.6,77.0,107.1,62.0,30.02,-95,30.02,5.1,96.8,73.0,2061,--,--,--,81.5,--,179.2,87.2,87.6,session,"Session - Jun 8, 2026 3:49:35 PM",2026-06-08 03:49:35 PM 3:49:35 PM,00:19:58,,,,Enter Notes
2026-06-08 03:59:39 PM,87.7,77.0,107.1,62.3,30.02,-95,30.02,2.0,97.0,73.2,2071,--,--,--,81.5,--,178.9,87.2,87.6,session,"Session - Jun 8, 2026 3:49:35 PM",2026-06-08 03:49:35 PM 3:49:35 PM,00:19:58,,,,Enter Notes
2026-06-08 03:59:45 PM,88.1,77.4,107.2,62.9,30.02,-99,30.02,1.7,98.1,73.8,2099,--,--,--,81.7,--,177.2,87.3,88.0,session,"Session - Jun 8, 2026 3:49:35 PM",2026-06-08 03:49:35 PM 3:49:35 PM,00:19:58,,,,Enter Notes
2026-06-08 03:59:50 PM,88.5,78.1,107.2,63.0,30.02,-95,30.02,2.4,99.1,74.3,2134,--,--,--,81.7,--,176.7,87.3,88.3,session,"Session - Jun 8, 2026 3:49:35 PM",2026-06-08 03:49:35 PM 3:49:35 PM,00:19:58,,,,Enter Notes
2026-06-08 03:59:55 PM,88.6,78.1,107.2,63.0,30.02,-95,30.02,1.7,99.7,74.4,2136,--,--,--,81.7,--,176.1,87.3,88.5,session,"Session - Jun 8, 2026 3:49:35 PM",2026-06-08 03:49:35 PM 3:49:35 PM,00:19:58,,,,Enter Notes
2026-06-08 04:00:00 PM,89.3,78.6,107.3,63.0,30.02,-95,30.02,1.1,101.5,75.0,2194,--,--,--,81.7,--,175.6,87.3,89.2,session,"Session - Jun 8, 2026 3:49:35 PM",2026-06-08 03:49:35 PM 3:49:35 PM,00:19:58,,,,Enter Notes
2026-06-08 04:00:05 PM,89.9,79.2,107.3,62.9,30.01,-92,30.01,1.6,102.7,75.6,2241,--,--,--,81.7,--,174.8,87.4,89.8,session,"Session - Jun 8, 2026 3:49:35 PM",2026-06-08 03:49:35 PM 3:49:35 PM,00:19:58,,,,Enter Notes
2026-06-08 04:00:09 PM,90.7,79.9,107.4,62.8,30.01,-90,30.01,1.0,105.3,76.2,2299,--,--,--,81.9,--,173.5,87.5,90.7,session,"Session - Jun 8, 2026 3:49:35 PM",2026-06-08 03:49:35 PM 3:49:35 PM,00:19:58,,,,Enter Notes
2026-06-08 04:00:14 PM,91.1,80.1,107.0,62.5,30.01,-90,30.01,1.9,106.0,76.4,2321,--,--,--,81.9,--,173.3,87.5,91.0,session,"Session - Jun 8, 2026 3:49:35 PM",2026-06-08 03:49:35 PM 3:49:35 PM,00:19:58,,,,Enter Notes
2026-06-08 04:00:20 PM,90.8,79.7,107.0,62.0,30.02,-95,30.02,2.2,104.7,75.9,2294,--,--,--,81.7,--,174.0,87.3,90.7,session,"Session - Jun 8, 2026 3:49:35 PM",2026-06-08 03:49:35 PM 3:49:35 PM,00:19:58,,,,Enter Notes
2026-06-08 04:00:25 PM,89.7,78.4,107.3,61.6,30.02,-95,30.02,4.5,101.7,74.7,2216,--,--,--,81.6,--,174.6,87.3,89.6,session,"Session - Jun 8, 2026 3:49:35 PM",2026-06-08 03:49:35 PM 3:49:35 PM,00:19:58,,,,Enter Notes
2026-06-08 04:00:29 PM,88.6,77.5,107.4,61.4,30.02,-99,30.02,6.9,98.6,73.6,2126,--,--,--,81.6,--,174.4,87.3,88.5,session,"Session - Jun 8, 2026 3:49:35 PM",2026-06-08 03:49:35 PM 3:49:35 PM,00:19:58,,,,Enter Notes
2026-06-08 04:00:35 PM,88.2,77.4,107.5,61.5,30.02,-99,30.02,6.6,97.9,73.3,2106,--,--,--,81.6,--,174.2,87.4,88.2,session,"Session - Jun 8, 2026 3:49:35 PM",2026-06-08 03:49:35 PM 3:49:35 PM,00:19:58,,,,Enter Notes
2026-06-08 04:00:39 PM,88.3,77.5,107.7,61.9,30.02,-95,30.02,5.1,98.6,73.6,2114,--,--,--,81.7,--,174.0,87.5,88.3,session,"Session - Jun 8, 2026 3:49:35 PM",2026-06-08 03:49:35 PM 3:49:35 PM,00:19:58,,,,Enter Notes
2026-06-08 04:00:44 PM,88.1,77.4,107.8,62.3,30.02,-99,30.02,4.1,97.7,73.6,2096,--,--,--,82.1,--,171.7,87.8,88.0,session,"Session - Jun 8, 2026 3:49:35 PM",2026-06-08 03:49:35 PM 3:49:35 PM,00:19:58,,,,Enter Notes
2026-06-08 04:00:49 PM,88.2,77.4,107.9,62.2,30.02,-99,30.02,7.5,98.1,73.6,2099,--,--,--,82.1,--,171.8,87.8,88.2,session,"Session - Jun 8, 2026 3:49:35 PM",2026-06-08 03:49:35 PM 3:49:35 PM,00:19:58,,,,Enter Notes
2026-06-08 04:00:54 PM,88.2,77.5,107.9,62.3,30.02,-92,30.02,2.7,98.2,73.8,2111,--,--,--,82.1,--,171.6,87.8,88.2,session,"Session - Jun 8, 2026 3:49:35 PM",2026-06-08 03:49:35 PM 3:49:35 PM,00:19:58,,,,Enter Notes
2026-06-08 04:00:59 PM,88.8,78.3,107.9,62.6,30.02,-101,30.02,2.6,99.7,74.4,2149,--,--,--,82.1,--,171.2,87.8,88.7,session,"Session - Jun 8, 2026 3:49:35 PM",2026-06-08 03:49:35 PM 3:49:35 PM,00:19:58,,,,Enter Notes
2026-06-08 04:01:04 PM,89.3,78.6,108.0,62.6,30.02,-101,30.02,6.0,101.3,74.8,2186,--,--,--,82.1,--,170.8,87.8,89.2,session,"Session - Jun 8, 2026 3:49:35 PM",2026-06-08 03:49:35 PM 3:49:35 PM,00:19:58,,,,Enter Notes
2026-06-08 04:01:09 PM,88.7,77.9,108.0,62.4,30.02,-101,30.02,3.4,99.5,74.2,2139,--,--,--,82.1,--,170.8,87.8,88.7,session,"Session - Jun 8, 2026 3:49:35 PM",2026-06-08 03:49:35 PM 3:49:35 PM,00:19:58,,,,Enter Notes
2026-06-08 04:01:14 PM,89.2,78.3,108.0,62.1,30.02,-101,30.02,5.3,100.4,74.5,2171,--,--,--,82.1,--,170.6,87.8,89.1,session,"Session - Jun 8, 2026 3:49:35 PM",2026-06-08 03:49:35 PM 3:49:35 PM,00:19:58,,,,Enter Notes
2026-06-08 04:01:19 PM,89.4,78.4,108.0,62.1,30.02,-95,30.02,2.7,101.5,74.7,2196,--,--,--,82.1,--,170.4,87.8,89.4,session,"Session - Jun 8, 2026 3:49:35 PM",2026-06-08 03:49:35 PM 3:49:35 PM,00:19:58,,,,Enter Notes
2026-06-08 04:01:24 PM,88.8,77.9,108.0,62.2,30.01,-90,30.01,7.5,99.5,74.1,2151,--,--,--,82.1,--,170.3,87.9,88.7,session,"Session - Jun 8, 2026 3:49:35 PM",2026-06-08 03:49:35 PM 3:49:35 PM,00:19:58,,,,Enter Notes
2026-06-08 04:01:29 PM,88.1,77.4,108.3,62.1,30.02,-95,30.02,4.6,97.7,73.5,2101,--,--,--,82.2,--,170.3,87.9,88.0,session,"Session - Jun 8, 2026 3:49:35 PM",2026-06-08 03:49:35 PM 3:49:35 PM,00:19:58,,,,Enter Notes
2026-06-08 04:01:34 PM,88.8,78.1,108.3,62.2,30.02,-101,30.02,2.2,99.7,74.3,2146,--,--,--,82.2,--,170.2,87.9,88.7,session,"Session - Jun 8, 2026 3:49:35 PM",2026-06-08 03:49:35 PM 3:49:35 PM,00:19:58,,,,Enter Notes
2026-06-08 04:01:39 PM,88.7,78.1,108.1,62.5,30.02,-101,30.02,2.7,99.7,74.2,2139,--,--,--,82.3,--,169.8,88.0,88.7,session,"Session - Jun 8, 2026 3:49:35 PM",2026-06-08 03:49:35 PM 3:49:35 PM,00:19:58,,,,Enter Notes
2026-06-08 04:01:44 PM,88.4,77.7,107.9,62.5,30.02,-99,30.02,7.0,98.8,73.9,2116,--,--,--,82.3,--,169.8,88.0,88.3,session,"Session - Jun 8, 2026 3:49:35 PM",2026-06-08 03:49:35 PM 3:49:35 PM,00:19:58,,,,Enter Notes
2026-06-08 04:01:50 PM,87.3,76.6,108.1,62.2,30.02,-95,30.02,4.3,96.1,72.8,2041,--,--,--,82.1,--,170.4,87.9,87.3,session,"Session - Jun 8, 2026 3:49:35 PM",2026-06-08 03:49:35 PM 3:49:35 PM,00:19:58,,,,Enter Notes
2026-06-08 04:01:55 PM,87.5,77.0,108.3,62.1,30.02,-101,30.02,3.3,96.4,73.0,2054,--,--,--,81.9,--,171.1,87.7,87.4,session,"Session - Jun 8, 2026 3:49:35 PM",2026-06-08 03:49:35 PM 3:49:35 PM,00:19:58,,,,Enter Notes
2026-06-08 04:01:59 PM,87.3,76.6,108.6,62.2,30.02,-101,30.02,6.1,96.1,72.7,2034,--,--,--,82.1,--,170.1,87.9,87.3,session,"Session - Jun 8, 2026 3:49:35 PM",2026-06-08 03:49:35 PM 3:49:35 PM,00:19:58,,,,Enter Notes
2026-06-08 04:02:04 PM,87.1,76.5,108.6,62.3,30.02,-99,30.02,6.2,95.9,72.7,2026,--,--,--,82.0,--,170.5,87.8,87.1,session,"Session - Jun 8, 2026 3:49:35 PM",2026-06-08 03:49:35 PM 3:49:35 PM,00:19:58,,,,Enter Notes
2026-06-08 04:02:10 PM,87.6,77.0,108.6,62.7,30.02,-95,30.02,4.7,97.0,73.3,2066,--,--,--,82.0,--,170.5,87.8,87.6,session,"Session - Jun 8, 2026 3:49:35 PM",2026-06-08 03:49:35 PM 3:49:35 PM,00:19:58,,,,Enter Notes
2026-06-08 04:02:15 PM,87.7,77.4,108.5,62.9,30.02,-95,30.02,2.3,97.2,73.5,2074,--,--,--,82.2,--,169.4,87.9,87.6,session,"Session - Jun 8, 2026 3:49:35 PM",2026-06-08 03:49:35 PM 3:49:35 PM,00:19:58,,,,Enter Notes
2026-06-08 04:02:19 PM,87.8,77.4,108.5,63.2,30.02,-95,30.02,5.5,97.7,73.8,2084,--,--,--,82.2,--,169.5,87.9,87.8,session,"Session - Jun 8, 2026 3:49:35 PM",2026-06-08 03:49:35 PM 3:49:35 PM,00:19:58,,,,Enter Notes
2026-06-08 04:02:25 PM,87.2,77.0,108.5,63.2,30.03,-104,30.03,7.8,96.3,73.2,2034,--,--,--,82.2,--,170.0,87.9,87.1,session,"Session - Jun 8, 2026 3:49:35 PM",2026-06-08 03:49:35 PM 3:49:35 PM,00:19:58,,,,Enter Notes
2026-06-08 04:02:29 PM,87.1,76.8,108.7,63.1,30.03,-104,30.03,6.5,95.9,73.0,2019,--,--,--,82.2,--,170.1,88.0,86.9,session,"Session - Jun 8, 2026 3:49:35 PM",2026-06-08 03:49:35 PM 3:49:35 PM,00:19:58,,,,Enter Notes
2026-06-08 04:02:34 PM,87.4,77.2,108.7,63.2,30.02,-99,30.02,2.8,97.0,73.4,2054,--,--,--,82.2,--,170.3,88.0,87.4,session,"Session - Jun 8, 2026 3:49:35 PM",2026-06-08 03:49:35 PM 3:49:35 PM,00:19:58,,,,Enter Notes
2026-06-08 04:02:39 PM,87.9,77.5,108.4,63.4,30.03,-101,30.03,3.5,97.7,73.9,2081,--,--,--,82.1,--,170.4,87.9,87.8,session,"Session - Jun 8, 2026 3:49:35 PM",2026-06-08 03:49:35 PM 3:49:35 PM,00:19:58,,,,Enter Notes
2026-06-08 04:02:44 PM,88.3,78.1,108.4,63.4,30.03,-101,30.03,3.5,98.6,74.3,2111,--,--,--,82.1,--,170.7,87.9,88.2,session,"Session - Jun 8, 2026 3:49:35 PM",2026-06-08 03:49:35 PM 3:49:35 PM,00:19:58,,,,Enter Notes
2026-06-08 04:02:49 PM,88.1,77.5,108.4,63.3,30.02,-95,30.02,5.6,98.2,74.0,2104,--,--,--,82.1,--,170.9,87.9,88.0,session,"Session - Jun 8, 2026 3:49:35 PM",2026-06-08 03:49:35 PM 3:49:35 PM,00:19:58,,,,Enter Notes
2026-06-08 04:02:55 PM,87.6,77.4,108.3,63.1,30.03,-101,30.03,7.6,97.3,73.5,2061,--,--,--,82.1,--,171.5,87.9,87.6,session,"Session - Jun 8, 2026 3:49:35 PM",2026-06-08 03:49:35 PM 3:49:35 PM,00:19:58,,,,Enter Notes
2026-06-08 04:02:59 PM,86.7,76.5,108.3,63.1,30.03,-104,30.03,10.1,95.4,72.7,1994,--,--,--,82.1,--,172.0,87.8,86.7,session,"Session - Jun 8, 2026 3:49:35 PM",2026-06-08 03:49:35 PM 3:49:35 PM,00:19:58,,,,Enter Notes
2026-06-08 04:03:04 PM,86.6,76.5,108.7,63.2,30.02,-99,30.02,6.4,95.0,72.6,1991,--,--,--,82.0,--,171.7,87.8,86.5,session,"Session - Jun 8, 2026 3:49:35 PM",2026-06-08 03:49:35 PM 3:49:35 PM,00:19:58,,,,Enter Notes
2026-06-08 04:03:10 PM,86.9,76.8,108.6,63.5,30.02,-99,30.02,7.2,96.1,73.0,2016,--,--,--,82.0,--,172.0,87.8,86.9,session,"Session - Jun 8, 2026 3:49:35 PM",2026-06-08 03:49:35 PM 3:49:35 PM,00:19:58,,,,Enter Notes
2026-06-08 04:03:14 PM,87.0,76.8,108.6,63.7,30.02,-99,30.02,5.4,96.1,73.2,2029,--,--,--,82.0,--,172.7,87.7,86.9,session,"Session - Jun 8, 2026 3:49:35 PM",2026-06-08 03:49:35 PM 3:49:35 PM,00:19:58,,,,Enter Notes
2026-06-08 04:03:19 PM,87.2,77.2,108.6,63.9,30.02,-99,30.02,3.1,96.6,73.5,2039,--,--,--,82.1,--,171.9,87.9,87.1,session,"Session - Jun 8, 2026 3:49:35 PM",2026-06-08 03:49:35 PM 3:49:35 PM,00:19:58,,,,Enter Notes
2026-06-08 04:03:24 PM,87.4,77.4,108.5,64.1,30.02,-95,30.02,2.1,97.3,73.8,2059,--,--,--,82.1,--,172.3,87.8,87.4,session,"Session - Jun 8, 2026 3:49:35 PM",2026-06-08 03:49:35 PM 3:49:35 PM,00:19:58,,,,Enter Notes
2026-06-08 04:03:29 PM,87.9,77.9,108.2,64.3,30.02,-99,30.02,3.7,98.2,74.3,2089,--,--,--,82.1,--,172.5,87.7,87.8,session,"Session - Jun 8, 2026 3:49:35 PM",2026-06-08 03:49:35 PM 3:49:35 PM,00:19:58,,,,Enter Notes
2026-06-08 04:03:34 PM,87.9,77.9,108.1,64.3,30.03,-104,30.03,3.6,98.2,74.4,2089,--,--,--,82.2,--,171.8,87.8,87.8,session,"Session - Jun 8, 2026 3:49:35 PM",2026-06-08 03:49:35 PM 3:49:35 PM,00:19:58,,,,Enter Notes
2026-06-08 04:03:39 PM,88.0,77.9,108.1,64.1,30.03,-101,30.03,2.3,98.6,74.3,2096,--,--,--,82.0,--,173.3,87.7,88.0,session,"Session - Jun 8, 2026 3:49:35 PM",2026-06-08 03:49:35 PM 3:49:35 PM,00:19:58,,,,Enter Notes
2026-06-08 04:03:44 PM,89.0,78.8,108.0,63.8,30.03,-101,30.03,1.4,100.8,75.1,2171,--,--,--,82.0,--,173.4,87.7,88.9,session,"Session - Jun 8, 2026 3:49:35 PM",2026-06-08 03:49:35 PM 3:49:35 PM,00:19:58,,,,Enter Notes
2026-06-08 04:03:49 PM,89.8,79.3,107.8,63.3,30.02,-95,30.02,2.2,103.1,75.7,2231,--,--,--,81.8,--,174.6,87.5,89.8,session,"Session - Jun 8, 2026 3:49:35 PM",2026-06-08 03:49:35 PM 3:49:35 PM,00:19:58,,,,Enter Notes
2026-06-08 04:03:54 PM,89.0,78.4,107.8,63.0,30.02,-92,30.02,5.5,100.4,74.7,2171,--,--,--,81.6,--,175.9,87.3,88.9,session,"Session - Jun 8, 2026 3:49:35 PM",2026-06-08 03:49:35 PM 3:49:35 PM,00:19:58,,,,Enter Notes
2026-06-08 04:03:59 PM,87.8,77.2,107.8,62.5,30.02,-99,30.02,4.1,97.3,73.4,2071,--,--,--,81.4,--,177.1,87.2,87.8,session,"Session - Jun 8, 2026 3:49:35 PM",2026-06-08 03:49:35 PM 3:49:35 PM,00:19:58,,,,Enter Notes
2026-06-08 04:04:05 PM,87.7,77.0,107.7,62.4,30.02,-101,30.02,6.4,97.0,73.2,2064,--,--,--,81.4,--,177.3,87.2,87.6,session,"Session - Jun 8, 2026 3:49:35 PM",2026-06-08 03:49:35 PM 3:49:35 PM,00:19:58,,,,Enter Notes
2026-06-08 04:04:09 PM,87.7,77.2,107.7,62.6,30.01,-92,30.01,3.8,97.0,73.3,2079,--,--,--,81.4,--,177.4,87.2,87.6,session,"Session - Jun 8, 2026 3:49:35 PM",2026-06-08 03:49:35 PM 3:49:35 PM,00:19:58,,,,Enter Notes
2026-06-08 04:04:14 PM,87.4,77.0,107.7,62.8,30.01,-90,30.01,6.0,96.4,73.2,2064,--,--,--,81.6,--,176.3,87.3,87.3,session,"Session - Jun 8, 2026 3:49:35 PM",2026-06-08 03:49:35 PM 3:49:35 PM,00:19:58,,,,Enter Notes
2026-06-08 04:04:19 PM,87.9,77.4,107.7,63.0,30.02,-101,30.02,2.3,97.7,73.7,2081,--,--,--,81.6,--,176.3,87.3,87.8,session,"Session - Jun 8, 2026 3:49:35 PM",2026-06-08 03:49:35 PM 3:49:35 PM,00:19:58,,,,Enter Notes
2026-06-08 04:04:24 PM,87.9,77.4,107.7,63.1,30.02,-99,30.02,4.8,97.7,73.8,2089,--,--,--,81.8,--,175.0,87.4,87.8,session,"Session - Jun 8, 2026 3:49:35 PM",2026-06-08 03:49:35 PM 3:49:35 PM,00:19:58,,,,Enter Notes
2026-06-08 04:04:29 PM,87.4,77.0,107.7,62.9,30.02,-101,30.02,7.0,96.4,73.2,2046,--,--,--,81.6,--,176.3,87.3,87.3,session,"Session - Jun 8, 2026 3:49:35 PM",2026-06-08 03:49:35 PM 3:49:35 PM,00:19:58,,,,Enter Notes
2026-06-08 04:04:34 PM,87.1,76.6,107.7,62.9,30.02,-95,30.02,5.2,96.1,72.9,2029,--,--,--,81.6,--,176.5,87.3,87.1,session,"Session - Jun 8, 2026 3:49:35 PM",2026-06-08 03:49:35 PM 3:49:35 PM,00:19:58,,,,Enter Notes
2026-06-08 04:04:39 PM,87.8,77.5,107.7,63.1,30.01,-92,30.01,2.1,98.2,73.9,2101,--,--,--,81.6,--,176.4,87.3,88.0,session,"Session - Jun 8, 2026 3:49:35 PM",2026-06-08 03:49:35 PM 3:49:35 PM,00:19:58,,,,Enter Notes
2026-06-08 04:04:44 PM,88.4,78.1,107.7,63.3,30.02,-99,30.02,4.5,99.1,74.3,2125,--,--,--,81.8,--,175.1,87.4,88.3,session,"Session - Jun 8, 2026 3:49:35 PM",2026-06-08 03:49:35 PM 3:49:35 PM,00:19:58,,,,Enter Notes
2026-06-08 04:04:49 PM,88.1,77.7,107.7,63.1,30.02,-95,30.02,2.0,98.2,74.0,2106,--,--,--,81.8,--,175.1,87.4,88.0,session,"Session - Jun 8, 2026 3:49:35 PM",2026-06-08 03:49:35 PM 3:49:35 PM,00:19:58,,,,Enter Notes
2026-06-08 04:04:55 PM,88.4,77.7,107.7,63.0,30.02,-101,30.02,4.9,99.0,74.1,2119,--,--,--,81.6,--,176.1,87.3,88.3,session,"Session - Jun 8, 2026 3:49:35 PM",2026-06-08 03:49:35 PM 3:49:35 PM,00:19:58,,,,Enter Notes
2026-06-08 04:05:00 PM,88.1,77.4,107.7,62.8,30.02,-101,30.02,7.5,98.1,73.8,2096,--,--,--,81.6,--,176.2,87.3,88.0,session,"Session - Jun 8, 2026 3:49:35 PM",2026-06-08 03:49:35 PM 3:49:35 PM,00:19:58,,,,Enter Notes
2026-06-08 04:05:05 PM,87.5,77.0,107.7,62.6,30.02,-101,30.02,5.9,96.6,73.1,2059,--,--,--,81.6,--,177.3,87.3,87.4,session,"Session - Jun 8, 2026 3:49:35 PM",2026-06-08 03:49:35 PM 3:49:35 PM,00:19:58,,,,Enter Notes
2026-06-08 04:05:09 PM,87.1,76.5,107.5,62.5,30.02,-95,30.02,4.0,95.5,72.7,2021,--,--,--,81.6,--,177.6,87.3,86.9,session,"Session - Jun 8, 2026 3:49:35 PM",2026-06-08 03:49:35 PM 3:49:35 PM,00:19:58,,,,Enter Notes
2026-06-08 04:05:14 PM,87.3,76.8,107.3,62.6,30.02,-95,30.02,6.6,96.3,73.0,2044,--,--,--,81.7,--,177.4,87.3,87.3,session,"Session - Jun 8, 2026 3:49:35 PM",2026-06-08 03:49:35 PM 3:49:35 PM,00:19:58,,,,Enter Notes
2026-06-08 04:05:19 PM,87.1,76.6,107.3,62.8,30.02,-101,30.02,7.3,96.1,72.9,2029,--,--,--,81.9,--,176.3,87.5,87.1,session,"Session - Jun 8, 2026 3:49:35 PM",2026-06-08 03:49:35 PM 3:49:35 PM,00:19:58,,,,Enter Notes
2026-06-08 04:05:24 PM,86.9,76.6,107.5,62.9,30.02,-99,30.02,5.2,95.7,72.8,2014,--,--,--,81.8,--,176.7,87.4,86.9,session,"Session - Jun 8, 2026 3:49:35 PM",2026-06-08 03:49:35 PM 3:49:35 PM,00:19:58,,,,Enter Notes
2026-06-08 04:05:29 PM,86.7,76.5,107.7,63.0,30.02,-95,30.02,4.3,95.4,72.6,2001,--,--,--,81.7,--,177.2,87.4,86.7,session,"Session - Jun 8, 2026 3:49:35 PM",2026-06-08 03:49:35 PM 3:49:35 PM,00:19:58,,,,Enter Notes
2026-06-08 04:05:34 PM,86.7,76.5,107.7,63.3,30.02,-95,30.02,4.5,95.0,72.7,2001,--,--,--,81.7,--,176.6,87.4,86.5,session,"Session - Jun 8, 2026 3:49:35 PM",2026-06-08 03:49:35 PM 3:49:35 PM,00:19:58,,,,Enter Notes
2026-06-08 04:05:39 PM,87.3,77.2,107.7,63.7,30.02,-95,30.02,1.4,96.8,73.5,2051,--,--,--,81.9,--,175.4,87.5,87.3,session,"Session - Jun 8, 2026 3:49:35 PM",2026-06-08 03:49:35 PM 3:49:35 PM,00:19:58,,,,Enter Notes
2026-06-08 04:05:44 PM,87.9,77.9,107.7,64.0,30.02,-95,30.02,0.0,98.1,74.3,2096,--,--,--,82.1,--,174.1,87.7,87.8,session,"Session - Jun 8, 2026 3:49:35 PM",2026-06-08 03:49:35 PM 3:49:35 PM,00:19:58,,,,Enter Notes
2026-06-08 04:05:49 PM,88.9,78.8,107.7,64.1,30.02,-99,30.02,2.6,100.9,75.2,2169,--,--,--,82.1,--,174.0,87.7,88.9,session,"Session - Jun 8, 2026 3:49:35 PM",2026-06-08 03:49:35 PM 3:49:35 PM,00:19:58,,,,Enter Notes
2026-06-08 04:05:54 PM,89.1,78.8,107.7,63.9,30.03,-101,30.03,4.5,101.3,75.2,2176,--,--,--,81.9,--,175.1,87.5,89.1,session,"Session - Jun 8, 2026 3:49:35 PM",2026-06-08 03:49:35 PM 3:49:35 PM,00:19:58,,,,Enter Notes
2026-06-08 04:05:59 PM,89.8,79.2,107.5,63.3,30.03,-104,30.03,2.0,103.1,75.6,2221,--,--,--,81.7,--,176.2,87.3,89.8,session,"Session - Jun 8, 2026 3:49:35 PM",2026-06-08 03:49:35 PM 3:49:35 PM,00:19:58,,,,Enter Notes
2026-06-08 04:06:04 PM,90.7,79.9,107.5,62.9,30.03,-101,30.03,3.8,104.7,76.2,2284,--,--,--,81.7,--,175.9,87.3,90.5,session,"Session - Jun 8, 2026 3:49:35 PM",2026-06-08 03:49:35 PM 3:49:35 PM,00:19:58,,,,Enter Notes
2026-06-08 04:06:09 PM,89.1,78.3,107.5,62.3,30.02,-101,30.02,6.1,100.4,74.5,2169,--,--,--,81.5,--,177.1,87.2,89.1,session,"Session - Jun 8, 2026 3:49:35 PM",2026-06-08 03:49:35 PM 3:49:35 PM,00:19:58,,,,Enter Notes
2026-06-08 04:06:14 PM,88.7,77.7,107.5,61.8,30.02,-101,30.02,3.7,99.3,73.9,2141,--,--,--,81.3,--,178.2,87.1,88.7,session,"Session - Jun 8, 2026 3:49:35 PM",2026-06-08 03:49:35 PM 3:49:35 PM,00:19:58,,,,Enter Notes
2026-06-08 04:06:19 PM,89.0,78.1,107.5,61.6,30.03,-101,30.03,3.4,99.9,74.0,2154,--,--,--,81.1,--,179.2,87.0,88.9,session,"Session - Jun 8, 2026 3:49:35 PM",2026-06-08 03:49:35 PM 3:49:35 PM,00:19:58,,,,Enter Notes
2026-06-08 04:06:24 PM,88.4,77.5,107.7,61.5,30.03,-104,30.03,5.7,98.4,73.5,2116,--,--,--,81.2,--,179.1,87.0,88.3,session,"Session - Jun 8, 2026 3:49:35 PM",2026-06-08 03:49:35 PM 3:49:35 PM,00:19:58,,,,Enter Notes
2026-06-08 04:06:29 PM,88.0,77.0,107.7,61.5,30.02,-101,30.02,4.4,97.3,73.1,2081,--,--,--,81.2,--,179.1,87.0,88.0,session,"Session - Jun 8, 2026 3:49:35 PM",2026-06-08 03:49:35 PM 3:49:35 PM,00:19:58,,,,Enter Notes
2026-06-08 04:06:34 PM,88.6,77.5,107.7,61.5,30.02,-99,30.02,0.0,98.6,73.7,2131,--,--,--,81.2,--,178.9,87.0,88.5,session,"Session - Jun 8, 2026 3:49:35 PM",2026-06-08 03:49:35 PM 3:49:35 PM,00:19:58,,,,Enter Notes
2026-06-08 04:06:39 PM,89.3,78.3,107.5,61.5,30.02,-99,30.02,0.9,100.8,74.3,2184,--,--,--,81.1,--,178.6,87.0,89.2,session,"Session - Jun 8, 2026 3:49:35 PM",2026-06-08 03:49:35 PM 3:49:35 PM,00:19:58,,,,Enter Notes
2026-06-08 04:06:44 PM,89.5,78.3,107.5,61.5,30.02,-99,30.02,1.5,101.3,74.5,2196,--,--,--,81.1,--,178.2,87.0,89.4,session,"Session - Jun 8, 2026 3:49:35 PM",2026-06-08 03:49:35 PM 3:49:35 PM,00:19:58,,,,Enter Notes
2026-06-08 04:06:49 PM,89.0,77.9,107.5,61.4,30.02,-101,30.02,5.4,99.7,74.0,2154,--,--,--,81.1,--,178.2,87.0,88.9,session,"Session - Jun 8, 2026 3:49:35 PM",2026-06-08 03:49:35 PM 3:49:35 PM,00:19:58,,,,Enter Notes
2026-06-08 04:06:54 PM,88.7,77.5,107.5,61.2,30.02,-101,30.02,3.3,98.4,73.6,2131,--,--,--,81.0,--,179.2,86.8,88.5,session,"Session - Jun 8, 2026 3:49:35 PM",2026-06-08 03:49:35 PM 3:49:35 PM,00:19:58,,,,Enter Notes
2026-06-08 04:06:59 PM,88.5,77.4,107.5,61.1,30.03,-101,30.03,6.2,98.4,73.4,2116,--,--,--,81.0,--,179.2,86.8,88.5,session,"Session - Jun 8, 2026 3:49:35 PM",2026-06-08 03:49:35 PM 3:49:35 PM,00:19:58,,,,Enter Notes
2026-06-08 04:07:04 PM,87.5,76.5,107.5,61.1,30.02,-99,30.02,6.1,95.5,72.3,2036,--,--,--,81.0,--,179.4,86.8,87.3,session,"Session - Jun 8, 2026 3:49:35 PM",2026-06-08 03:49:35 PM 3:49:35 PM,00:19:58,,,,Enter Notes
2026-06-08 04:07:09 PM,87.2,76.3,107.5,61.2,30.03,-101,30.03,4.0,95.4,72.2,2014,--,--,--,81.0,--,179.4,86.8,87.1,session,"Session - Jun 8, 2026 3:49:35 PM",2026-06-08 03:49:35 PM 3:49:35 PM,00:19:58,,,,Enter Notes
2026-06-08 04:07:14 PM,87.7,76.8,107.8,61.7,30.03,-101,30.03,4.9,96.6,72.9,2061,--,--,--,81.2,--,178.3,87.1,87.6,session,"Session - Jun 8, 2026 3:49:35 PM",2026-06-08 03:49:35 PM 3:49:35 PM,00:19:58,,,,Enter Notes
2026-06-08 04:07:20 PM,89.1,78.3,107.8,62.1,30.02,-101,30.02,2.0,100.4,74.4,2169,--,--,--,81.4,--,177.2,87.2,89.1,session,"Session - Jun 8, 2026 3:49:35 PM",2026-06-08 03:49:35 PM 3:49:35 PM,00:19:58,,,,Enter Notes
2026-06-08 04:07:24 PM,89.7,78.8,107.6,62.2,30.02,-92,30.02,2.5,102.0,75.0,2214,--,--,--,81.3,--,176.9,87.1,89.6,session,"Session - Jun 8, 2026 3:49:35 PM",2026-06-08 03:49:35 PM 3:49:35 PM,00:19:58,,,,Enter Notes
2026-06-08 04:07:29 PM,89.9,79.2,107.6,62.2,30.02,-95,30.02,1.4,102.9,75.4,2244,--,--,--,81.3,--,176.7,87.1,90.0,session,"Session - Jun 8, 2026 3:49:35 PM",2026-06-08 03:49:35 PM 3:49:35 PM,00:19:58,,,,Enter Notes
2026-06-08 04:07:34 PM,90.5,79.3,107.6,61.8,30.02,-95,30.02,0.9,104.2,75.6,2274,--,--,--,81.3,--,177.2,87.1,90.5,session,"Session - Jun 8, 2026 3:49:35 PM",2026-06-08 03:49:35 PM 3:49:35 PM,00:19:58,,,,Enter Notes
2026-06-08 04:07:39 PM,91.0,79.7,107.2,61.5,30.02,-99,30.02,0.8,104.9,75.8,2299,--,--,--,81.5,--,176.2,87.2,90.9,session,"Session - Jun 8, 2026 3:49:35 PM",2026-06-08 03:49:35 PM 3:49:35 PM,00:19:58,,,,Enter Notes
2026-06-08 04:07:44 PM,90.7,79.2,107.2,60.7,30.03,-101,30.03,6.1,103.5,75.2,2271,--,--,--,81.3,--,176.8,87.0,90.5,session,"Session - Jun 8, 2026 3:49:35 PM",2026-06-08 03:49:35 PM 3:49:35 PM,00:19:58,,,,Enter Notes
2026-06-08 04:07:49 PM,88.9,77.4,107.4,59.9,30.03,-104,30.03,7.5,98.8,73.2,2141,--,--,--,81.0,--,179.3,86.9,88.9,session,"Session - Jun 8, 2026 3:49:35 PM",2026-06-08 03:49:35 PM 3:49:35 PM,00:19:58,,,,Enter Notes
2026-06-08 04:07:54 PM,87.7,76.1,107.4,59.5,30.03,-101,30.03,4.7,95.7,71.8,2046,--,--,--,80.8,--,180.5,86.8,87.6,session,"Session - Jun 8, 2026 3:49:35 PM",2026-06-08 03:49:35 PM 3:49:35 PM,00:19:58,,,,Enter Notes
2026-06-08 04:07:59 PM,87.5,75.9,107.5,59.6,30.03,-101,30.03,3.6,95.4,71.7,2031,--,--,--,80.8,--,180.4,86.8,87.4,session,"Session - Jun 8, 2026 3:49:35 PM",2026-06-08 03:49:35 PM 3:49:35 PM,00:19:58,,,,Enter Notes
2026-06-08 04:08:04 PM,87.6,76.3,107.5,60.1,30.02,-101,30.02,3.3,95.5,72.0,2046,--,--,--,81.0,--,179.0,86.9,87.4,session,"Session - Jun 8, 2026 3:49:35 PM",2026-06-08 03:49:35 PM 3:49:35 PM,00:19:58,,,,Enter Notes
2026-06-08 04:08:09 PM,88.1,76.8,107.5,60.5,30.03,-101,30.03,3.9,97.0,72.7,2079,--,--,--,81.2,--,177.7,87.0,88.0,session,"Session - Jun 8, 2026 3:49:35 PM",2026-06-08 03:49:35 PM 3:49:35 PM,00:19:58,,,,Enter Notes
2026-06-08 04:08:14 PM,88.6,77.4,107.5,60.8,30.02,-99,30.02,4.1,98.4,73.3,2125,--,--,--,81.4,--,176.5,87.2,88.5,session,"Session - Jun 8, 2026 3:49:35 PM",2026-06-08 03:49:35 PM 3:49:35 PM,00:19:58,,,,Enter Notes
2026-06-08 04:08:19 PM,89.3,78.1,107.5,61.1,30.02,-101,30.02,3.0,100.4,74.1,2174,--,--,--,81.4,--,176.3,87.2,89.2,session,"Session - Jun 8, 2026 3:49:35 PM",2026-06-08 03:49:35 PM 3:49:35 PM,00:19:58,,,,Enter Notes
2026-06-08 04:08:24 PM,89.7,78.4,107.6,61.1,30.02,-99,30.02,3.0,101.3,74.5,2204,--,--,--,81.4,--,176.0,87.2,89.6,session,"Session - Jun 8, 2026 3:49:35 PM",2026-06-08 03:49:35 PM 3:49:35 PM,00:19:58,,,,Enter Notes
2026-06-08 04:08:29 PM,89.3,78.1,107.6,61.1,30.02,-99,30.02,2.7,100.4,74.2,2181,--,--,--,81.4,--,175.8,87.2,89.2,session,"Session - Jun 8, 2026 3:49:35 PM",2026-06-08 03:49:35 PM 3:49:35 PM,00:19:58,,,,Enter Notes
2026-06-08 04:08:34 PM,89.5,78.3,107.6,61.2,30.02,-99,30.02,1.9,101.1,74.3,2186,--,--,--,81.4,--,175.4,87.2,89.4,session,"Session - Jun 8, 2026 3:49:35 PM",2026-06-08 03:49:35 PM 3:49:35 PM,00:19:58,,,,Enter Notes
2026-06-08 04:08:39 PM,90.0,78.8,107.6,61.3,30.03,-101,30.03,1.2,102.4,74.9,2221,--,--,--,81.4,--,175.1,87.2,90.0,session,"Session - Jun 8, 2026 3:49:35 PM",2026-06-08 03:49:35 PM 3:49:35 PM,00:19:58,,,,Enter Notes
2026-06-08 04:08:44 PM,91.0,79.7,107.6,61.1,30.02,-101,30.02,1.0,105.1,75.8,2304,--,--,--,81.4,--,174.6,87.2,91.0,session,"Session - Jun 8, 2026 3:49:35 PM",2026-06-08 03:49:35 PM 3:49:35 PM,00:19:58,,,,Enter Notes
2026-06-08 04:08:49 PM,91.1,79.5,107.7,60.8,30.03,-101,30.03,2.1,104.9,75.6,2304,--,--,--,81.4,--,174.2,87.2,91.0,session,"Session - Jun 8, 2026 3:49:35 PM",2026-06-08 03:49:35 PM 3:49:35 PM,00:19:58,,,,Enter Notes
2026-06-08 04:08:54 PM,90.9,79.0,107.7,60.2,30.02,-101,30.02,3.7,103.1,74.9,2269,--,--,--,81.1,--,176.2,87.0,90.5,session,"Session - Jun 8, 2026 3:49:35 PM",2026-06-08 03:49:35 PM 3:49:35 PM,00:19:58,,,,Enter Notes
2026-06-08 04:08:59 PM,89.5,77.7,107.7,59.8,30.02,-101,30.02,4.4,100.2,73.6,2184,--,--,--,80.9,--,177.2,86.9,89.4,session,"Session - Jun 8, 2026 3:49:35 PM",2026-06-08 03:49:35 PM 3:49:35 PM,00:19:58,,,,Enter Notes
2026-06-08 04:09:04 PM,89.6,77.7,107.7,59.5,30.02,-101,30.02,4.3,100.0,73.6,2189,--,--,--,80.9,--,177.1,86.9,89.4,session,"Session - Jun 8, 2026 3:49:35 PM",2026-06-08 03:49:35 PM 3:49:35 PM,00:19:58,,,,Enter Notes
2026-06-08 04:09:09 PM,89.0,77.4,107.7,59.7,30.03,-104,30.03,10.6,98.8,73.1,2141,--,--,--,80.9,--,177.6,86.9,88.9,session,"Session - Jun 8, 2026 3:49:35 PM",2026-06-08 03:49:35 PM 3:49:35 PM,00:19:58,,,,Enter Notes
2026-06-08 04:09:14 PM,87.6,76.1,107.7,59.6,30.03,-104,30.03,10.8,95.4,71.8,2041,--,--,--,81.2,--,177.8,87.1,87.4,session,"Session - Jun 8, 2026 3:49:35 PM",2026-06-08 03:49:35 PM 3:49:35 PM,00:19:58,,,,Enter Notes
2026-06-08 04:09:19 PM,87.2,75.7,107.7,59.8,30.03,-101,30.03,6.4,94.6,71.5,2011,--,--,--,81.2,--,177.5,87.1,87.1,session,"Session - Jun 8, 2026 3:49:35 PM",2026-06-08 03:49:35 PM 3:49:35 PM,00:19:58,,,,Enter Notes
2026-06-08 04:09:24 PM,87.5,76.3,108.0,60.3,30.02,-101,30.02,5.3,95.5,72.1,2041,--,--,--,81.3,--,176.8,87.2,87.4,session,"Session - Jun 8, 2026 3:49:35 PM",2026-06-08 03:49:35 PM 3:49:35 PM,00:19:58,,,,Enter Notes
2026-06-08 04:09:29 PM,87.9,76.8,108.0,60.9,30.02,-101,30.02,3.1,96.6,72.7,2074,--,--,--,81.5,--,175.8,87.3,87.8,session,"Session - Jun 8, 2026 3:49:35 PM",2026-06-08 03:49:35 PM 3:49:35 PM,00:19:58,,,,Enter Notes