Date,Time,Elapsed Seconds,Temperature Probe-Temperature (&#x2103;),Humidity-Humidity (%RH),Dew Point-Dew Point (&#x2103;),Heat Index-Heat Index (&#x2103;),Ambient Light Intensity-Light (lux)
6/8/2026,10:59:34 AM,0.00,31.3,54.7,22.4,37,225.47
6/8/2026,10:59:35 AM,1.00,31.4,54.6,22.4,37,228.51
6/8/2026,10:59:36 AM,2.00,31.3,54.6,22.4,37,225.52
6/8/2026,10:59:37 AM,3.00,31.4,54.5,22.4,37,232.6
6/8/2026,10:59:38 AM,4.00,31.1,54.5,22.4,37,228.69
6/8/2026,10:59:39 AM,5.00,31.3,54.5,22.4,37,231.03
6/8/2026,10:59:40 AM,6.00,31.2,54.5,22.4,37,226.69
6/8/2026,10:59:41 AM,7.00,31.4,54.4,22.3,37,231.48
6/8/2026,10:59:42 AM,8.00,31.3,54.4,22.3,37,226.59
6/8/2026,10:59:43 AM,9.00,31.2,54.4,22.3,37,219.65
6/8/2026,10:59:44 AM,10.00,31.3,54.4,22.3,37,215.03
6/8/2026,10:59:45 AM,11.00,31.5,54.4,22.4,37,216.78
6/8/2026,10:59:46 AM,12.00,31.5,54.4,22.3,37,209
6/8/2026,10:59:47 AM,13.00,31.5,54.5,22.4,37,224.41
6/8/2026,10:59:48 AM,14.00,31.6,54.5,22.4,37.1,229.38
6/8/2026,10:59:49 AM,15.00,31.6,54.5,22.4,37,231.37
6/8/2026,10:59:50 AM,16.00,31.4,54.5,22.4,37,224.99
6/8/2026,10:59:51 AM,17.00,31.6,54.5,22.4,37.1,227.36
6/8/2026,10:59:52 AM,18.00,31.4,54.6,22.4,37.1,221.23
6/8/2026,10:59:53 AM,19.00,31.5,54.6,22.4,37.1,214.2
6/8/2026,10:59:54 AM,20.00,31.6,54.6,22.4,37.1,229.44
6/8/2026,10:59:55 AM,21.00,31.4,54.5,22.4,37.1,228.17
6/8/2026,10:59:56 AM,22.00,31.3,54.7,22.4,37.1,236.44
6/8/2026,10:59:57 AM,23.00,31.6,54.7,22.5,37.2,224.47
6/8/2026,10:59:58 AM,24.00,31.4,54.7,22.4,37.2,213.59
6/8/2026,10:59:59 AM,25.00,31.6,54.7,22.5,37.2,201.9
6/8/2026,11:00:00 AM,26.00,31.6,54.7,22.4,37.2,213.39
6/8/2026,11:00:01 AM,27.00,31.5,54.6,22.4,37.2,200.25
6/8/2026,11:00:02 AM,28.00,31.4,54.6,22.4,37.2,780.34
6/8/2026,11:00:03 AM,29.00,31.3,54.6,22.4,37.2,393.92
6/8/2026,11:00:04 AM,30.00,31.5,54.5,22.4,37.1,431.22
6/8/2026,11:00:05 AM,31.00,31.5,54.5,22.4,37.1,425.49
6/8/2026,11:00:06 AM,32.00,31.4,54.6,22.4,37.2,714.99
6/8/2026,11:00:07 AM,33.00,31.6,54.6,22.4,37.2,345.81
6/8/2026,11:00:08 AM,34.00,31.6,54.6,22.5,37.2,206.17
6/8/2026,11:00:09 AM,35.00,31.6,54.7,22.5,37.2,177.97
6/8/2026,11:00:10 AM,36.00,31.6,54.7,22.5,37.2,120.26
6/8/2026,11:00:11 AM,37.00,31.6,54.2,22.3,37.1,318.45
6/8/2026,11:00:12 AM,38.00,31.5,53.8,22.2,37,263.63
6/8/2026,11:00:13 AM,39.00,31.4,53.7,22.2,37,512.4
6/8/2026,11:00:14 AM,40.00,31.5,53.3,22.1,36.8,552.06
6/8/2026,11:00:15 AM,41.00,31.5,52.8,21.9,36.7,277.17
6/8/2026,11:00:16 AM,42.00,31.5,52.7,21.9,36.7,292.1
6/8/2026,11:00:17 AM,43.00,31.6,52.8,21.9,36.7,296.81
6/8/2026,11:00:18 AM,44.00,31.5,52.9,21.9,36.7,301.57
6/8/2026,11:00:19 AM,45.00,31.3,53.1,22,36.8,299.01
6/8/2026,11:00:20 AM,46.00,31.1,53.2,22,36.8,291.16
6/8/2026,11:00:21 AM,47.00,31.5,53.3,22.1,36.9,365.44
6/8/2026,11:00:22 AM,48.00,31.3,53.4,22.1,36.9,475.24
6/8/2026,11:00:23 AM,49.00,31.4,53.4,22.1,36.9,621.41
6/8/2026,11:00:24 AM,50.00,31.3,53.5,22.1,36.9,440.1
6/8/2026,11:00:25 AM,51.00,31.3,53.6,22.2,37,420.67
6/8/2026,11:00:26 AM,52.00,31.5,53.6,22.2,37,653.41
6/8/2026,11:00:27 AM,53.00,31.5,53.5,22.2,37,598.22
6/8/2026,11:00:28 AM,54.00,31.4,53.6,22.2,37,430.89
6/8/2026,11:00:29 AM,55.00,31.5,53.6,22.2,37,454.17
6/8/2026,11:00:30 AM,56.00,31.4,53.7,22.2,37,641.25
6/8/2026,11:00:31 AM,57.00,31.4,53.7,22.2,37,604.98
6/8/2026,11:00:32 AM,58.00,31.6,53.7,22.2,37,656.23
6/8/2026,11:00:33 AM,59.00,31.4,53.7,22.2,37,677.23
6/8/2026,11:00:34 AM,60.00,31.6,53.6,22.2,37,654.3
6/8/2026,11:00:35 AM,61.00,31.5,53.6,22.2,37,616.44
6/8/2026,11:00:36 AM,62.00,31.6,53.4,22.2,37,607.98
6/8/2026,11:00:37 AM,63.00,31.5,53.3,22.1,37,461.46
6/8/2026,11:00:38 AM,64.00,31.4,53.3,22.1,36.9,404.96
6/8/2026,11:00:39 AM,65.00,31.5,53.3,22.1,36.9,489.17
6/8/2026,11:00:40 AM,66.00,31.4,53.2,22.1,36.9,580.28
6/8/2026,11:00:41 AM,67.00,31.5,52.9,22,36.8,377.32
6/8/2026,11:00:42 AM,68.00,31.5,52.9,22,36.8,425.52
6/8/2026,11:00:43 AM,69.00,31.6,52.6,21.9,36.8,575.92
6/8/2026,11:00:44 AM,70.00,31.7,52.7,21.9,36.8,544.17
6/8/2026,11:00:45 AM,71.00,31.6,52.7,21.9,36.8,457.32
6/8/2026,11:00:46 AM,72.00,31.7,52.5,21.9,36.7,638.83
6/8/2026,11:00:47 AM,73.00,31.6,52.4,21.9,36.7,563.56
6/8/2026,11:00:48 AM,74.00,31.6,52.4,21.8,36.7,545.62
6/8/2026,11:00:49 AM,75.00,31.7,52.4,21.8,36.7,413.65
6/8/2026,11:00:50 AM,76.00,31.7,52.5,21.9,36.8,381.11
6/8/2026,11:00:51 AM,77.00,31.5,52.6,21.9,36.8,329.98
6/8/2026,11:00:52 AM,78.00,31.7,52.7,22,36.8,398.16
6/8/2026,11:00:53 AM,79.00,31.6,52.8,22,36.9,393.76
6/8/2026,11:00:54 AM,80.00,31.8,52.8,22,36.9,552.51
6/8/2026,11:00:55 AM,81.00,31.7,52.9,22,36.9,544.81
6/8/2026,11:00:56 AM,82.00,31.8,52.9,22,36.9,518.06
6/8/2026,11:00:57 AM,83.00,31.9,52.9,22,36.9,428.26
6/8/2026,11:00:58 AM,84.00,31.7,53,22.1,37,344.38
6/8/2026,11:00:59 AM,85.00,31.8,53,22.1,37,364.66
6/8/2026,11:01:00 AM,86.00,31.9,53,22.1,37,321.74
6/8/2026,11:01:01 AM,87.00,31.8,53,22.1,37,327.68
6/8/2026,11:01:02 AM,88.00,32,53,22.1,37,359.47
6/8/2026,11:01:03 AM,89.00,31.9,53,22.1,37,363.89
6/8/2026,11:01:04 AM,90.00,31.9,53,22.1,37,235.93
6/8/2026,11:01:05 AM,91.00,31.9,53,22.1,37,288.12
6/8/2026,11:01:06 AM,92.00,31.9,53,22.1,37,289.84
6/8/2026,11:01:07 AM,93.00,31.9,53.1,22.1,37,317.28
6/8/2026,11:01:08 AM,94.00,32.1,53.1,22.1,37.1,322.48
6/8/2026,11:01:09 AM,95.00,32.1,53.1,22.1,37.1,296.84
6/8/2026,11:01:10 AM,96.00,31.9,53.1,22.1,37,387.33
6/8/2026,11:01:11 AM,97.00,32.2,53.1,22.1,37.1,395.91
6/8/2026,11:01:12 AM,98.00,32.1,53.1,22.1,37.1,485.06
6/8/2026,11:01:13 AM,99.00,32,53.1,22.1,37.1,355.06
6/8/2026,11:01:14 AM,100.00,32.1,53.1,22.2,37.1,397.55
6/8/2026,11:01:15 AM,101.00,32.1,53.1,22.1,37.1,424.65
6/8/2026,11:01:16 AM,102.00,32.1,53.1,22.2,37.1,160.09
6/8/2026,11:01:17 AM,103.00,32.2,53.1,22.2,37.1,170.47
6/8/2026,11:01:18 AM,104.00,32.2,53.2,22.2,37.2,118.26
6/8/2026,11:01:19 AM,105.00,32.2,53.2,22.2,37.1,90.94
6/8/2026,11:01:20 AM,106.00,32.4,53.2,22.2,37.2,307.16
6/8/2026,11:01:21 AM,107.00,32.1,53.2,22.2,37.2,323.55
6/8/2026,11:01:22 AM,108.00,32.1,53.2,22.2,37.2,339.82
6/8/2026,11:01:23 AM,109.00,32.2,53.3,22.2,37.2,341.07
6/8/2026,11:01:24 AM,110.00,32.3,53.3,22.2,37.2,565.06
6/8/2026,11:01:25 AM,111.00,32.3,53.3,22.2,37.2,544.98
6/8/2026,11:01:26 AM,112.00,32.3,53.3,22.2,37.2,477.56
6/8/2026,11:01:27 AM,113.00,32.3,53.3,22.2,37.2,476.8
6/8/2026,11:01:28 AM,114.00,32.3,53.2,22.2,37.3,473.12
6/8/2026,11:01:29 AM,115.00,32.5,53.2,22.2,37.2,496.98
6/8/2026,11:01:30 AM,116.00,32.5,53.2,22.2,37.2,552.76
6/8/2026,11:01:31 AM,117.00,32.4,53.2,22.2,37.3,549.12
6/8/2026,11:01:32 AM,118.00,32.5,53.1,22.2,37.2,519.59
6/8/2026,11:01:33 AM,119.00,32.6,53.1,22.2,37.3,379.25
6/8/2026,11:01:34 AM,120.00,32.4,53.1,22.2,37.3,509.67
6/8/2026,11:01:35 AM,121.00,32.7,53.1,22.2,37.3,523.48
6/8/2026,11:01:36 AM,122.00,32.5,53.1,22.2,37.3,271.2
6/8/2026,11:01:37 AM,123.00,32.5,53.1,22.2,37.3,306.89
6/8/2026,11:01:38 AM,124.00,32.5,53.1,22.2,37.3,348.5
6/8/2026,11:01:39 AM,125.00,32.6,53.1,22.2,37.3,350.43
6/8/2026,11:01:40 AM,126.00,32.5,53.1,22.2,37.3,363.74
6/8/2026,11:01:41 AM,127.00,32.5,53,22.2,37.3,360.68
6/8/2026,11:01:42 AM,128.00,32.4,53,22.2,37.3,329.96
6/8/2026,11:01:43 AM,129.00,32.5,53,22.2,37.3,397.41
6/8/2026,11:01:44 AM,130.00,32.7,53,22.2,37.3,377.71
6/8/2026,11:01:45 AM,131.00,32.8,53,22.2,37.3,350.71
6/8/2026,11:01:46 AM,132.00,32.7,52.9,22.2,37.3,309.6
6/8/2026,11:01:47 AM,133.00,32.7,52.9,22.2,37.3,578.78
6/8/2026,11:01:48 AM,134.00,32.7,52.9,22.2,37.4,331.86
6/8/2026,11:01:49 AM,135.00,32.8,52.9,22.2,37.4,509
6/8/2026,11:01:50 AM,136.00,32.7,52.9,22.2,37.4,458.65
6/8/2026,11:01:51 AM,137.00,32.8,52.9,22.2,37.4,491.31
6/8/2026,11:01:52 AM,138.00,32.7,52.9,22.2,37.4,434.01
6/8/2026,11:01:53 AM,139.00,32.9,52.9,22.2,37.4,368.96
6/8/2026,11:01:54 AM,140.00,32.8,52.9,22.3,37.4,373.06
6/8/2026,11:01:55 AM,141.00,32.8,53,22.3,37.5,370.86
6/8/2026,11:01:56 AM,142.00,32.8,53,22.3,37.5,411.64
6/8/2026,11:01:57 AM,143.00,32.8,52.9,22.3,37.5,553.2
6/8/2026,11:01:58 AM,144.00,33,52.9,22.3,37.5,378.15
6/8/2026,11:01:59 AM,145.00,32.8,52.9,22.3,37.5,398.15
6/8/2026,11:02:00 AM,146.00,32.9,52.9,22.3,37.5,390.41
6/8/2026,11:02:01 AM,147.00,32.9,53,22.3,37.5,582.76
6/8/2026,11:02:02 AM,148.00,32.9,52.9,22.3,37.5,534.66
6/8/2026,11:02:03 AM,149.00,32.9,52.8,22.3,37.5,514.83
6/8/2026,11:02:04 AM,150.00,32.9,52.7,22.2,37.5,459.16
6/8/2026,11:02:05 AM,151.00,33.1,52.6,22.2,37.5,413.77
6/8/2026,11:02:06 AM,152.00,33,52.6,22.2,37.5,562.84
6/8/2026,11:02:07 AM,153.00,33,52.6,22.2,37.5,418.28
6/8/2026,11:02:08 AM,154.00,33.1,52.6,22.2,37.5,410.09
6/8/2026,11:02:09 AM,155.00,33.1,52.6,22.2,37.5,419.42
6/8/2026,11:02:10 AM,156.00,33,52.5,22.2,37.5,575.61
6/8/2026,11:02:11 AM,157.00,32.9,52.5,22.2,37.5,379.09
6/8/2026,11:02:12 AM,158.00,32.9,52.4,22.2,37.5,439.75
6/8/2026,11:02:13 AM,159.00,32.9,52.1,22.1,37.3,580.51
6/8/2026,11:02:14 AM,160.00,32.8,51.4,21.9,37.2,578.25
6/8/2026,11:02:15 AM,161.00,32.9,51,21.7,37.1,554.8
6/8/2026,11:02:16 AM,162.00,32.6,51.1,21.8,37.1,394.69
6/8/2026,11:02:17 AM,163.00,32.7,51.2,21.8,37.1,412.02
6/8/2026,11:02:18 AM,164.00,32.8,50.9,21.7,37,387.3
6/8/2026,11:02:19 AM,165.00,32.8,50.3,21.5,36.9,380.01
6/8/2026,11:02:20 AM,166.00,32.5,50.4,21.5,36.9,383.43
6/8/2026,11:02:21 AM,167.00,32.9,50.6,21.6,37,561.23
6/8/2026,11:02:22 AM,168.00,32.8,50.6,21.7,37,588.11
6/8/2026,11:02:23 AM,169.00,32.8,50.3,21.5,36.9,297.18
6/8/2026,11:02:24 AM,170.00,32.7,50.4,21.6,36.9,344.69
6/8/2026,11:02:25 AM,171.00,32.8,50.4,21.6,36.9,559
6/8/2026,11:02:26 AM,172.00,32.9,50.6,21.7,37,522.08
6/8/2026,11:02:27 AM,173.00,32.9,50.9,21.7,37.1,358.18
6/8/2026,11:02:28 AM,174.00,32.8,51,21.8,37.2,388.43
6/8/2026,11:02:29 AM,175.00,32.9,51.1,21.8,37.2,555.23
6/8/2026,11:02:30 AM,176.00,33.1,50.5,21.6,37,412.53
6/8/2026,11:02:31 AM,177.00,32.9,50.3,21.6,37,377.18
6/8/2026,11:02:32 AM,178.00,32.9,50.4,21.6,37,313.67
6/8/2026,11:02:33 AM,179.00,32.9,50.6,21.7,37.1,267.81
6/8/2026,11:02:34 AM,180.00,33,50.6,21.7,37.1,347.43
6/8/2026,11:02:35 AM,181.00,32.9,50.7,21.7,37.1,520.92
6/8/2026,11:02:36 AM,182.00,32.8,50.7,21.7,37.1,179.86
6/8/2026,11:02:37 AM,183.00,32.9,50.4,21.6,37,161.2
6/8/2026,11:02:38 AM,184.00,33,49.5,21.3,36.7,146.9
6/8/2026,11:02:39 AM,185.00,32.8,49.1,21.2,36.6,432.28
6/8/2026,11:02:40 AM,186.00,32.9,49.2,21.2,36.7,163.74
6/8/2026,11:02:41 AM,187.00,32.7,49.4,21.3,36.7,159.65
6/8/2026,11:02:42 AM,188.00,32.7,49.6,21.4,36.8,282.12
6/8/2026,11:02:43 AM,189.00,32.6,49.7,21.4,36.8,539.47
6/8/2026,11:02:44 AM,190.00,32.8,49.7,21.4,36.8,326.01
6/8/2026,11:02:45 AM,191.00,32.8,50.1,21.5,36.9,375.27
6/8/2026,11:02:46 AM,192.00,32.8,50.2,21.6,37,371.13
6/8/2026,11:02:47 AM,193.00,32.6,50.3,21.6,37,409.63
6/8/2026,11:02:48 AM,194.00,32.5,50.3,21.6,37,590.08
6/8/2026,11:02:49 AM,195.00,32.6,50.2,21.6,37,569.81
6/8/2026,11:02:50 AM,196.00,32.6,50.2,21.6,37,466.61
6/8/2026,11:02:51 AM,197.00,32.6,50.2,21.6,37,546.66
6/8/2026,11:02:52 AM,198.00,32.5,50.3,21.6,37,557.64
6/8/2026,11:02:53 AM,199.00,32.6,50.3,21.6,37,529.34
6/8/2026,11:02:54 AM,200.00,32.7,50.3,21.6,37,540.09
6/8/2026,11:02:55 AM,201.00,32.7,50.3,21.6,37,431.41
6/8/2026,11:02:56 AM,202.00,32.6,50.3,21.6,37,524.34
6/8/2026,11:02:57 AM,203.00,32.6,50.3,21.6,37.1,562.25
6/8/2026,11:02:58 AM,204.00,32.5,50.2,21.6,37,571.42
6/8/2026,11:02:59 AM,205.00,32.5,50.2,21.6,37,566.59
6/8/2026,11:03:00 AM,206.00,32.5,50.2,21.6,37,557.41
6/8/2026,11:03:01 AM,207.00,32.5,50.1,21.5,37,562.92
6/8/2026,11:03:02 AM,208.00,32.3,50,21.5,37,554.98
6/8/2026,11:03:03 AM,209.00,32.4,50,21.5,37,408.65
6/8/2026,11:03:04 AM,210.00,32.7,49.9,21.5,36.9,573.7
6/8/2026,11:03:05 AM,211.00,32.5,50,21.5,37,596.48
6/8/2026,11:03:06 AM,212.00,32.5,50,21.5,37,571.44
6/8/2026,11:03:07 AM,213.00,32.5,49.9,21.5,36.9,532.2
6/8/2026,11:03:08 AM,214.00,32.4,49.9,21.5,36.9,370.72
6/8/2026,11:03:09 AM,215.00,32.4,49.7,21.4,36.9,324.6
6/8/2026,11:03:10 AM,216.00,32.5,49.6,21.4,36.9,356.84
6/8/2026,11:03:11 AM,217.00,32.3,49.7,21.4,36.9,350.01
6/8/2026,11:03:12 AM,218.00,32.3,49.7,21.4,36.9,400.65
6/8/2026,11:03:13 AM,219.00,32.3,49.7,21.4,36.9,348.08
6/8/2026,11:03:14 AM,220.00,32.5,49.8,21.4,36.9,533.84
6/8/2026,11:03:15 AM,221.00,32.4,49.9,21.5,36.9,386.78
6/8/2026,11:03:16 AM,222.00,32.3,49.8,21.4,36.9,524.95
6/8/2026,11:03:17 AM,223.00,32.4,49.7,21.4,36.9,525.72
6/8/2026,11:03:18 AM,224.00,32.3,49.5,21.3,36.8,507.28
6/8/2026,11:03:19 AM,225.00,32.1,49.2,21.3,36.8,355.43
6/8/2026,11:03:20 AM,226.00,32.3,48.9,21.2,36.6,646.31
6/8/2026,11:03:21 AM,227.00,32.2,48.8,21.1,36.6,593.12
6/8/2026,11:03:22 AM,228.00,32.2,48.9,21.2,36.7,591.95
6/8/2026,11:03:23 AM,229.00,32.2,49,21.2,36.7,357.34
6/8/2026,11:03:24 AM,230.00,32.1,49.1,21.2,36.7,423.83
6/8/2026,11:03:25 AM,231.00,32.2,49,21.2,36.7,367.26
6/8/2026,11:03:26 AM,232.00,32.2,49.1,21.2,36.7,417.59
6/8/2026,11:03:27 AM,233.00,32.1,49,21.2,36.7,343.68
6/8/2026,11:03:28 AM,234.00,31.9,49.1,21.2,36.7,375.38
6/8/2026,11:03:29 AM,235.00,32.3,49.2,21.3,36.7,336.04
6/8/2026,11:03:30 AM,236.00,32.1,49.4,21.3,36.8,367.19
6/8/2026,11:03:31 AM,237.00,32.2,49.1,21.2,36.7,384.91
6/8/2026,11:03:32 AM,238.00,32.2,48.8,21.1,36.6,380.54
6/8/2026,11:03:33 AM,239.00,32.2,48.7,21.1,36.6,411.32
6/8/2026,11:03:34 AM,240.00,32.2,48.7,21.1,36.6,422.36
6/8/2026,11:03:35 AM,241.00,32.2,48.8,21.1,36.6,597.73
6/8/2026,11:03:36 AM,242.00,32.1,48.9,21.1,36.6,600.42
6/8/2026,11:03:37 AM,243.00,32.2,48.9,21.2,36.6,564.09
6/8/2026,11:03:38 AM,244.00,31.8,48.9,21.2,36.6,527.22
6/8/2026,11:03:39 AM,245.00,32.1,49,21.2,36.7,549.05
6/8/2026,11:03:40 AM,246.00,31.9,49,21.2,36.7,520.14
6/8/2026,11:03:41 AM,247.00,32,49,21.2,36.7,497.12
6/8/2026,11:03:42 AM,248.00,32,49.1,21.2,36.7,486.5
6/8/2026,11:03:43 AM,249.00,31.9,49,21.2,36.6,410.9
6/8/2026,11:03:44 AM,250.00,31.9,49,21.2,36.6,506.3
6/8/2026,11:03:45 AM,251.00,31.9,49,21.2,36.6,394.71
6/8/2026,11:03:46 AM,252.00,31.8,49,21.2,36.6,524.53
6/8/2026,11:03:47 AM,253.00,31.8,49,21.2,36.6,408.48
6/8/2026,11:03:48 AM,254.00,31.9,49,21.2,36.7,374.16
6/8/2026,11:03:49 AM,255.00,31.9,49,21.2,36.6,548.03
6/8/2026,11:03:50 AM,256.00,32.1,49.1,21.2,36.7,380.08
6/8/2026,11:03:51 AM,257.00,32.1,49.1,21.2,36.7,512.36
6/8/2026,11:03:52 AM,258.00,31.9,49.1,21.2,36.7,361.57
6/8/2026,11:03:53 AM,259.00,32.1,49,21.1,36.6,383.72
6/8/2026,11:03:54 AM,260.00,32.2,49.1,21.2,36.6,408.2
6/8/2026,11:03:55 AM,261.00,31.9,49.1,21.2,36.7,535.66
6/8/2026,11:03:56 AM,262.00,32,49.1,21.2,36.6,280.63
6/8/2026,11:03:57 AM,263.00,32,49.2,21.2,36.7,595.09
6/8/2026,11:03:58 AM,264.00,32,49.2,21.2,36.7,572.31
6/8/2026,11:03:59 AM,265.00,32,49.2,21.2,36.7,358.32
6/8/2026,11:04:00 AM,266.00,32.2,49.3,21.3,36.7,352.5
6/8/2026,11:04:01 AM,267.00,32.1,49.2,21.2,36.7,361.27
6/8/2026,11:04:02 AM,268.00,32.1,49.3,21.3,36.7,541.95
6/8/2026,11:04:03 AM,269.00,32.2,49.4,21.3,36.7,576.37
6/8/2026,11:04:04 AM,270.00,32.2,49.5,21.3,36.8,522.34
6/8/2026,11:04:05 AM,271.00,32.2,49.5,21.3,36.8,515.55
6/8/2026,11:04:06 AM,272.00,32.1,49.5,21.3,36.7,393.86
6/8/2026,11:04:07 AM,273.00,32.3,49.5,21.3,36.8,382.82
6/8/2026,11:04:08 AM,274.00,32.3,49.5,21.3,36.8,297.36
6/8/2026,11:04:09 AM,275.00,32.2,49.4,21.3,36.7,348.69
6/8/2026,11:04:10 AM,276.00,32.3,49.3,21.3,36.7,372.33
6/8/2026,11:04:11 AM,277.00,32.1,49.3,21.3,36.7,362.48
6/8/2026,11:04:12 AM,278.00,32.3,49.4,21.3,36.7,371.3
6/8/2026,11:04:13 AM,279.00,32.3,49.5,21.3,36.8,548.86
6/8/2026,11:04:14 AM,280.00,32.4,49.6,21.4,36.8,543.05
6/8/2026,11:04:15 AM,281.00,32.3,49.7,21.4,36.8,363.44
6/8/2026,11:04:16 AM,282.00,32.3,49.8,21.4,36.8,339.49
6/8/2026,11:04:17 AM,283.00,32.4,49.8,21.4,36.9,364.57
6/8/2026,11:04:18 AM,284.00,32.3,49.9,21.5,36.9,384.07
6/8/2026,11:04:19 AM,285.00,32.4,49.9,21.5,36.9,402.57
6/8/2026,11:04:20 AM,286.00,32.4,50,21.5,36.9,387.32
6/8/2026,11:04:21 AM,287.00,32.5,50,21.5,36.9,413.55
6/8/2026,11:04:22 AM,288.00,32.3,50,21.5,36.9,385.5
6/8/2026,11:04:23 AM,289.00,32.4,50.1,21.5,36.9,366.35
6/8/2026,11:04:24 AM,290.00,32.5,50.1,21.5,37,563.67
6/8/2026,11:04:25 AM,291.00,32.4,50.1,21.5,37,393.1
6/8/2026,11:04:26 AM,292.00,32.7,50.2,21.5,37,565.03
6/8/2026,11:04:27 AM,293.00,32.5,50.2,21.6,37,426.12
6/8/2026,11:04:28 AM,294.00,32.5,50.2,21.6,37,379.05
6/8/2026,11:04:29 AM,295.00,32.4,50.2,21.6,37,572.09
6/8/2026,11:04:30 AM,296.00,32.6,50.3,21.6,37,545.66
6/8/2026,11:04:31 AM,297.00,32.5,50.3,21.6,37,544.2
6/8/2026,11:04:32 AM,298.00,32.7,50.3,21.6,37,527.16
6/8/2026,11:04:33 AM,299.00,32.5,50.4,21.6,37.1,535.94
6/8/2026,11:04:34 AM,300.00,32.7,50.3,21.6,37,558.25
6/8/2026,11:04:35 AM,301.00,32.7,50.3,21.6,37.1,389.34
6/8/2026,11:04:36 AM,302.00,32.6,50.4,21.6,37.1,569.25
6/8/2026,11:04:37 AM,303.00,32.7,50.4,21.6,37.1,565.23
6/8/2026,11:04:38 AM,304.00,32.8,50.4,21.6,37.1,600.86
6/8/2026,11:04:39 AM,305.00,32.9,50.4,21.7,37.1,450.66
6/8/2026,11:04:40 AM,306.00,32.7,50.5,21.7,37.1,393.15
6/8/2026,11:04:41 AM,307.00,32.9,50.5,21.7,37.1,550.37
6/8/2026,11:04:42 AM,308.00,32.8,50.6,21.7,37.2,536
6/8/2026,11:04:43 AM,309.00,32.8,50.6,21.7,37.2,413.3
6/8/2026,11:04:44 AM,310.00,32.7,50.6,21.7,37.2,535.47
6/8/2026,11:04:45 AM,311.00,32.7,50.6,21.7,37.2,594.7
6/8/2026,11:04:46 AM,312.00,32.6,50.5,21.7,37.2,559.67
6/8/2026,11:04:47 AM,313.00,32.8,50.5,21.7,37.2,601.33
6/8/2026,11:04:48 AM,314.00,32.8,50.5,21.7,37.1,628.67
6/8/2026,11:04:49 AM,315.00,32.8,50.5,21.7,37.2,642.2
6/8/2026,11:04:50 AM,316.00,32.8,50.4,21.7,37.2,584.51
6/8/2026,11:04:51 AM,317.00,32.7,50.3,21.6,37.1,613.8
6/8/2026,11:04:52 AM,318.00,32.9,50.3,21.7,37.2,579.08
6/8/2026,11:04:53 AM,319.00,32.6,50.3,21.6,37.2,572.16
6/8/2026,11:04:54 AM,320.00,32.7,50.4,21.7,37.2,554.48
6/8/2026,11:04:55 AM,321.00,32.8,50.4,21.7,37.2,551.64
6/8/2026,11:04:56 AM,322.00,32.9,50.4,21.7,37.2,413.1
6/8/2026,11:04:57 AM,323.00,32.9,50.4,21.7,37.2,399.26
6/8/2026,11:04:58 AM,324.00,32.8,50.4,21.7,37.2,597.91
6/8/2026,11:04:59 AM,325.00,32.8,50.4,21.7,37.2,630.5
6/8/2026,11:05:00 AM,326.00,32.9,50.4,21.7,37.2,634.59
6/8/2026,11:05:01 AM,327.00,32.9,50.4,21.7,37.2,626.58
6/8/2026,11:05:02 AM,328.00,33.1,50.4,21.7,37.2,627.66
6/8/2026,11:05:03 AM,329.00,33,50.4,21.7,37.2,604.69
6/8/2026,11:05:04 AM,330.00,33,50.4,21.7,37.3,596.83
6/8/2026,11:05:05 AM,331.00,33.1,50.4,21.7,37.3,594.11
6/8/2026,11:05:06 AM,332.00,33.2,50.4,21.7,37.3,601.14
6/8/2026,11:05:07 AM,333.00,33.2,50.4,21.7,37.3,592.83
6/8/2026,11:05:08 AM,334.00,33.1,50.4,21.7,37.3,620.83
6/8/2026,11:05:09 AM,335.00,33.3,50.4,21.7,37.3,613.17
6/8/2026,11:05:10 AM,336.00,33.1,50.4,21.7,37.3,207.59
6/8/2026,11:05:11 AM,337.00,33,50.5,21.7,37.3,125.88
6/8/2026,11:05:12 AM,338.00,33.2,50.5,21.8,37.3,117.64
6/8/2026,11:05:13 AM,339.00,33.1,50.4,21.7,37.3,105.54
6/8/2026,11:05:14 AM,340.00,33.1,50.5,21.8,37.3,114.7
6/8/2026,11:05:15 AM,341.00,33.1,50.5,21.8,37.3,103.69
6/8/2026,11:05:16 AM,342.00,33.1,50.5,21.8,37.3,274.1
6/8/2026,11:05:17 AM,343.00,32.8,50.4,21.7,37.3,356.55
6/8/2026,11:05:18 AM,344.00,33,50.3,21.7,37.3,512.78
6/8/2026,11:05:19 AM,345.00,33,50.2,21.7,37.3,539.36
6/8/2026,11:05:20 AM,346.00,33.1,50.2,21.7,37.3,565.8
6/8/2026,11:05:21 AM,347.00,33,50.3,21.7,37.3,552.98
6/8/2026,11:05:22 AM,348.00,32.9,50.3,21.7,37.3,555.76
6/8/2026,11:05:23 AM,349.00,33.1,50.3,21.7,37.3,592.37
6/8/2026,11:05:24 AM,350.00,33,50.3,21.7,37.3,598.19
6/8/2026,11:05:25 AM,351.00,33.1,50.3,21.7,37.3,614.75
6/8/2026,11:05:26 AM,352.00,33,50.3,21.7,37.4,568.01
6/8/2026,11:05:27 AM,353.00,33.1,50.3,21.7,37.3,555.3
6/8/2026,11:05:28 AM,354.00,33,50.3,21.8,37.4,573.19
6/8/2026,11:05:29 AM,355.00,33.1,50.3,21.7,37.4,601.11
6/8/2026,11:05:30 AM,356.00,33.1,50.3,21.8,37.4,592.91
6/8/2026,11:05:31 AM,357.00,33.1,50.3,21.8,37.4,616.75
6/8/2026,11:05:32 AM,358.00,33.1,50.3,21.8,37.4,598.69
6/8/2026,11:05:33 AM,359.00,33.1,50.4,21.8,37.4,607.91
6/8/2026,11:05:34 AM,360.00,33.2,50.3,21.8,37.4,563.47
6/8/2026,11:05:35 AM,361.00,33.2,50.3,21.8,37.4,595.67
6/8/2026,11:05:36 AM,362.00,33.2,50.3,21.8,37.4,589.44
6/8/2026,11:05:37 AM,363.00,33.1,50.3,21.8,37.4,621.09
6/8/2026,11:05:38 AM,364.00,33.3,50.3,21.8,37.4,640.26
6/8/2026,11:05:39 AM,365.00,33.2,50.3,21.8,37.4,587.23
6/8/2026,11:05:40 AM,366.00,33.2,50.2,21.7,37.4,599.36
6/8/2026,11:05:41 AM,367.00,33,49.8,21.6,37.3,632.75
6/8/2026,11:05:42 AM,368.00,33.1,49.5,21.5,37.2,629.09
6/8/2026,11:05:43 AM,369.00,33,49.4,21.5,37.2,600.69
6/8/2026,11:05:44 AM,370.00,33,49.3,21.5,37.2,611.3
6/8/2026,11:05:45 AM,371.00,33,49.2,21.4,37.1,602.87
6/8/2026,11:05:46 AM,372.00,33.1,49,21.4,37.1,578.09
6/8/2026,11:05:47 AM,373.00,33,49.1,21.4,37.1,566.45
6/8/2026,11:05:48 AM,374.00,33.1,49.3,21.5,37.2,628.01
6/8/2026,11:05:49 AM,375.00,33,49.4,21.5,37.2,639.78
6/8/2026,11:05:50 AM,376.00,33.1,49.5,21.6,37.3,646.76
6/8/2026,11:05:51 AM,377.00,33.1,49.6,21.6,37.3,600.39
6/8/2026,11:05:52 AM,378.00,33.1,49.7,21.6,37.4,601.09
6/8/2026,11:05:53 AM,379.00,33,49.8,21.6,37.4,625.37
6/8/2026,11:05:54 AM,380.00,33.1,49.9,21.7,37.4,550.42
6/8/2026,11:05:55 AM,381.00,33.2,49.9,21.7,37.4,534.41
6/8/2026,11:05:56 AM,382.00,33,49.9,21.7,37.4,583.62
6/8/2026,11:05:57 AM,383.00,33.1,49.8,21.7,37.4,553.47
6/8/2026,11:05:58 AM,384.00,33.1,49.6,21.6,37.4,555.61
6/8/2026,11:05:59 AM,385.00,33,49.6,21.6,37.4,573.03
6/8/2026,11:06:00 AM,386.00,33.3,49.7,21.6,37.4,599.05
6/8/2026,11:06:01 AM,387.00,33.1,49.7,21.6,37.4,619.7
6/8/2026,11:06:02 AM,388.00,33.2,49.7,21.7,37.4,538.14
6/8/2026,11:06:03 AM,389.00,32.9,49.7,21.7,37.4,589.73
6/8/2026,11:06:04 AM,390.00,33.1,49.6,21.6,37.4,626.31
6/8/2026,11:06:05 AM,391.00,33,49.6,21.6,37.4,585.25
6/8/2026,11:06:06 AM,392.00,33.2,49.6,21.6,37.4,569.7
6/8/2026,11:06:07 AM,393.00,33.3,49.7,21.7,37.5,571.23
6/8/2026,11:06:08 AM,394.00,33.1,49.8,21.7,37.5,571.61
6/8/2026,11:06:09 AM,395.00,33.1,49.8,21.7,37.5,569.62
6/8/2026,11:06:10 AM,396.00,33.2,49.9,21.7,37.5,584.33
6/8/2026,11:06:11 AM,397.00,33.1,49.9,21.7,37.5,589.61
6/8/2026,11:06:12 AM,398.00,33.1,49.9,21.8,37.6,291.84
6/8/2026,11:06:13 AM,399.00,33.1,50,21.8,37.6,251.68
6/8/2026,11:06:14 AM,400.00,33.1,50,21.8,37.6,161.96
6/8/2026,11:06:15 AM,401.00,33.3,50,21.8,37.6,541.28
6/8/2026,11:06:16 AM,402.00,33.2,50,21.8,37.6,553.95
6/8/2026,11:06:17 AM,403.00,33.3,50,21.8,37.6,579.39
6/8/2026,11:06:18 AM,404.00,33.2,50,21.8,37.6,560.47
6/8/2026,11:06:19 AM,405.00,33.3,50,21.8,37.7,558.78
6/8/2026,11:06:20 AM,406.00,33.4,50.1,21.8,37.7,541.25
6/8/2026,11:06:21 AM,407.00,33.3,50.1,21.8,37.7,552.44
6/8/2026,11:06:22 AM,408.00,33.2,50.1,21.8,37.7,568.76
6/8/2026,11:06:23 AM,409.00,33.3,50.1,21.8,37.7,546.12
6/8/2026,11:06:24 AM,410.00,33.3,50.1,21.9,37.7,549.59
6/8/2026,11:06:25 AM,411.00,33.4,50.2,21.9,37.8,573.36
6/8/2026,11:06:26 AM,412.00,33.4,50.3,21.9,37.8,570.05
6/8/2026,11:06:27 AM,413.00,33.4,50.3,21.9,37.8,524.28
6/8/2026,11:06:28 AM,414.00,33.5,50.3,21.9,37.8,569.06
6/8/2026,11:06:29 AM,415.00,33.5,50.3,21.9,37.8,600.62
6/8/2026,11:06:30 AM,416.00,33.5,50.2,21.9,37.8,545.28
6/8/2026,11:06:31 AM,417.00,33.5,50.2,21.9,37.8,346.8
6/8/2026,11:06:32 AM,418.00,33.4,50.2,21.9,37.8,516.86
6/8/2026,11:06:33 AM,419.00,33.6,50.2,21.9,37.8,335.43
6/8/2026,11:06:34 AM,420.00,33.5,50.2,21.9,37.8,309.41
6/8/2026,11:06:35 AM,421.00,33.8,50.3,21.9,37.9,297.93
6/8/2026,11:06:36 AM,422.00,33.6,50.3,22,37.9,293.92
6/8/2026,11:06:37 AM,423.00,33.7,50.3,22,37.9,301.59
6/8/2026,11:06:38 AM,424.00,33.6,50.3,22,37.9,294.68
6/8/2026,11:06:39 AM,425.00,33.5,50.3,22,37.9,320.21
6/8/2026,11:06:40 AM,426.00,33.7,50.4,22,37.9,248.52
6/8/2026,11:06:41 AM,427.00,33.7,50.4,22,38,226.97
6/8/2026,11:06:42 AM,428.00,33.5,50.4,22,38,223.13
6/8/2026,11:06:43 AM,429.00,33.5,50.3,22,38,211.61
6/8/2026,11:06:44 AM,430.00,33.4,50.3,22,37.9,216.57
6/8/2026,11:06:45 AM,431.00,33.3,50.2,22,37.9,213.91
6/8/2026,11:06:46 AM,432.00,33.5,50.2,22,37.9,225.77
6/8/2026,11:06:47 AM,433.00,33.4,50.1,21.9,37.9,224.17
6/8/2026,11:06:48 AM,434.00,33.5,49.6,21.8,37.7,224.24
6/8/2026,11:06:49 AM,435.00,33.5,49.2,21.6,37.6,215.56
6/8/2026,11:06:50 AM,436.00,33.4,49.2,21.6,37.6,218.21
6/8/2026,11:06:51 AM,437.00,33.4,49.2,21.7,37.6,220.91
6/8/2026,11:06:52 AM,438.00,33.5,49.3,21.7,37.7,226.46
6/8/2026,11:06:53 AM,439.00,33.4,49.4,21.7,37.6,224.16
6/8/2026,11:06:54 AM,440.00,33.5,49.5,21.7,37.7,217.55
6/8/2026,11:06:55 AM,441.00,33.5,49.6,21.8,37.8,228.96
6/8/2026,11:06:56 AM,442.00,33.4,49.7,21.8,37.8,220.13
6/8/2026,11:06:57 AM,443.00,33.2,49.7,21.8,37.8,232.46
6/8/2026,11:06:58 AM,444.00,33.5,49.7,21.8,37.8,237.78
6/8/2026,11:06:59 AM,445.00,33.6,49.7,21.8,37.8,238.17
6/8/2026,11:07:00 AM,446.00,33.7,49.6,21.8,37.8,220.41
6/8/2026,11:07:01 AM,447.00,33.6,49.5,21.8,37.8,205.24
6/8/2026,11:07:02 AM,448.00,33.5,49.6,21.8,37.8,203.95
6/8/2026,11:07:03 AM,449.00,33.7,49.7,21.8,37.8,204.62
6/8/2026,11:07:04 AM,450.00,33.5,49.7,21.8,37.9,321.21
6/8/2026,11:07:05 AM,451.00,33.6,49.8,21.9,37.9,371.07
6/8/2026,11:07:06 AM,452.00,33.5,49.8,21.9,37.9,369.37
6/8/2026,11:07:07 AM,453.00,33.6,49.9,21.9,37.9,347.49
6/8/2026,11:07:08 AM,454.00,33.6,50,21.9,38,602.86
6/8/2026,11:07:09 AM,455.00,33.7,50,21.9,38,538.48
6/8/2026,11:07:10 AM,456.00,33.6,50,22,38,559.98
6/8/2026,11:07:11 AM,457.00,33.7,50,22,38,574.12
6/8/2026,11:07:12 AM,458.00,33.7,50,22,38,551
6/8/2026,11:07:13 AM,459.00,33.7,50.1,22,38.1,582.08
6/8/2026,11:07:14 AM,460.00,33.7,50.1,22,38.1,583.95
6/8/2026,11:07:15 AM,461.00,33.9,50.1,22,38.1,543.86
6/8/2026,11:07:16 AM,462.00,33.9,50.1,22,38.1,562.95
6/8/2026,11:07:17 AM,463.00,34,50.1,22,38.1,565.01
6/8/2026,11:07:18 AM,464.00,33.8,50.1,22,38.1,552.11
6/8/2026,11:07:19 AM,465.00,33.9,50.1,22,38.1,543.76
6/8/2026,11:07:20 AM,466.00,33.6,50.1,22,38.2,596.41
6/8/2026,11:07:21 AM,467.00,34,50,22,38.1,618.36
6/8/2026,11:07:22 AM,468.00,33.7,50,22,38.1,612.66
6/8/2026,11:07:23 AM,469.00,33.9,49.8,21.9,38.1,601.39
6/8/2026,11:07:24 AM,470.00,33.7,49.6,21.9,38,567.16
6/8/2026,11:07:25 AM,471.00,33.8,49.5,21.9,38,575.72
6/8/2026,11:07:26 AM,472.00,33.7,49.4,21.9,38,609.94
6/8/2026,11:07:27 AM,473.00,33.9,49.4,21.8,38,596.55
6/8/2026,11:07:28 AM,474.00,33.9,49.3,21.8,38,613.31
6/8/2026,11:07:29 AM,475.00,33.9,49.2,21.8,37.9,618.64
6/8/2026,11:07:30 AM,476.00,33.9,49.3,21.8,38,618.86
6/8/2026,11:07:31 AM,477.00,33.9,49.4,21.9,38,649.28
6/8/2026,11:07:32 AM,478.00,33.9,49.5,21.9,38.1,620.41
6/8/2026,11:07:33 AM,479.00,34,49.6,21.9,38.1,607.11
6/8/2026,11:07:34 AM,480.00,34,49.7,22,38.2,611.2
6/8/2026,11:07:35 AM,481.00,33.7,49.7,22,38.2,626.69
6/8/2026,11:07:36 AM,482.00,34,49.7,22,38.2,610.98
6/8/2026,11:07:37 AM,483.00,34,49.6,22,38.2,634.53
6/8/2026,11:07:38 AM,484.00,33.9,49.5,21.9,38.1,605.98
6/8/2026,11:07:39 AM,485.00,34,49.4,21.9,38.1,710.04
6/8/2026,11:07:40 AM,486.00,34,49.2,21.8,38.1,664.56
6/8/2026,11:07:41 AM,487.00,33.9,49,21.8,38,616.3
6/8/2026,11:07:42 AM,488.00,33.8,48.9,21.7,38,666.14
6/8/2026,11:07:43 AM,489.00,33.8,48.8,21.7,37.9,662.84
6/8/2026,11:07:44 AM,490.00,33.7,48.7,21.7,37.9,692.17
6/8/2026,11:07:45 AM,491.00,33.7,48.5,21.6,37.9,671.75
6/8/2026,11:07:46 AM,492.00,33.8,48.3,21.5,37.8,641.81
6/8/2026,11:07:47 AM,493.00,33.5,48.2,21.5,37.8,696.7
6/8/2026,11:07:48 AM,494.00,33.4,48,21.4,37.7,679.06
6/8/2026,11:07:49 AM,495.00,33.4,48,21.4,37.7,660.83
6/8/2026,11:07:50 AM,496.00,33.4,47.8,21.4,37.6,670.75
6/8/2026,11:07:51 AM,497.00,33.4,47.6,21.3,37.6,674.53
6/8/2026,11:07:52 AM,498.00,33.1,47.3,21.2,37.5,625.11
6/8/2026,11:07:53 AM,499.00,33.2,47,21.1,37.4,650.61
6/8/2026,11:07:54 AM,500.00,33.2,46.8,21,37.3,642.7
6/8/2026,11:07:55 AM,501.00,33.2,46.8,21,37.3,664.67
6/8/2026,11:07:56 AM,502.00,33.2,46.9,21,37.3,668.17
6/8/2026,11:07:57 AM,503.00,33.1,47,21.1,37.4,685.39
6/8/2026,11:07:58 AM,504.00,33.1,47.1,21.1,37.4,658.01
6/8/2026,11:07:59 AM,505.00,33.2,47.2,21.2,37.4,645.73
6/8/2026,11:08:00 AM,506.00,33.1,47.2,21.2,37.5,630.98
6/8/2026,11:08:01 AM,507.00,33.2,47.3,21.2,37.5,615.45
6/8/2026,11:08:02 AM,508.00,33.1,47.3,21.2,37.5,636.51
6/8/2026,11:08:03 AM,509.00,33.1,47.1,21.2,37.4,645.86
6/8/2026,11:08:04 AM,510.00,33,47,21.1,37.4,597.41
6/8/2026,11:08:05 AM,511.00,32.9,46.9,21,37.3,576.22
6/8/2026,11:08:06 AM,512.00,32.9,46.9,21,37.3,561.37
6/8/2026,11:08:07 AM,513.00,32.7,46.8,21,37.3,602.73
6/8/2026,11:08:08 AM,514.00,32.5,46.9,21,37.3,597.7
6/8/2026,11:08:09 AM,515.00,32.7,46.8,21,37.3,582.06
6/8/2026,11:08:10 AM,516.00,32.6,46.7,21,37.3,602.94
6/8/2026,11:08:11 AM,517.00,32.5,46.7,21,37.3,587.73
6/8/2026,11:08:12 AM,518.00,32.4,46.7,21,37.3,672.55
6/8/2026,11:08:13 AM,519.00,32.6,46.8,21,37.3,623.45
6/8/2026,11:08:14 AM,520.00,32.2,46.9,21.1,37.3,626.55
6/8/2026,11:08:15 AM,521.00,32.2,47.1,21.1,37.4,628.98
6/8/2026,11:08:16 AM,522.00,32.3,47.2,21.1,37.4,644.16
6/8/2026,11:08:17 AM,523.00,32.3,47.2,21.2,37.4,664.56
6/8/2026,11:08:18 AM,524.00,32.2,47.3,21.2,37.4,612.8
6/8/2026,11:08:19 AM,525.00,32.2,47.4,21.2,37.4,695.98
6/8/2026,11:08:20 AM,526.00,32.1,47.3,21.2,37.4,667.2
6/8/2026,11:08:21 AM,527.00,32.2,47.2,21.1,37.4,671.66
6/8/2026,11:08:22 AM,528.00,32.2,47.3,21.2,37.4,657.14
6/8/2026,11:08:23 AM,529.00,32,47.3,21.1,37.4,641.36
6/8/2026,11:08:24 AM,530.00,32.1,47.2,21.1,37.4,632.31
6/8/2026,11:08:25 AM,531.00,31.9,47.3,21.1,37.4,649.26
6/8/2026,11:08:26 AM,532.00,31.9,47.4,21.2,37.4,667.47
6/8/2026,11:08:27 AM,533.00,32,47.5,21.2,37.4,638.87
6/8/2026,11:08:28 AM,534.00,32,47.5,21.2,37.4,629.23
6/8/2026,11:08:29 AM,535.00,31.9,47.5,21.2,37.4,645.61
6/8/2026,11:08:30 AM,536.00,31.9,47.6,21.2,37.4,640.19
6/8/2026,11:08:31 AM,537.00,32,47.5,21.2,37.4,661.64
6/8/2026,11:08:32 AM,538.00,31.8,47.6,21.2,37.4,653.41
6/8/2026,11:08:33 AM,539.00,31.7,47.6,21.2,37.4,678.06
6/8/2026,11:08:34 AM,540.00,31.9,47.6,21.2,37.3,679.26
6/8/2026,11:08:35 AM,541.00,31.8,47.6,21.2,37.3,646.06
6/8/2026,11:08:36 AM,542.00,31.7,47.6,21.2,37.3,676.34
6/8/2026,11:08:37 AM,543.00,31.8,47.7,21.2,37.3,615.42
6/8/2026,11:08:38 AM,544.00,31.7,47.7,21.2,37.3,634.56
6/8/2026,11:08:39 AM,545.00,31.8,47.7,21.2,37.3,633.03
6/8/2026,11:08:40 AM,546.00,31.8,47.7,21.2,37.3,598.2
6/8/2026,11:08:41 AM,547.00,31.9,47.7,21.2,37.3,566.26
6/8/2026,11:08:42 AM,548.00,31.8,47.7,21.2,37.3,571.56
6/8/2026,11:08:43 AM,549.00,31.7,47.7,21.2,37.3,442.31
6/8/2026,11:08:44 AM,550.00,31.6,47.8,21.2,37.2,411.85
6/8/2026,11:08:45 AM,551.00,31.6,47.8,21.2,37.2,630.97
6/8/2026,11:08:46 AM,552.00,31.7,47.8,21.2,37.3,581.83
6/8/2026,11:08:47 AM,553.00,31.6,47.8,21.2,37.2,415.11
6/8/2026,11:08:48 AM,554.00,31.3,47.8,21.2,37.2,586.67
6/8/2026,11:08:49 AM,555.00,31.6,47.9,21.2,37.2,570.03
6/8/2026,11:08:50 AM,556.00,31.6,47.9,21.2,37.2,621.44
6/8/2026,11:08:51 AM,557.00,31.3,48,21.2,37.2,592.76
6/8/2026,11:08:52 AM,558.00,31.5,48.1,21.3,37.2,603.72
6/8/2026,11:08:53 AM,559.00,31.3,48.2,21.3,37.2,561.3
6/8/2026,11:08:54 AM,560.00,31.5,48.2,21.3,37.2,372.84
6/8/2026,11:08:55 AM,561.00,31.5,48.3,21.3,37.2,588.23
6/8/2026,11:08:56 AM,562.00,31.3,48.3,21.3,37.2,630.2
6/8/2026,11:08:57 AM,563.00,31.2,48.3,21.3,37.2,654.36
6/8/2026,11:08:58 AM,564.00,31.4,48.3,21.3,37.2,579.45
6/8/2026,11:08:59 AM,565.00,31.3,48.4,21.3,37.2,757.7
6/8/2026,11:09:00 AM,566.00,31.3,48.3,21.3,37.2,605.75
6/8/2026,11:09:01 AM,567.00,31.4,48.4,21.3,37.2,634.5
6/8/2026,11:09:02 AM,568.00,31.3,48.4,21.3,37.2,673.17
6/8/2026,11:09:03 AM,569.00,31.3,48.4,21.3,37.2,624.95
6/8/2026,11:09:04 AM,570.00,31.3,48.4,21.3,37.2,611.2
6/8/2026,11:09:05 AM,571.00,31.4,48.4,21.3,37.2,657.03
6/8/2026,11:09:06 AM,572.00,31.2,48.4,21.3,37.2,625.05
6/8/2026,11:09:07 AM,573.00,31.3,48.5,21.3,37.2,619.8
6/8/2026,11:09:08 AM,574.00,31.4,48.5,21.3,37.2,641.76
6/8/2026,11:09:09 AM,575.00,31.4,48.5,21.3,37.1,635.76
6/8/2026,11:09:10 AM,576.00,31.2,48.6,21.3,37.1,691.47
6/8/2026,11:09:11 AM,577.00,31.2,48.6,21.3,37.2,737.09
6/8/2026,11:09:12 AM,578.00,31.4,48.6,21.3,37.2,710.47
6/8/2026,11:09:13 AM,579.00,31.4,48.6,21.3,37.1,714.64
6/8/2026,11:09:14 AM,580.00,31.5,48.6,21.3,37.1,635.12
6/8/2026,11:09:15 AM,581.00,31.5,48.6,21.3,37.1,666.78
6/8/2026,11:09:16 AM,582.00,31.5,48.7,21.3,37.1,638.16
6/8/2026,11:09:17 AM,583.00,31.3,48.7,21.3,37.1,607.03
6/8/2026,11:09:18 AM,584.00,31.4,48.4,21.2,37,626.08
6/8/2026,11:09:19 AM,585.00,31.5,48.5,21.3,37,617.36
6/8/2026,11:09:20 AM,586.00,31.6,48.6,21.3,37,638.62
6/8/2026,11:09:21 AM,587.00,31.6,48.5,21.2,37,625.19
6/8/2026,11:09:22 AM,588.00,31.4,48.3,21.2,36.9,616.62
6/8/2026,11:09:23 AM,589.00,31.3,48.2,21.1,36.9,594.94
6/8/2026,11:09:24 AM,590.00,31.4,48.2,21.1,36.9,368.35
6/8/2026,11:09:25 AM,591.00,31.4,48,21,36.8,313.12
6/8/2026,11:09:26 AM,592.00,31.3,47.8,21,36.7,292.52
6/8/2026,11:09:27 AM,593.00,31.3,47.8,21,36.7,322.88
6/8/2026,11:09:28 AM,594.00,31.4,47.8,21,36.7,323.14
6/8/2026,11:09:29 AM,595.00,31.3,47.9,21,36.7,332.46
6/8/2026,11:09:30 AM,596.00,31.4,47.9,21,36.7,329.38
6/8/2026,11:09:31 AM,597.00,31.3,47.9,21,36.7,327.75
6/8/2026,11:09:32 AM,598.00,31.4,48,21,36.7,321.76
6/8/2026,11:09:33 AM,599.00,31.3,48,21,36.7,326.08
6/8/2026,11:09:34 AM,600.00,31.2,48.1,21,36.7,348.04
6/8/2026,11:09:35 AM,601.00,31.2,48.2,21,36.7,330.7
6/8/2026,11:09:36 AM,602.00,31.3,48.2,21,36.7,330.81
6/8/2026,11:09:37 AM,603.00,31.5,48.3,21,36.7,335.18
6/8/2026,11:09:38 AM,604.00,31.4,48.4,21.1,36.7,334.93
6/8/2026,11:09:39 AM,605.00,31.4,48.4,21.1,36.7,333.12
6/8/2026,11:09:40 AM,606.00,31.4,48.4,21.1,36.7,340.09
6/8/2026,11:09:41 AM,607.00,31.5,48.5,21.1,36.7,345.73
6/8/2026,11:09:42 AM,608.00,31.5,48.5,21.1,36.7,333.83
6/8/2026,11:09:43 AM,609.00,31.4,48.5,21.1,36.7,346.56
6/8/2026,11:09:44 AM,610.00,31.3,48.6,21.1,36.7,313.91
6/8/2026,11:09:45 AM,611.00,31.6,48.6,21.1,36.7,270.38
6/8/2026,11:09:46 AM,612.00,31.5,48.6,21.1,36.7,265.93
6/8/2026,11:09:47 AM,613.00,31.6,48.7,21.2,36.8,271.02
6/8/2026,11:09:48 AM,614.00,31.6,48.7,21.2,36.7,344.17
6/8/2026,11:09:49 AM,615.00,31.6,48.8,21.2,36.7,314.86
6/8/2026,11:09:50 AM,616.00,31.7,48.8,21.2,36.7,306.08
6/8/2026,11:09:51 AM,617.00,31.7,48.8,21.2,36.7,298.04
6/8/2026,11:09:52 AM,618.00,31.4,48.9,21.2,36.7,298.07
6/8/2026,11:09:53 AM,619.00,31.6,48.9,21.2,36.8,298.22
6/8/2026,11:09:54 AM,620.00,31.3,49,21.2,36.8,310.36
6/8/2026,11:09:55 AM,621.00,31.5,49,21.2,36.8,379.6
6/8/2026,11:09:56 AM,622.00,31.7,49,21.2,36.8,403.56
6/8/2026,11:09:57 AM,623.00,31.6,49.1,21.3,36.8,570.8
6/8/2026,11:09:58 AM,624.00,31.6,48.9,21.2,36.7,372
6/8/2026,11:09:59 AM,625.00,31.6,48.7,21.1,36.7,418.11
6/8/2026,11:10:00 AM,626.00,31.6,48.6,21.1,36.6,557.28
6/8/2026,11:10:01 AM,627.00,31.7,48.6,21.1,36.6,567.31
6/8/2026,11:10:02 AM,628.00,31.6,48.6,21.1,36.6,422.67
6/8/2026,11:10:03 AM,629.00,31.7,48.6,21,36.6,562.3
6/8/2026,11:10:04 AM,630.00,31.7,48.6,21.1,36.6,585.69
6/8/2026,11:10:05 AM,631.00,31.6,48.6,21,36.5,543.53
6/8/2026,11:10:06 AM,632.00,31.4,48.6,21,36.5,369.61
6/8/2026,11:10:07 AM,633.00,31.5,48.4,21,36.5,344.08
6/8/2026,11:10:08 AM,634.00,31.2,47.7,20.7,36.3,329.87
6/8/2026,11:10:09 AM,635.00,31.4,47.4,20.6,36.2,333.16
6/8/2026,11:10:10 AM,636.00,31.4,47.3,20.6,36.2,330.59
6/8/2026,11:10:11 AM,637.00,31.6,47.1,20.5,36.1,669.67
6/8/2026,11:10:12 AM,638.00,31.4,47,20.5,36.1,582.23
6/8/2026,11:10:13 AM,639.00,31.4,47.2,20.6,36.1,561.94
6/8/2026,11:10:14 AM,640.00,31.4,47.5,20.7,36.2,532.19
6/8/2026,11:10:15 AM,641.00,31.4,47.8,20.7,36.2,555.33
6/8/2026,11:10:16 AM,642.00,31.5,47.8,20.8,36.3,567.11
6/8/2026,11:10:17 AM,643.00,31.5,47.9,20.8,36.3,580.48
6/8/2026,11:10:18 AM,644.00,31.5,47.9,20.8,36.3,703.23
6/8/2026,11:10:19 AM,645.00,31.3,48,20.8,36.3,689.39
6/8/2026,11:10:20 AM,646.00,31.4,48,20.8,36.3,639.92
6/8/2026,11:10:21 AM,647.00,31.4,48,20.8,36.3,633.58
6/8/2026,11:10:22 AM,648.00,31.5,47.9,20.8,36.3,662.89
6/8/2026,11:10:23 AM,649.00,31.4,48,20.8,36.2,466.99
6/8/2026,11:10:24 AM,650.00,31.5,48,20.8,36.3,454.93
6/8/2026,11:10:25 AM,651.00,31.4,48,20.8,36.2,577.92
6/8/2026,11:10:26 AM,652.00,31.5,48.1,20.8,36.3,430.85
6/8/2026,11:10:27 AM,653.00,31.4,48.2,20.8,36.3,535.22
6/8/2026,11:10:28 AM,654.00,31.6,48.3,20.9,36.3,556.41
6/8/2026,11:10:29 AM,655.00,31.4,48.4,20.9,36.3,417.08
6/8/2026,11:10:30 AM,656.00,31.3,48.3,20.9,36.3,578.58
6/8/2026,11:10:31 AM,657.00,31.6,48.3,20.9,36.3,430.69
6/8/2026,11:10:32 AM,658.00,31.5,48.3,20.9,36.3,386.5
6/8/2026,11:10:33 AM,659.00,31.6,48.4,20.9,36.3,355.03
6/8/2026,11:10:34 AM,660.00,31.6,48.4,20.9,36.3,369.56
6/8/2026,11:10:35 AM,661.00,31.5,48.4,20.9,36.3,384.74
6/8/2026,11:10:36 AM,662.00,31.6,48.5,20.9,36.3,386.4
6/8/2026,11:10:37 AM,663.00,31.3,48.5,20.9,36.3,381.79
6/8/2026,11:10:38 AM,664.00,31.5,48.6,20.9,36.3,410.44
6/8/2026,11:10:39 AM,665.00,31.6,48.6,20.9,36.3,387.06
6/8/2026,11:10:40 AM,666.00,31.6,48.6,20.9,36.3,394.58
6/8/2026,11:10:41 AM,667.00,31.6,48.6,21,36.3,400.99
6/8/2026,11:10:42 AM,668.00,31.3,48.7,21,36.3,347.69
6/8/2026,11:10:43 AM,669.00,31.7,48.8,21,36.4,323.64
6/8/2026,11:10:44 AM,670.00,31.6,48.8,21,36.4,329.04
6/8/2026,11:10:45 AM,671.00,31.7,48.8,21,36.4,327.22
6/8/2026,11:10:46 AM,672.00,31.6,48.9,21,36.4,334.26
6/8/2026,11:10:47 AM,673.00,31.8,48.9,21,36.4,333.92
6/8/2026,11:10:48 AM,674.00,31.7,48.9,21,36.4,324.15
6/8/2026,11:10:49 AM,675.00,31.6,48.9,21,36.4,338.59
6/8/2026,11:10:50 AM,676.00,31.7,48.8,21,36.4,355.99
6/8/2026,11:10:51 AM,677.00,31.6,48.8,21,36.3,524.37
6/8/2026,11:10:52 AM,678.00,31.6,48.8,21,36.3,516.61
6/8/2026,11:10:53 AM,679.00,31.5,48.8,21,36.4,347.73
6/8/2026,11:10:54 AM,680.00,31.5,48.8,21,36.3,361.58
6/8/2026,11:10:55 AM,681.00,31.7,48.8,21,36.4,365.43
6/8/2026,11:10:56 AM,682.00,31.6,48.8,21,36.4,382.81
6/8/2026,11:10:57 AM,683.00,31.6,48.7,21,36.3,543.3
6/8/2026,11:10:58 AM,684.00,31.7,48.7,21,36.3,553.87
6/8/2026,11:10:59 AM,685.00,31.7,48.8,21,36.4,323.26
6/8/2026,11:11:00 AM,686.00,31.6,48.8,21,36.4,294.26
6/8/2026,11:11:01 AM,687.00,31.6,48.8,21,36.4,501.16
6/8/2026,11:11:02 AM,688.00,31.7,48.9,21,36.4,393.67
6/8/2026,11:11:03 AM,689.00,31.7,48.9,21,36.4,399.7
6/8/2026,11:11:04 AM,690.00,31.7,48.9,21,36.4,489.8
6/8/2026,11:11:05 AM,691.00,31.6,48.9,21,36.4,496.7
6/8/2026,11:11:06 AM,692.00,31.6,48.9,21,36.4,356.22
6/8/2026,11:11:07 AM,693.00,31.7,48.8,21,36.4,357.76
6/8/2026,11:11:08 AM,694.00,31.6,48.8,21,36.3,497.64
6/8/2026,11:11:09 AM,695.00,31.6,48.7,21,36.3,359.46
6/8/2026,11:11:10 AM,696.00,31.6,48.8,21,36.3,367.74
6/8/2026,11:11:11 AM,697.00,31.6,48.8,21,36.3,483.92
6/8/2026,11:11:12 AM,698.00,31.6,48.7,21,36.3,344.48
6/8/2026,11:11:13 AM,699.00,31.8,48.7,21,36.3,354.69
6/8/2026,11:11:14 AM,700.00,31.6,48.7,20.9,36.3,327.22
6/8/2026,11:11:15 AM,701.00,31.6,48.7,21,36.3,346.84
6/8/2026,11:11:16 AM,702.00,31.7,48.7,21,36.3,369.52
6/8/2026,11:11:17 AM,703.00,31.9,48.7,21,36.3,361.85
6/8/2026,11:11:18 AM,704.00,31.8,48.8,21,36.4,458.42
6/8/2026,11:11:19 AM,705.00,31.8,48.8,21,36.4,489.19
6/8/2026,11:11:20 AM,706.00,31.9,48.8,21,36.3,372.21
6/8/2026,11:11:21 AM,707.00,31.9,48.8,21,36.4,296.72
6/8/2026,11:11:22 AM,708.00,31.9,48.8,21,36.4,349.86
6/8/2026,11:11:23 AM,709.00,31.7,48.8,21,36.4,425.41
6/8/2026,11:11:24 AM,710.00,31.9,48.8,21,36.4,285.82
6/8/2026,11:11:25 AM,711.00,31.7,48.8,21,36.4,285.11
6/8/2026,11:11:26 AM,712.00,32.1,48.8,21,36.4,285
6/8/2026,11:11:27 AM,713.00,32,48.8,21,36.4,299.58
6/8/2026,11:11:28 AM,714.00,32,48.8,21,36.4,285.44
6/8/2026,11:11:29 AM,715.00,31.9,48.9,21,36.4,226.45
6/8/2026,11:11:30 AM,716.00,31.9,48.9,21,36.4,290.06
6/8/2026,11:11:31 AM,717.00,31.9,48.9,21,36.4,313.37
6/8/2026,11:11:32 AM,718.00,32,48.9,21.1,36.4,312.38
6/8/2026,11:11:33 AM,719.00,31.9,49,21.1,36.4,286.4
6/8/2026,11:11:34 AM,720.00,31.9,49,21.1,36.4,264.07
6/8/2026,11:11:35 AM,721.00,32,49,21.1,36.4,312.84
6/8/2026,11:11:36 AM,722.00,32.1,49,21.1,36.4,337.15
6/8/2026,11:11:37 AM,723.00,32,49,21.1,36.4,302.96
6/8/2026,11:11:38 AM,724.00,32.1,49,21.1,36.4,323.24
6/8/2026,11:11:39 AM,725.00,32,48.9,21,36.4,302.46
6/8/2026,11:11:40 AM,726.00,31.9,48.7,21,36.4,317.24
6/8/2026,11:11:41 AM,727.00,32,48.6,21,36.3,320.35
6/8/2026,11:11:42 AM,728.00,32,48.6,21,36.4,337.96
6/8/2026,11:11:43 AM,729.00,32,48,20.8,36.2,342.02
6/8/2026,11:11:44 AM,730.00,32,47.8,20.7,36.1,299.3
6/8/2026,11:11:45 AM,731.00,32,47.5,20.6,36,328.65
6/8/2026,11:11:46 AM,732.00,32,47.3,20.5,36,358.63
6/8/2026,11:11:47 AM,733.00,31.8,47.1,20.5,35.9,362.41
6/8/2026,11:11:48 AM,734.00,32,47,20.4,35.9,512.05
6/8/2026,11:11:49 AM,735.00,32,47.2,20.5,36,489.42
6/8/2026,11:11:50 AM,736.00,32.1,47.4,20.6,36,453.44
6/8/2026,11:11:51 AM,737.00,32,47.5,20.6,36,363.58
6/8/2026,11:11:52 AM,738.00,31.9,47.6,20.6,36.1,300.16
6/8/2026,11:11:53 AM,739.00,32,47.7,20.7,36.1,290.37
6/8/2026,11:11:54 AM,740.00,32.1,47.8,20.7,36.2,415.06
6/8/2026,11:11:55 AM,741.00,32,47.9,20.7,36.2,277.18
6/8/2026,11:11:56 AM,742.00,31.9,48,20.8,36.2,265.11
6/8/2026,11:11:57 AM,743.00,32.1,48,20.8,36.2,431.09
6/8/2026,11:11:58 AM,744.00,32.1,48.1,20.8,36.3,540.3
6/8/2026,11:11:59 AM,745.00,31.8,48.1,20.8,36.3,487.09
6/8/2026,11:12:00 AM,746.00,32,48.1,20.8,36.3,313.96
6/8/2026,11:12:01 AM,747.00,32.1,48.2,20.8,36.3,497.7
6/8/2026,11:12:02 AM,748.00,32,48.2,20.9,36.3,503.7
6/8/2026,11:12:03 AM,749.00,32.2,48.3,20.9,36.3,495
6/8/2026,11:12:04 AM,750.00,32.2,48.3,20.9,36.3,337.29
6/8/2026,11:12:05 AM,751.00,32.1,48.3,20.9,36.3,461.44
6/8/2026,11:12:06 AM,752.00,32.1,48.4,20.9,36.4,298.34
6/8/2026,11:12:07 AM,753.00,32.2,48.5,21,36.4,501.5
6/8/2026,11:12:08 AM,754.00,32,48.5,21,36.4,547.78
6/8/2026,11:12:09 AM,755.00,32.2,48.5,21,36.4,506.62
6/8/2026,11:12:10 AM,756.00,32.2,48.3,20.9,36.4,467.25
6/8/2026,11:12:11 AM,757.00,32.1,48.2,20.9,36.3,611.94
6/8/2026,11:12:12 AM,758.00,32.2,48.1,20.8,36.3,600.05
6/8/2026,11:12:13 AM,759.00,32.1,48.1,20.9,36.3,478.55
6/8/2026,11:12:14 AM,760.00,32.2,48.2,20.9,36.3,549.75
6/8/2026,11:12:15 AM,761.00,32.2,48.2,20.9,36.3,599.72
6/8/2026,11:12:16 AM,762.00,32.2,48.3,20.9,36.4,603.65
6/8/2026,11:12:17 AM,763.00,32.2,48.1,20.9,36.3,663.7
6/8/2026,11:12:18 AM,764.00,32.2,48,20.8,36.3,517.86
6/8/2026,11:12:19 AM,765.00,32.1,48.1,20.9,36.4,533.2
6/8/2026,11:12:20 AM,766.00,32.3,48.3,20.9,36.4,550.5
6/8/2026,11:12:21 AM,767.00,32.2,48.4,21,36.4,569.16
6/8/2026,11:12:22 AM,768.00,32.3,48.4,20.9,36.4,529.14
6/8/2026,11:12:23 AM,769.00,32.2,48.4,21,36.5,490.5
6/8/2026,11:12:24 AM,770.00,32.2,48.4,21,36.5,536.31
6/8/2026,11:12:25 AM,771.00,32.2,48.3,20.9,36.4,556.87
6/8/2026,11:12:26 AM,772.00,32.1,48.3,20.9,36.4,565.05
6/8/2026,11:12:27 AM,773.00,32.1,48.3,20.9,36.4,524.75
6/8/2026,11:12:28 AM,774.00,32.1,48.2,20.9,36.4,535.06
6/8/2026,11:12:29 AM,775.00,32.1,48.3,20.9,36.4,502.47
6/8/2026,11:12:30 AM,776.00,32.1,48.4,21,36.5,507.97
6/8/2026,11:12:31 AM,777.00,32.1,48.4,21,36.5,518.95
6/8/2026,11:12:32 AM,778.00,32.2,48.4,21,36.5,350.89
6/8/2026,11:12:33 AM,779.00,32.1,48.5,21,36.5,530.59
6/8/2026,11:12:34 AM,780.00,32,48.5,21,36.5,588.41
6/8/2026,11:12:35 AM,781.00,32.2,48.5,21,36.5,591.25
6/8/2026,11:12:36 AM,782.00,32.2,48.5,21,36.5,526.42
6/8/2026,11:12:37 AM,783.00,32.3,48.5,21,36.5,502.11
6/8/2026,11:12:38 AM,784.00,32,48.5,21,36.5,507.78
6/8/2026,11:12:39 AM,785.00,32.3,48.5,21,36.5,541.36
6/8/2026,11:12:40 AM,786.00,32.1,48.5,21,36.5,369.7
6/8/2026,11:12:41 AM,787.00,32.2,48.6,21,36.5,161.07
6/8/2026,11:12:42 AM,788.00,32.3,48.6,21,36.5,158.69
6/8/2026,11:12:43 AM,789.00,32.2,48.5,21,36.5,155.45
6/8/2026,11:12:44 AM,790.00,32.1,48.4,21,36.5,164.56
6/8/2026,11:12:45 AM,791.00,32,48.3,21,36.5,157.78
6/8/2026,11:12:46 AM,792.00,32.2,48.4,21,36.5,177.34
6/8/2026,11:12:47 AM,793.00,31.9,48.4,21,36.5,358.21
6/8/2026,11:12:48 AM,794.00,32.1,48.5,21,36.5,301.54
6/8/2026,11:12:49 AM,795.00,32,48.6,21,36.5,334.28
6/8/2026,11:12:50 AM,796.00,32,48.6,21,36.5,575.62
6/8/2026,11:12:51 AM,797.00,32,48.6,21.1,36.6,562.11
6/8/2026,11:12:52 AM,798.00,32.1,48.6,21.1,36.6,581.89
6/8/2026,11:12:53 AM,799.00,32.1,48.6,21.1,36.6,549.12
6/8/2026,11:12:54 AM,800.00,32,48.6,21.1,36.6,494.97
6/8/2026,11:12:55 AM,801.00,32.2,48.6,21.1,36.6,536.8
6/8/2026,11:12:56 AM,802.00,32,48.7,21.1,36.6,537.11
6/8/2026,11:12:57 AM,803.00,32.1,48.7,21.1,36.6,566.22
6/8/2026,11:12:58 AM,804.00,32.2,48.6,21.1,36.6,604.41
6/8/2026,11:12:59 AM,805.00,32,48.6,21.1,36.6,581.7
6/8/2026,11:13:00 AM,806.00,32,48.6,21.1,36.6,584.86
6/8/2026,11:13:01 AM,807.00,32,48.6,21.1,36.6,602.86
6/8/2026,11:13:02 AM,808.00,32.1,48.6,21.1,36.6,614.44
6/8/2026,11:13:03 AM,809.00,32,48.6,21.1,36.6,596.36
6/8/2026,11:13:04 AM,810.00,32.1,48.6,21.1,36.6,542.23
6/8/2026,11:13:05 AM,811.00,32,48.6,21.1,36.6,533.73
6/8/2026,11:13:06 AM,812.00,32,48.5,21.1,36.6,559.89
6/8/2026,11:13:07 AM,813.00,32,48.6,21.1,36.6,569.28
6/8/2026,11:13:08 AM,814.00,32.1,48.6,21.1,36.6,624.87
6/8/2026,11:13:09 AM,815.00,32.2,48.6,21.1,36.7,639.2
6/8/2026,11:13:10 AM,816.00,32.2,48.6,21.1,36.7,631.37
6/8/2026,11:13:11 AM,817.00,32.2,48.6,21.1,36.6,647.7
6/8/2026,11:13:12 AM,818.00,32,48.6,21.1,36.7,538.19
6/8/2026,11:13:13 AM,819.00,32.1,48.6,21.1,36.7,578.22
6/8/2026,11:13:14 AM,820.00,32.3,48.6,21.1,36.7,577.5
6/8/2026,11:13:15 AM,821.00,32.2,48.6,21.1,36.7,575.94
6/8/2026,11:13:16 AM,822.00,32.3,48.6,21.1,36.7,543.7
6/8/2026,11:13:17 AM,823.00,32.3,48.6,21.1,36.7,452.12
6/8/2026,11:13:18 AM,824.00,32.3,48.6,21.1,36.7,380.69
6/8/2026,11:13:19 AM,825.00,32.3,48.6,21.1,36.7,620.58
6/8/2026,11:13:20 AM,826.00,32.3,48.6,21.1,36.7,626.44
6/8/2026,11:13:21 AM,827.00,32.3,48.6,21.1,36.7,577.14
6/8/2026,11:13:22 AM,828.00,32.3,48.6,21.1,36.7,402.43
6/8/2026,11:13:23 AM,829.00,32.1,48.6,21.1,36.7,575.78
6/8/2026,11:13:24 AM,830.00,32.2,48.6,21.1,36.7,533.87
6/8/2026,11:13:25 AM,831.00,32.3,48.6,21.1,36.7,528.09
6/8/2026,11:13:26 AM,832.00,32.5,48.6,21.1,36.7,530.06
6/8/2026,11:13:27 AM,833.00,32.4,48.6,21.1,36.7,543.75
6/8/2026,11:13:28 AM,834.00,32.2,48.7,21.1,36.7,360.6
6/8/2026,11:13:29 AM,835.00,32.5,48.7,21.2,36.8,576.58
6/8/2026,11:13:30 AM,836.00,32.3,48.7,21.2,36.8,606.44
6/8/2026,11:13:31 AM,837.00,32.4,48.7,21.2,36.8,592.17
6/8/2026,11:13:32 AM,838.00,32.4,48.7,21.2,36.8,545.92
6/8/2026,11:13:33 AM,839.00,32.6,48.7,21.2,36.8,362.11
6/8/2026,11:13:34 AM,840.00,32.4,48.8,21.2,36.8,595.26
6/8/2026,11:13:35 AM,841.00,32.4,48.8,21.2,36.8,513.09
6/8/2026,11:13:36 AM,842.00,32.3,48.8,21.2,36.8,500.62
6/8/2026,11:13:37 AM,843.00,32.6,48.8,21.2,36.8,382.7
6/8/2026,11:13:38 AM,844.00,32.6,48.8,21.2,36.9,491.84
6/8/2026,11:13:39 AM,845.00,32.4,48.8,21.2,36.9,368.1
6/8/2026,11:13:40 AM,846.00,32.5,48.8,21.2,36.8,553.67
6/8/2026,11:13:41 AM,847.00,32.5,48.8,21.2,36.9,327.72
6/8/2026,11:13:42 AM,848.00,32.4,48.8,21.2,36.9,517.72
6/8/2026,11:13:43 AM,849.00,32.7,48.8,21.2,36.9,500.58
6/8/2026,11:13:44 AM,850.00,32.7,48.8,21.2,36.9,344.63
6/8/2026,11:13:45 AM,851.00,32.8,48.9,21.3,36.9,336.96
6/8/2026,11:13:46 AM,852.00,32.7,48.9,21.3,36.9,490.5
6/8/2026,11:13:47 AM,853.00,32.8,48.9,21.3,36.9,476.47
6/8/2026,11:13:48 AM,854.00,32.6,48.8,21.3,36.9,479.11
6/8/2026,11:13:49 AM,855.00,32.9,48.8,21.3,36.9,350.11
6/8/2026,11:13:50 AM,856.00,32.7,48.5,21.1,36.8,334.76
6/8/2026,11:13:51 AM,857.00,32.5,48.2,21.1,36.7,504.06
6/8/2026,11:13:52 AM,858.00,32.7,48.2,21.1,36.8,339.3
6/8/2026,11:13:53 AM,859.00,32.6,48.2,21.1,36.8,242.45
6/8/2026,11:13:54 AM,860.00,32.6,48.2,21.1,36.8,208.04
6/8/2026,11:13:55 AM,861.00,32.6,48.3,21.1,36.8,251.56
6/8/2026,11:13:56 AM,862.00,32.6,48.3,21.1,36.8,311.28
6/8/2026,11:13:57 AM,863.00,32.6,48.3,21.1,36.8,185.18
6/8/2026,11:13:58 AM,864.00,32.6,48.4,21.1,36.8,234.19
6/8/2026,11:13:59 AM,865.00,32.7,48.3,21.1,36.8,55.98
6/8/2026,11:14:00 AM,866.00,32.6,48.3,21.1,36.8,34.07
6/8/2026,11:14:01 AM,867.00,32.7,48.3,21.1,36.8,31.65
6/8/2026,11:14:02 AM,868.00,32.8,48.4,21.1,36.8,43.03
6/8/2026,11:14:03 AM,869.00,32.7,48.4,21.1,36.8,49.88
6/8/2026,11:14:04 AM,870.00,32.6,48.5,21.2,36.9,26.57
6/8/2026,11:14:05 AM,871.00,32.9,48.5,21.2,36.9,27.2
6/8/2026,11:14:06 AM,872.00,32.5,48.5,21.2,36.9,25.71
6/8/2026,11:14:07 AM,873.00,32.6,48.5,21.2,36.9,25.56
6/8/2026,11:14:08 AM,874.00,32.6,48.5,21.2,36.8,28.55
6/8/2026,11:14:09 AM,875.00,32.6,48.4,21.1,36.9,28.44
6/8/2026,11:14:10 AM,876.00,32.6,48.4,21.1,36.8,29.93
6/8/2026,11:14:11 AM,877.00,32.5,48.3,21.1,36.8,31.46
6/8/2026,11:14:12 AM,878.00,32.6,48.3,21.1,36.8,25.56
6/8/2026,11:14:13 AM,879.00,32.5,48.3,21.1,36.8,30.3
6/8/2026,11:14:14 AM,880.00,32.7,48.3,21.1,36.8,33.06
6/8/2026,11:14:15 AM,881.00,32.6,48.3,21.1,36.8,50.3
6/8/2026,11:14:16 AM,882.00,32.5,48.3,21.1,36.8,19.42
6/8/2026,11:14:17 AM,883.00,32.4,48.3,21.1,36.8,29.61
6/8/2026,11:14:18 AM,884.00,32.4,48.3,21.1,36.8,23.22
6/8/2026,11:14:19 AM,885.00,32.5,48.3,21.1,36.8,24.67
6/8/2026,11:14:20 AM,886.00,32.5,48.4,21.1,36.8,24.76
6/8/2026,11:14:21 AM,887.00,32.7,48.3,21.1,36.8,24.61
6/8/2026,11:14:22 AM,888.00,32.5,48.2,21,36.7,26.29
6/8/2026,11:14:23 AM,889.00,32.5,48.2,21.1,36.8,25.98
6/8/2026,11:14:24 AM,890.00,32.5,48.3,21.1,36.8,25.46
6/8/2026,11:14:25 AM,891.00,32.6,48.3,21.1,36.8,25.44
6/8/2026,11:14:26 AM,892.00,32.5,48.3,21.1,36.8,30.22
6/8/2026,11:14:27 AM,893.00,32.4,48.3,21.1,36.8,26.39
6/8/2026,11:14:28 AM,894.00,32.4,48.4,21.1,36.8,28.58
6/8/2026,11:14:29 AM,895.00,32.5,48.4,21.1,36.8,29.11
6/8/2026,11:14:30 AM,896.00,32.7,48.5,21.2,36.9,26.99
6/8/2026,11:14:31 AM,897.00,32.6,48.5,21.2,36.9,27.66
6/8/2026,11:14:32 AM,898.00,32.4,48.6,21.2,36.9,28.66
6/8/2026,11:14:33 AM,899.00,32.6,48.6,21.2,36.9,26.9
6/8/2026,11:14:34 AM,900.00,32.7,48.6,21.2,36.9,26.17
6/8/2026,11:14:35 AM,901.00,32.4,48.6,21.2,36.9,26.89
6/8/2026,11:14:36 AM,902.00,32.3,48.6,21.2,36.9,29.77